0.024792,0.037034,0.048615,0.059906,0.071722,0.08333,0.094851,0.10627,0.11745,0.12846,0.14011,0.15244,0.16379,0.17537,0.18657,0.19762,0.20876,0.21973,0.2308,0.24254,0.25416,0.26531,0.27647,0.28758,0.29852,0.30965,0.32053,0.33184,0.34492,0.35717,0.36875,0.37968,0.39083,0.40217,0.41318,0.42449,0.43879,0.45238,0.4652,0.47714,0.48866,0.50011,0.5113,0.52243,0.5347,0.5463,0.55851,0.57035,0.58125,0.5922,0.6031,0.61462,0.62611,0.63777,0.64894,0.65969,0.67056,0.682,0.6944,0.70637,0.7183,0.73185,0.74381,0.75628,0.76863,0.7802,0.79185,0.80278,0.81339,0.82387,0.83691,0.84994,0.86194,0.87463,0.88653,0.89804,0.9094,0.92055,0.93348,0.94527,0.95744,0.96858,0.97917,0.98997,1.0007,1.0114,1.022,1.0341,1.0453,1.0565,1.0673,1.078,1.0888,1.0996,1.1115,1.1224,1.134,1.1453,1.1569,1.1679,1.1784,1.1889,1.1995,1.21,1.2205,1.2321,1.2432,1.254,1.2648,1.2755,1.2859,1.2965,1.3075,1.3181,1.3294,1.3412,1.3529,1.3638,1.3743,1.385,1.3956,1.4073,1.4194,1.4335,1.4459,1.4588,1.471,1.4836,1.4956,1.5074,1.5195,1.5335,1.546,1.5592,1.5717,1.5843,1.597,1.6093,1.6222,1.6365,1.65,1.6626,1.6749,1.6875,1.7001,1.7133,1.7269,1.7397,1.7522,1.7644,1.7761,1.7884,1.8006,1.8128,1.8267,1.8396,1.8518,1.8632,1.8741,1.8851,1.8959,1.9074,1.9191,1.9303,1.9417,1.953,1.9646,1.9765,1.9876,1.9988,2.0098,2.0209,2.0321,2.0431,2.054,2.0644,2.0748,2.0854,2.0962,2.1073,2.1187,2.1298,2.1413,2.1531,2.1639,2.1745,2.1851,2.1958,2.2064,2.2171,2.2281,2.2391,2.2504,2.261,2.2715,2.282,2.2926,2.3032,2.3139,2.3251,2.3362,2.3472,2.3582,2.3686,2.379,2.3895,2.4002,2.4109,2.4226,2.4341,2.4453,2.4561,2.4668,2.4773,2.488,2.4987,2.5093,2.521,2.5324,2.5435,2.5546,2.5651,2.5755,2.5863,2.5971,2.6078,2.6195,2.6312,2.6426,2.6535,2.6641,2.6745,2.685,2.6955,2.7062,2.7179,2.7291,2.7402,2.7513,2.7619,2.7723,2.7829,2.7935,2.8041,2.8157,2.827,2.8382,2.8492,2.8599,2.8718,2.8838,2.8962,2.9102,2.9235,2.9372,2.9503,2.9625,2.9746,2.9861,2.9973,3.0097,3.0219,3.0343,3.0463,3.0574,3.0679,3.0785,3.0893,3.0999,3.1107,3.1212,3.1319,3.1432,3.1548,3.166,3.177,3.1878,3.1986,3.2094,3.22,3.2307,3.2422,3.2538,3.2648,3.2758,3.2864,3.2967,3.3076,3.318,3.3289,3.3402,3.3517,3.3627,3.3739,3.3846,3.3952,3.4062,3.4167,3.4274,3.4386,3.4502,3.4612,3.4724,3.4832,3.494,3.505,3.5155,3.5261,3.5374,3.5486,3.5596,3.5707,3.5814,3.5923,3.6032,3.6138,3.6244,3.636,3.6471,3.6585,3.6696,3.6804,3.6913,3.7022,3.713,3.7236,3.7349,3.7462,3.7575,3.7686,3.7794,3.7902,3.802,3.8145,3.8274,3.8403,3.8534,3.8662,3.8783,3.8903,3.9021,3.9135,3.925,3.9366,3.9479,3.9591,3.9703,3.9812,3.992,4.0031,4.015,4.0263,4.0376,4.0488,4.0596,4.0704,4.0811,4.0918,4.1025,4.114,4.1249,4.1366,4.1477,4.1591,4.1702,4.1811,4.1917,4.2027,4.2135,4.2242,4.2365,4.2477,4.2589,4.2696,4.2801,4.2907,4.3015,4.3122,4.3229,4.3348,4.3461,4.3571,4.368,4.3786,4.3893,4.4001,4.4109,4.4216,4.4336,4.4445,4.4554,4.4662,4.4767,4.4872,4.498,4.5088,4.5194,4.531,4.5421,4.5533,4.5643,4.575,4.5855,4.5963,4.6072,4.6177,4.6295,4.641,4.652,4.6628,4.6737,4.6842,4.695,4.7057,4.7163,4.7274,4.7386,4.7496,4.7606,4.7712,4.7818,4.7924,4.8032,4.8139,4.8251,4.8365,4.8475,4.8585,4.8692,4.8797,4.8904,4.901,4.9117,4.923,4.9343,4.9454,4.9565,4.9673,4.9778,4.9883,4.9989,5.0097
-2.9144,-2.9134,-2.9134,-2.9134,-2.9124,-2.9124,-2.9113,-2.9113,-2.9113,-2.9113,-2.9099,-2.9099,-2.9087,-2.9087,-2.9087,-2.9054,-2.9054,-2.9054,-2.9,-2.9,-2.9,-2.8896,-2.8896,-2.8896,-2.877,-2.877,-2.877,-2.8605,-2.8605,-2.8605,-2.8323,-2.8323,-2.8323,-2.8014,-2.8014,-2.8014,-2.7715,-2.7715,-2.7715,-2.738,-2.738,-2.7013,-2.7013,-2.7013,-2.7013,-2.6479,-2.6479,-2.6046,-2.6046,-2.6046,-2.5593,-2.5593,-2.5593,-2.5115,-2.5115,-2.4614,-2.4614,-2.4614,-2.3921,-2.3921,-2.3921,-2.3921,-2.3379,-2.3379,-2.2833,-2.2833,-2.2833,-2.2086,-2.2086,-2.2086,-2.1517,-2.1517,-2.1517,-2.0944,-2.0944,-2.0173,-2.0173,-2.0173,-2.0173,-1.9597,-1.9597,-1.9022,-1.9022,-1.9022,-1.8262,-1.8262,-1.8262,-1.77,-1.77,-1.77,-1.7143,-1.7143,-1.7143,-1.6601,-1.6601,-1.6601,-1.5891,-1.5891,-1.5891,-1.5456,-1.5456,-1.5456,-1.4796,-1.4796,-1.4796,-1.4323,-1.4323,-1.4323,-1.4323,-1.3871,-1.3871,-1.3444,-1.3444,-1.3444,-1.3444,-1.2909,-1.2909,-1.2533,-1.2533,-1.2533,-1.2178,-1.2178,-1.2178,-1.2178,-1.1747,-1.1747,-1.1448,-1.1448,-1.1176,-1.1176,-1.1176,-1.0926,-1.0926,-1.0926,-1.0627,-1.0627,-1.0627,-1.0408,-1.0408,-1.0408,-1.022,-1.0121,-1.0121,-1.0121,-0.99515,-0.99515,-0.99515,-0.98491,-0.98491,-0.97629,-0.97629,-0.97629,-0.96727,-0.96727,-0.96727,-0.96231,-0.96231,-0.9586,-0.9586,-0.9586,-0.95629,-0.95629,-0.95629,-0.95512,-0.95512,-0.95512,-0.95776,-0.95776,-0.95776,-0.95937,-0.95937,-0.95937,-0.95937,-0.96169,-0.96169,-0.96476,-0.96476,-0.96476,-0.96963,-0.96963,-0.96963,-0.97365,-0.97365,-0.97365,-0.97782,-0.97782,-0.97782,-0.97782,-0.98348,-0.98348,-0.98783,-0.98783,-0.98783,-0.99204,-0.99204,-0.99204,-0.99204,-0.99746,-0.99746,-0.99746,-1.0012,-1.0012,-1.0012,-1.0046,-1.0046,-1.0046,-1.0076,-1.0076,-1.0076,-1.0076,-1.0107,-1.0107,-1.0125,-1.0125,-1.0125,-1.0144,-1.0144,-1.0144,-1.0144,-1.0152,-1.0152,-1.0149,-1.0149,-1.0149,-1.0138,-1.0138,-1.0138,-1.0138,-1.0119,-1.0119,-1.0094,-1.0094,-1.0094,-1.0064,-1.0064,-1.0064,-1.0064,-1.0012,-1.0012,-0.99665,-0.99665,-0.99665,-0.99159,-0.99159,-0.99159,-0.99159,-0.984,-0.984,-0.97768,-0.97768,-0.97768,-0.9708,-0.9708,-0.9708,-0.96102,-0.96102,-0.96102,-0.95342,-0.95342,-0.95342,-0.94592,-0.94592,-0.93794,-0.93794,-0.93794,-0.92959,-0.92959,-0.92959,-0.91777,-0.91777,-0.91777,-0.90874,-0.90874,-0.90874,-0.89949,-0.89949,-0.89949,-0.88709,-0.88709,-0.88709,-0.88709,-0.87777,-0.87777,-0.86838,-0.86838,-0.86838,-0.8591,-0.8591,-0.8591,-0.84672,-0.84672,-0.84672,-0.8375,-0.8375,-0.8375,-0.8375,-0.82839,-0.82839,-0.82839,-0.81672,-0.81672,-0.81672,-0.80507,-0.80507,-0.80507,-0.7966,-0.7966,-0.7966,-0.78848,-0.78848,-0.78069,-0.78069,-0.78069,-0.78069,-0.77099,-0.77099,-0.77099,-0.76425,-0.76425,-0.76425,-0.75792,-0.75792,-0.75792,-0.75194,-0.75194,-0.75194,-0.74454,-0.74454,-0.74454,-0.73944,-0.73944,-0.73944,-0.73474,-0.73474,-0.73474,-0.72917,-0.72917,-0.72549,-0.72549,-0.72549,-0.72233,-0.72233,-0.72233,-0.71879,-0.71879,-0.71879,-0.71626,-0.71626,-0.71626,-0.71363,-0.71363,-0.71363,-0.71233,-0.71233,-0.71233,-0.71132,-0.71132,-0.71132,-0.7111,-0.7111,-0.7111,-0.71135,-0.71135,-0.71135,-0.71175,-0.71175,-0.71175,-0.71287,-0.71287,-0.71287,-0.71499,-0.71499,-0.71499,-0.71702,-0.71702,-0.71702,-0.71942,-0.71942,-0.71942,-0.72319,-0.72319,-0.72319,-0.72634,-0.72634,-0.72634,-0.72975,-0.72975,-0.72975,-0.73338,-0.73338,-0.73338,-0.73725,-0.73725,-0.73725,-0.74281,-0.74281,-0.74281,-0.74715,-0.74715,-0.74715,-0.75164,-0.75164,-0.75164,-0.75164,-0.75781,-0.75781,-0.75781,-0.7626,-0.7626,-0.76751,-0.76751,-0.76751,-0.7724,-0.7724,-0.7724,-0.7724,-0.77907,-0.77907,-0.77907,-0.78405,-0.78405,-0.78405,-0.7891,-0.7891,-0.7891,-0.7948,-0.7948,-0.7948,-0.80145,-0.80145,-0.80145,-0.80638,-0.80638,-0.80638,-0.81122,-0.81122,-0.81122,-0.81603,-0.81603,-0.81603,-0.82235,-0.82235
-0.61537,-0.61535,-0.61535,-0.61535,-0.61528,-0.61528,-0.61517,-0.61517,-0.61517,-0.61517,-0.61513,-0.61513,-0.61486,-0.61486,-0.61486,-0.61338,-0.61338,-0.61338,-0.61048,-0.61048,-0.61048,-0.60536,-0.60536,-0.60536,-0.59913,-0.59913,-0.59913,-0.59108,-0.59108,-0.59108,-0.57744,-0.57744,-0.57744,-0.56252,-0.56252,-0.56252,-0.54786,-0.54786,-0.54786,-0.53139,-0.53139,-0.51327,-0.51327,-0.51327,-0.51327,-0.48684,-0.48684,-0.46531,-0.46531,-0.46531,-0.44271,-0.44271,-0.44271,-0.41885,-0.41885,-0.39385,-0.39385,-0.39385,-0.35942,-0.35942,-0.35942,-0.35942,-0.33261,-0.33261,-0.30563,-0.30563,-0.30563,-0.26872,-0.26872,-0.26872,-0.24063,-0.24063,-0.24063,-0.21237,-0.21237,-0.17452,-0.17452,-0.17452,-0.17452,-0.14627,-0.14627,-0.11814,-0.11814,-0.11814,-0.080977,-0.080977,-0.080977,-0.053531,-0.053531,-0.053531,-0.026364,-0.026364,-0.026364,6.2169e-05,6.2169e-05,6.2169e-05,0.034664,0.034664,0.034664,0.055885,0.055885,0.055885,0.088095,0.088095,0.088095,0.11122,0.11122,0.11122,0.11122,0.13328,0.13328,0.15415,0.15415,0.15415,0.15415,0.18031,0.18031,0.19865,0.19865,0.19865,0.21598,0.21598,0.21598,0.21598,0.23696,0.23696,0.25147,0.25147,0.26459,0.26459,0.26459,0.27655,0.27655,0.27655,0.29079,0.29079,0.29079,0.3011,0.3011,0.3011,0.30974,0.31428,0.31428,0.31428,0.32193,0.32193,0.32193,0.32636,0.32636,0.32994,0.32994,0.32994,0.33344,0.33344,0.33344,0.33513,0.33513,0.33622,0.33622,0.33622,0.33657,0.33657,0.33657,0.33604,0.33604,0.33604,0.33356,0.33356,0.33356,0.33182,0.33182,0.33182,0.33182,0.3297,0.3297,0.32709,0.32709,0.32709,0.32313,0.32313,0.32313,0.3199,0.3199,0.3199,0.31658,0.31658,0.31658,0.31658,0.31201,0.31201,0.3085,0.3085,0.3085,0.30498,0.30498,0.30498,0.30498,0.30039,0.30039,0.30039,0.29711,0.29711,0.29711,0.29401,0.29401,0.29401,0.2911,0.2911,0.2911,0.2911,0.28755,0.28755,0.28517,0.28517,0.28517,0.28226,0.28226,0.28226,0.28226,0.27991,0.27991,0.2787,0.2787,0.2787,0.27785,0.27785,0.27785,0.27785,0.27714,0.27714,0.27713,0.27713,0.27713,0.27753,0.27753,0.27753,0.27753,0.27875,0.27875,0.2801,0.2801,0.2801,0.28178,0.28178,0.28178,0.28178,0.28455,0.28455,0.28698,0.28698,0.28698,0.28971,0.28971,0.28971,0.29384,0.29384,0.29384,0.29723,0.29723,0.29723,0.30076,0.30076,0.30464,0.30464,0.30464,0.3088,0.3088,0.3088,0.31477,0.31477,0.31477,0.3194,0.3194,0.3194,0.32423,0.32423,0.32423,0.33089,0.33089,0.33089,0.33089,0.33607,0.33607,0.34142,0.34142,0.34142,0.34682,0.34682,0.34682,0.35415,0.35415,0.35415,0.35969,0.35969,0.35969,0.35969,0.36522,0.36522,0.36522,0.37219,0.37219,0.37219,0.3794,0.3794,0.3794,0.38466,0.38466,0.38466,0.38977,0.38977,0.39478,0.39478,0.39478,0.39478,0.40116,0.40116,0.40116,0.40572,0.40572,0.40572,0.4101,0.4101,0.4101,0.41432,0.41432,0.41432,0.41961,0.41961,0.41961,0.42332,0.42332,0.42332,0.42678,0.42678,0.42678,0.43099,0.43099,0.43377,0.43377,0.43377,0.43631,0.43631,0.43631,0.43927,0.43927,0.43927,0.44116,0.44116,0.44116,0.44335,0.44335,0.44335,0.44467,0.44467,0.44467,0.44601,0.44601,0.44601,0.44673,0.44673,0.44673,0.4472,0.4472,0.4472,0.44759,0.44759,0.44759,0.44754,0.44754,0.44754,0.4471,0.4471,0.4471,0.44648,0.44648,0.44648,0.44571,0.44571,0.44571,0.44438,0.44438,0.44438,0.44318,0.44318,0.44318,0.44183,0.44183,0.44183,0.44028,0.44028,0.44028,0.43856,0.43856,0.43856,0.4361,0.4361,0.4361,0.43414,0.43414,0.43414,0.43206,0.43206,0.43206,0.43206,0.42914,0.42914,0.42914,0.42688,0.42688,0.42457,0.42457,0.42457,0.42225,0.42225,0.42225,0.42225,0.41907,0.41907,0.41907,0.41671,0.41671,0.41671,0.41436,0.41436,0.41436,0.41162,0.41162,0.41162,0.4085,0.4085,0.4085,0.40617,0.40617,0.40617,0.40387,0.40387,0.40387,0.40165,0.40165,0.40165,0.39876,0.39876
0.64362,0.64503,0.64503,0.64503,0.64627,0.64627,0.64748,0.64748,0.64748,0.64748,0.64956,0.64956,0.65301,0.65301,0.65301,0.65874,0.65874,0.65874,0.66308,0.66308,0.66308,0.66713,0.66713,0.66713,0.669,0.669,0.669,0.67008,0.67008,0.67008,0.67144,0.67144,0.67144,0.67356,0.67356,0.67356,0.67535,0.67535,0.67535,0.67698,0.67698,0.67826,0.67826,0.67826,0.67826,0.67955,0.67955,0.6805,0.6805,0.6805,0.68158,0.68158,0.68158,0.6827,0.6827,0.68364,0.68364,0.68364,0.68452,0.68452,0.68452,0.68452,0.68498,0.68498,0.68549,0.68549,0.68549,0.68633,0.68633,0.68633,0.68706,0.68706,0.68706,0.68768,0.68768,0.6882,0.6882,0.6882,0.6882,0.68842,0.68842,0.68869,0.68869,0.68869,0.68927,0.68927,0.68927,0.68954,0.68954,0.68954,0.68961,0.68961,0.68961,0.6896,0.6896,0.6896,0.68958,0.68958,0.68958,0.68978,0.68978,0.68978,0.68985,0.68985,0.68985,0.68994,0.68994,0.68994,0.68994,0.68985,0.68985,0.68978,0.68978,0.68978,0.68978,0.6897,0.6897,0.68955,0.68955,0.68955,0.68927,0.68927,0.68927,0.68927,0.68871,0.68871,0.68837,0.68837,0.68791,0.68791,0.68791,0.68729,0.68729,0.68729,0.68626,0.68626,0.68626,0.68518,0.68518,0.68518,0.68402,0.68334,0.68334,0.68334,0.6821,0.6821,0.6821,0.68108,0.68108,0.6798,0.6798,0.6798,0.6779,0.6779,0.6779,0.67655,0.67655,0.67522,0.67522,0.67522,0.67379,0.67379,0.67379,0.67171,0.67171,0.67171,0.66993,0.66993,0.66993,0.66859,0.66859,0.66859,0.66859,0.66718,0.66718,0.66562,0.66562,0.66562,0.66338,0.66338,0.66338,0.66184,0.66184,0.66184,0.66042,0.66042,0.66042,0.66042,0.65859,0.65859,0.65724,0.65724,0.65724,0.65594,0.65594,0.65594,0.65594,0.65427,0.65427,0.65427,0.6532,0.6532,0.6532,0.65227,0.65227,0.65227,0.65143,0.65143,0.65143,0.65143,0.65022,0.65022,0.64914,0.64914,0.64914,0.64789,0.64789,0.64789,0.64789,0.64693,0.64693,0.64643,0.64643,0.64643,0.64609,0.64609,0.64609,0.64609,0.64559,0.64559,0.64501,0.64501,0.64501,0.64445,0.64445,0.64445,0.64445,0.64389,0.64389,0.64368,0.64368,0.64368,0.6436,0.6436,0.6436,0.6436,0.64338,0.64338,0.64305,0.64305,0.64305,0.6427,0.6427,0.6427,0.64232,0.64232,0.64232,0.64218,0.64218,0.64218,0.64222,0.64222,0.64239,0.64239,0.64239,0.64255,0.64255,0.64255,0.64251,0.64251,0.64251,0.64237,0.64237,0.64237,0.6422,0.6422,0.6422,0.64215,0.64215,0.64215,0.64215,0.64235,0.64235,0.64275,0.64275,0.64275,0.64326,0.64326,0.64326,0.64403,0.64403,0.64403,0.64458,0.64458,0.64458,0.64458,0.6451,0.6451,0.6451,0.6458,0.6458,0.6458,0.64646,0.64646,0.64646,0.64691,0.64691,0.64691,0.64729,0.64729,0.64772,0.64772,0.64772,0.64772,0.64843,0.64843,0.64843,0.64917,0.64917,0.64917,0.64996,0.64996,0.64996,0.65084,0.65084,0.65084,0.65193,0.65193,0.65193,0.65259,0.65259,0.65259,0.65309,0.65309,0.65309,0.65361,0.65361,0.65398,0.65398,0.65398,0.65443,0.65443,0.65443,0.65535,0.65535,0.65535,0.65624,0.65624,0.65624,0.65732,0.65732,0.65732,0.65787,0.65787,0.65787,0.65837,0.65837,0.65837,0.6588,0.6588,0.6588,0.65941,0.65941,0.65941,0.66046,0.66046,0.66046,0.66118,0.66118,0.66118,0.66184,0.66184,0.66184,0.66215,0.66215,0.66215,0.66247,0.66247,0.66247,0.66323,0.66323,0.66323,0.66391,0.66391,0.66391,0.66451,0.66451,0.66451,0.66495,0.66495,0.66495,0.6653,0.6653,0.6653,0.66587,0.66587,0.66587,0.66636,0.66636,0.66636,0.66679,0.66679,0.66679,0.66679,0.66731,0.66731,0.66731,0.66775,0.66775,0.66832,0.66832,0.66832,0.66886,0.66886,0.66886,0.66886,0.66937,0.66937,0.66937,0.66973,0.66973,0.66973,0.67016,0.67016,0.67016,0.67087,0.67087,0.67087,0.67117,0.67117,0.67117,0.67129,0.67129,0.67129,0.67142,0.67142,0.67142,0.67164,0.67164,0.67164,0.67208,0.67208
0,0,0,0,0,0,0,0,0,0,0,0,0,0,0,0,0,0,0,0,0,0,0,0,0,0,0,0,0,0,0,0,0,0,0,0,0,0,0,0,0,0,0,0,0,0,0,0,0,0,0,0,0,0,0,0,0,0,0,0,0,0,0,0,0,0,0,0,0,0,0,0,0,0,0,0,0,0,0,0,0,0,0,0,0,0,0,0,0,0,0,0,0,0,0,0,0,0,0,0,0,0,0,0,0,0,0,0,0,0,0,0,0,0,0,0,0,0,0,0,0,0,0,0,0,0,0,0,0,0,0,0,0,0,0,0,0,0,0,0,0,0,0,0,0,0,0,0,0,0,0,0,0,0,0,0,0,0,0,0,0,0,0,0,0,0,0,0,0,0,0,0,0,0,0,0,0,0,0,0,0,0,0,0,0,0,0,0,0,0,0,0,0,0,0,0,0,0,0,0,0,0,0,0,0,0,0,0,0,0,0,0,0,0,0,0,0,0,0,0,0,0,0,0,0,0,0,0,0,0,0,0,0,0,0,0,0,0,0,0,0,0,0,0,0,0,0,0,0,0,0,0,0,0,0,0,0,0,0,0,0,0,0,0,0,0,0,0,0,0,0,0,0,0,0,0,0,0,0,0,0,0,0,0,0,0,0,0,0,0,0,0,0,0,0,0,0,0,0,0,0,0,0,0,0,0,0,0,0,0,0,0,0,0,0,0,0,0,0,0,0,0,0,0,0,0,0,0,0,0,0,0,0,0,0,0,0,0,0,0,0,0,0,0,0,0,0,0,0,0,0,0,0,0,0,0,0,0,0,0,0,0,0,0,0,0,0,0,0,0,0,0,0,0,0,0,0,0,0,0,0,0,0,0,0,0,0,0,0,0,0,0,0,0,0,0,0,0,0,0,0,0,0,0,0,0,0,0,0,0,0,0,0,0,0,0,0,0,0,0,0,0,0,0,0,0,0,0,0,0,0,0,0,0,0,0,0,0,0,0,0,0
0,0,0,0,0,0,0,0,0,0,0,0,0,0,0,0,0,0,0,0,0,0,0,0,0,0,0,0,0,0,0,0,0,0,0,0,0,0,0,0,0,0,0,0,0,0,0,0,0,0,0,0,0,0,0,0,0,0,0,0,0,0,0,0,0,0,0,0,0,0,0,0,0,0,0,0,0,0,0,0,0,0,0,0,0,0,0,0,0,0,0,0,0,0,0,0,0,0,0,0,0,0,0,0,0,0,0,0,0,0,0,0,0,0,0,0,0,0,0,0,0,0,0,0,0,0,0,0,0,0,0,0,0,0,0,0,0,0,0,0,0,0,0,0,0,0,0,0,0,0,0,0,0,0,0,0,0,0,0,0,0,0,0,0,0,0,0,0,0,0,0,0,0,0,0,0,0,0,0,0,0,0,0,0,0,0,0,0,0,0,0,0,0,0,0,0,0,0,0,0,0,0,0,0,0,0,0,0,0,0,0,0,0,0,0,0,0,0,0,0,0,0,0,0,0,0,0,0,0,0,0,0,0,0,0,0,0,0,0,0,0,0,0,0,0,0,0,0,0,0,0,0,0,0,0,0,0,0,0,0,0,0,0,0,0,0,0,0,0,0,0,0,0,0,0,0,0,0,0,0,0,0,0,0,0,0,0,0,0,0,0,0,0,0,0,0,0,0,0,0,0,0,0,0,0,0,0,0,0,0,0,0,0,0,0,0,0,0,0,0,0,0,0,0,0,0,0,0,0,0,0,0,0,0,0,0,0,0,0,0,0,0,0,0,0,0,0,0,0,0,0,0,0,0,0,0,0,0,0,0,0,0,0,0,0,0,0,0,0,0,0,0,0,0,0,0,0,0,0,0,0,0,0,0,0,0,0,0,0,0,0,0,0,0,0,0,0,0,0,0,0,0,0,0,0,0,0,0,0,0,0,0,0,0,0,0,0,0,0,0,0,0,0,0,0,0,0,0,0,0,0,0,0,0,0,0,0,0,0,0,0,0
0,0,0,0,0,0,0,0,0,0,0,0,0,0,0,0,0,0,0,0,0,0,0,0,0,0,0,0,0,0,0,0,0,0,0,0,0,0,0,0,0,0,0,0,0,0,0,0,0,0,0,0,0,0,0,0,0,0,0,0,0,0,0,0,0,0,0,0,0,0,0,0,0,0,0,0,0,0,0,0,0,0,0,0,0,0,0,0,0,0,0,0,0,0,0,0,0,0,0,0,0,0,0,0,0,0,0,0,0,0,0,0,0,0,0,0,0,0,0,0,0,0,0,0,0,0,0,0,0,0,0,0,0,0,0,0,0,0,0,0,0,0,0,0,0,0,0,0,0,0,0,0,0,0,0,0,0,0,0,0,0,0,0,0,0,0,0,0,0,0,0,0,0,0,0,0,0,0,0,0,0,0,0,0,0,0,0,0,0,0,0,0,0,0,0,0,0,0,0,0,0,0,0,0,0,0,0,0,0,0,0,0,0,0,0,0,0,0,0,0,0,0,0,0,0,0,0,0,0,0,0,0,0,0,0,0,0,0,0,0,0,0,0,0,0,0,0,0,0,0,0,0,0,0,0,0,0,0,0,0,0,0,0,0,0,0,0,0,0,0,0,0,0,0,0,0,0,0,0,0,0,0,0,0,0,0,0,0,0,0,0,0,0,0,0,0,0,0,0,0,0,0,0,0,0,0,0,0,0,0,0,0,0,0,0,0,0,0,0,0,0,0,0,0,0,0,0,0,0,0,0,0,0,0,0,0,0,0,0,0,0,0,0,0,0,0,0,0,0,0,0,0,0,0,0,0,0,0,0,0,0,0,0,0,0,0,0,0,0,0,0,0,0,0,0,0,0,0,0,0,0,0,0,0,0,0,0,0,0,0,0,0,0,0,0,0,0,0,0,0,0,0,0,0,0,0,0,0,0,0,0,0,0,0,0,0,0,0,0,0,0,0,0,0,0,0,0,0,0,0,0,0,0,0,0,0,0,0,0,0,0,0
-0.99997,-0.99997,-0.99997,-0.99997,-0.99997,-0.99997,-0.99997,-0.99997,-0.99997,-0.99997,-0.99998,-0.99998,-0.99908,-0.99908,-0.99908,-0.99248,-0.99248,-0.99248,-0.98759,-0.98759,-0.98759,-0.9787,-0.9787,-0.9787,-0.97438,-0.97438,-0.97438,-0.97392,-0.97392,-0.97392,-0.97569,-0.97569,-0.97569,-0.97917,-0.97917,-0.97917,-0.97996,-0.97996,-0.97996,-0.98321,-0.98321,-0.98537,-0.98537,-0.98537,-0.98537,-0.98646,-0.98646,-0.98847,-0.98847,-0.98847,-0.99023,-0.99023,-0.99023,-0.99107,-0.99107,-0.9928,-0.9928,-0.9928,-0.99437,-0.99437,-0.99437,-0.99437,-0.99507,-0.99507,-0.99622,-0.99622,-0.99622,-0.99704,-0.99704,-0.99704,-0.99745,-0.99745,-0.99745,-0.99814,-0.99814,-0.99878,-0.99878,-0.99878,-0.99878,-0.99904,-0.99904,-0.99943,-0.99943,-0.99943,-0.99972,-0.99972,-0.99972,-0.99979,-0.99979,-0.99979,-0.99993,-0.99993,-0.99993,-0.99998,-0.99998,-0.99998,-1,-1,-1,-0.99997,-0.99997,-0.99997,-0.9999,-0.9999,-0.9999,-0.99986,-0.99986,-0.99986,-0.99986,-0.99972,-0.99972,-0.99962,-0.99962,-0.99962,-0.99962,-0.99956,-0.99956,-0.99948,-0.99948,-0.99948,-0.99941,-0.99941,-0.99941,-0.99941,-0.99937,-0.99937,-0.99935,-0.99935,-0.99932,-0.99932,-0.99932,-0.99932,-0.99932,-0.99932,-0.99936,-0.99936,-0.99936,-0.99939,-0.99939,-0.99939,-0.9994,-0.99943,-0.99943,-0.99943,-0.99947,-0.99947,-0.99947,-0.99949,-0.99949,-0.99955,-0.99955,-0.99955,-0.99962,-0.99962,-0.99962,-0.99965,-0.99965,-0.99971,-0.99971,-0.99971,-0.99976,-0.99976,-0.99976,-0.99978,-0.99978,-0.99978,-0.99983,-0.99983,-0.99983,-0.9999,-0.9999,-0.9999,-0.9999,-0.99993,-0.99993,-0.99996,-0.99996,-0.99996,-0.99998,-0.99998,-0.99998,-0.99999,-0.99999,-0.99999,-1,-1,-1,-1,-1,-1,-1,-1,-1,-0.99998,-0.99998,-0.99998,-0.99998,-0.99997,-0.99997,-0.99997,-0.99995,-0.99995,-0.99995,-0.99993,-0.99993,-0.99993,-0.99991,-0.99991,-0.99991,-0.99991,-0.9999,-0.9999,-0.9999,-0.9999,-0.9999,-0.99989,-0.99989,-0.99989,-0.99989,-0.99989,-0.99989,-0.99988,-0.99988,-0.99988,-0.99986,-0.99986,-0.99986,-0.99986,-0.99986,-0.99986,-0.99987,-0.99987,-0.99987,-0.99986,-0.99986,-0.99986,-0.99986,-0.99986,-0.99986,-0.99986,-0.99986,-0.99986,-0.99988,-0.99988,-0.99988,-0.99988,-0.99989,-0.99989,-0.99992,-0.99992,-0.99992,-0.99993,-0.99993,-0.99993,-0.99993,-0.99993,-0.99993,-0.99993,-0.99993,-0.99993,-0.99994,-0.99994,-0.99995,-0.99995,-0.99995,-0.99996,-0.99996,-0.99996,-0.99997,-0.99997,-0.99997,-0.99997,-0.99997,-0.99997,-0.99996,-0.99996,-0.99996,-0.99995,-0.99995,-0.99995,-0.99995,-0.99995,-0.99995,-0.99995,-0.99995,-0.99995,-0.99996,-0.99996,-0.99996,-0.99996,-0.99996,-0.99996,-0.99996,-0.99996,-0.99996,-0.99996,-0.99995,-0.99995,-0.99995,-0.99994,-0.99994,-0.99994,-0.99991,-0.99991,-0.99991,-0.99987,-0.99987,-0.99987,-0.99985,-0.99985,-0.99981,-0.99981,-0.99981,-0.99981,-0.99981,-0.99981,-0.99981,-0.99982,-0.99982,-0.99982,-0.99983,-0.99983,-0.99983,-0.99983,-0.99983,-0.99983,-0.99984,-0.99984,-0.99984,-0.99983,-0.99983,-0.99983,-0.9998,-0.9998,-0.9998,-0.99978,-0.99978,-0.99975,-0.99975,-0.99975,-0.99976,-0.99976,-0.99976,-0.99977,-0.99977,-0.99977,-0.99979,-0.99979,-0.99979,-0.99979,-0.99979,-0.99979,-0.99979,-0.99979,-0.99979,-0.99978,-0.99978,-0.99978,-0.99977,-0.99977,-0.99977,-0.99978,-0.99978,-0.99978,-0.9998,-0.9998,-0.9998,-0.99982,-0.99982,-0.99982,-0.99982,-0.99982,-0.99982,-0.99982,-0.99982,-0.99982,-0.99984,-0.99984,-0.99984,-0.99985,-0.99985,-0.99985,-0.99988,-0.99988,-0.99988,-0.99988,-0.99988,-0.99988,-0.99988,-0.99988,-0.99988,-0.99989,-0.99989,-0.99989,-0.99992,-0.99992,-0.99992,-0.99993,-0.99993,-0.99993,-0.99994,-0.99994,-0.99994,-0.99994,-0.99994,-0.99994,-0.99994,-0.99995,-0.99995,-0.99996,-0.99996,-0.99996,-0.99997,-0.99997,-0.99997,-0.99997,-0.99997,-0.99997,-0.99997,-0.99997,-0.99997,-0.99997,-0.99998,-0.99998,-0.99998,-0.99998,-0.99998,-0.99998,-0.99999,-0.99999,-0.99999,-0.99998,-0.99998,-0.99998,-0.99998,-0.99998,-0.99998,-0.99999,-0.99999,-0.99999,-0.99999,-0.99999
-0.005506,-0.0057681,-0.0057681,-0.0057681,-0.0061075,-0.0061075,-0.0063101,-0.0063101,-0.0063101,-0.0063101,-0.0044984,-0.0044984,0.02301,0.02301,0.02301,0.058875,0.058875,0.058875,0.070471,0.070471,0.070471,0.083664,0.083664,0.083664,0.088921,0.088921,0.088921,0.09024,0.09024,0.09024,0.089041,0.089041,0.089041,0.084376,0.084376,0.084376,0.083081,0.083081,0.083081,0.076659,0.076659,0.07237,0.07237,0.07237,0.07237,0.0701,0.0701,0.065128,0.065128,0.065128,0.059503,0.059503,0.059503,0.056126,0.056126,0.04882,0.04882,0.04882,0.043194,0.043194,0.043194,0.043194,0.040482,0.040482,0.03668,0.03668,0.03668,0.033101,0.033101,0.033101,0.030489,0.030489,0.030489,0.024832,0.024832,0.01954,0.01954,0.01954,0.01954,0.017605,0.017605,0.014608,0.014608,0.014608,0.010371,0.010371,0.010371,0.0088296,0.0088296,0.0088296,0.0057733,0.0057733,0.0057733,0.0033198,0.0033198,0.0033198,0.00099243,0.00099243,0.00099243,-0.002522,-0.002522,-0.002522,-0.0054524,-0.0054524,-0.0054524,-0.0065274,-0.0065274,-0.0065274,-0.0065274,-0.0093042,-0.0093042,-0.01104,-0.01104,-0.01104,-0.01104,-0.012004,-0.012004,-0.013109,-0.013109,-0.013109,-0.01453,-0.01453,-0.01453,-0.01453,-0.015042,-0.015042,-0.015415,-0.015415,-0.015841,-0.015841,-0.015841,-0.015745,-0.015745,-0.015745,-0.015763,-0.015763,-0.015763,-0.015781,-0.015781,-0.015781,-0.015348,-0.014066,-0.014066,-0.014066,-0.01355,-0.01355,-0.01355,-0.01358,-0.01358,-0.012423,-0.012423,-0.012423,-0.010664,-0.010664,-0.010664,-0.010033,-0.010033,-0.0094831,-0.0094831,-0.0094831,-0.008051,-0.008051,-0.008051,-0.0069533,-0.0069533,-0.0069533,-0.0055109,-0.0055109,-0.0055109,-0.0046041,-0.0046041,-0.0046041,-0.0046041,-0.004205,-0.004205,-0.0028203,-0.0028203,-0.0028203,-0.00079236,-0.00079236,-0.00079236,0.00016111,0.00016111,0.00016111,0.0012162,0.0012162,0.0012162,0.0012162,0.0019256,0.0019256,0.0028279,0.0028279,0.0028279,0.0049676,0.0049676,0.0049676,0.0049676,0.0066444,0.0066444,0.0066444,0.0073751,0.0073751,0.0073751,0.0081073,0.0081073,0.0081073,0.0086177,0.0086177,0.0086177,0.0086177,0.0086522,0.0086522,0.0091199,0.0091199,0.0091199,0.010592,0.010592,0.010592,0.010592,0.01125,0.01125,0.011923,0.011923,0.011923,0.011815,0.011815,0.011815,0.011815,0.011536,0.011536,0.011742,0.011742,0.011742,0.012648,0.012648,0.012648,0.012648,0.012775,0.012775,0.012366,0.012366,0.012366,0.011365,0.011365,0.011365,0.011365,0.010962,0.010962,0.00961,0.00961,0.00961,0.0093027,0.0093027,0.0093027,0.0096516,0.0096516,0.0096516,0.0098164,0.0098164,0.0098164,0.0092727,0.0092727,0.0083189,0.0083189,0.0083189,0.006891,0.006891,0.006891,0.0055181,0.0055181,0.0055181,0.0051085,0.0051085,0.0051085,0.005221,0.005221,0.005221,0.0055441,0.0055441,0.0055441,0.0055441,0.0055794,0.0055794,0.0045671,0.0045671,0.0045671,0.003117,0.003117,0.003117,0.0026179,0.0026179,0.0026179,0.0015418,0.0015418,0.0015418,0.0015418,0.00024706,0.00024706,0.00024706,-0.00058363,-0.00058363,-0.00058363,-0.0019599,-0.0019599,-0.0019599,-0.0027123,-0.0027123,-0.0027123,-0.0028671,-0.0028671,-0.0024779,-0.0024779,-0.0024779,-0.0024779,-0.0027443,-0.0027443,-0.0027443,-0.0029383,-0.0029383,-0.0029383,-0.0035813,-0.0035813,-0.0035813,-0.0042932,-0.0042932,-0.0042932,-0.0048021,-0.0048021,-0.0048021,-0.005568,-0.005568,-0.005568,-0.0065196,-0.0065196,-0.0065196,-0.0067312,-0.0067312,-0.0061596,-0.0061596,-0.0061596,-0.005592,-0.005592,-0.005592,-0.005624,-0.005624,-0.005624,-0.0059663,-0.0059663,-0.0059663,-0.0070065,-0.0070065,-0.0070065,-0.0072637,-0.0072637,-0.0072637,-0.0063432,-0.0063432,-0.0063432,-0.0055093,-0.0055093,-0.0055093,-0.0051875,-0.0051875,-0.0051875,-0.0052224,-0.0052224,-0.0052224,-0.0058554,-0.0058554,-0.0058554,-0.005748,-0.005748,-0.005748,-0.0048091,-0.0048091,-0.0048091,-0.0036352,-0.0036352,-0.0036352,-0.0033953,-0.0033953,-0.0033953,-0.0035433,-0.0035433,-0.0035433,-0.0036803,-0.0036803,-0.0036803,-0.0036744,-0.0036744,-0.0036744,-0.0023666,-0.0023666,-0.0023666,-0.0018907,-0.0018907,-0.0018907,-0.0017437,-0.0017437,-0.0017437,-0.0016247,-0.0016247,-0.0016247,-0.0016247,-0.00034863,-0.00034863,-0.00034863,8.1477e-05,8.1477e-05,0.00048197,0.00048197,0.00048197,0.00071811,0.00071811,0.00071811,0.00071811,0.00099029,0.00099029,0.00099029,0.0016795,0.0016795,0.0016795,0.0018248,0.0018248,0.0018248,0.0016041,0.0016041,0.0016041,0.0016063,0.0016063,0.0016063,0.0027873,0.0027873,0.0027873,0.0031734,0.0031734,0.0031734,0.0035419,0.0035419,0.0035419,0.0033982,0.0033982
-0.0050359,-0.004911,-0.004911,-0.004911,-0.0039271,-0.0039271,-0.0025588,-0.0025588,-0.0025588,-0.0025588,-0.0028541,-0.0028541,-0.036237,-0.036237,-0.036237,-0.10729,-0.10729,-0.10729,-0.1403,-0.1403,-0.1403,-0.18743,-0.18743,-0.18743,-0.20648,-0.20648,-0.20648,-0.20804,-0.20804,-0.20804,-0.20004,-0.20004,-0.20004,-0.18442,-0.18442,-0.18442,-0.18074,-0.18074,-0.18074,-0.16526,-0.16526,-0.15398,-0.15398,-0.15398,-0.15398,-0.14798,-0.14798,-0.13643,-0.13643,-0.13643,-0.12595,-0.12595,-0.12595,-0.12081,-0.12081,-0.10932,-0.10932,-0.10932,-0.096737,-0.096737,-0.096737,-0.096737,-0.090564,-0.090564,-0.078784,-0.078784,-0.078784,-0.069377,-0.069377,-0.069377,-0.06459,-0.06459,-0.06459,-0.055715,-0.055715,-0.045376,-0.045376,-0.045376,-0.045376,-0.040131,-0.040131,-0.030261,-0.030261,-0.030261,-0.021412,-0.021412,-0.021412,-0.018443,-0.018443,-0.018443,-0.010544,-0.010544,-0.010544,-0.004294,-0.004294,-0.004294,-0.00016328,-0.00016328,-0.00016328,0.0069958,0.0069958,0.0069958,0.013239,0.013239,0.013239,0.015151,0.015151,0.015151,0.015151,0.021549,0.021549,0.025065,0.025065,0.025065,0.025065,0.027275,0.027275,0.029345,0.029345,0.029345,0.031062,0.031062,0.031062,0.031062,0.031996,0.031996,0.032732,0.032732,0.033207,0.033207,0.033207,0.033405,0.033405,0.033405,0.032037,0.032037,0.032037,0.031096,0.031096,0.031096,0.031077,0.030684,0.030684,0.030684,0.029728,0.029728,0.029728,0.02893,0.02893,0.027321,0.027321,0.027321,0.025524,0.025524,0.025524,0.02434,0.02434,0.021996,0.021996,0.021996,0.020066,0.020066,0.020066,0.019445,0.019445,0.019445,0.017204,0.017204,0.017204,0.012875,0.012875,0.012875,0.012875,0.011197,0.011197,0.0088053,0.0088053,0.0088053,0.0061552,0.0061552,0.0061552,0.0043401,0.0043401,0.0043401,0.00097501,0.00097501,0.00097501,0.00097501,-0.00063364,-0.00063364,-0.0011322,-0.0011322,-0.0011322,-0.0022513,-0.0022513,-0.0022513,-0.0022513,-0.0044192,-0.0044192,-0.0044192,-0.0056802,-0.0056802,-0.0056802,-0.0083773,-0.0083773,-0.0083773,-0.010115,-0.010115,-0.010115,-0.010115,-0.01046,-0.01046,-0.010009,-0.010009,-0.010009,-0.009396,-0.009396,-0.009396,-0.009396,-0.0091458,-0.0091458,-0.0094128,-0.0094128,-0.0094128,-0.010635,-0.010635,-0.010635,-0.010635,-0.01087,-0.01087,-0.010133,-0.010133,-0.010133,-0.0092901,-0.0092901,-0.0092901,-0.0092901,-0.009229,-0.009229,-0.0096373,-0.0096373,-0.0096373,-0.0091383,-0.0091383,-0.0091383,-0.0091383,-0.0086986,-0.0086986,-0.0061145,-0.0061145,-0.0061145,-0.0034146,-0.0034146,-0.0034146,-0.0019975,-0.0019975,-0.0019975,-0.00028218,-0.00028218,-0.00028218,-0.00054927,-0.00054927,-0.00088115,-0.00088115,-0.00088115,-0.00072959,-0.00072959,-0.00072959,0.00066127,0.00066127,0.00066127,0.0016749,0.0016749,0.0016749,0.0036916,0.0036916,0.0036916,0.0050397,0.0050397,0.0050397,0.0050397,0.0058015,0.0058015,0.0060987,0.0060987,0.0060987,0.0061637,0.0061637,0.0061637,0.0062166,0.0062166,0.0062166,0.0064959,0.0064959,0.0064959,0.0064959,0.0074334,0.0074334,0.0074334,0.0086002,0.0086002,0.0086002,0.010834,0.010834,0.010834,0.013899,0.013899,0.013899,0.015587,0.015587,0.017678,0.017678,0.017678,0.017678,0.017789,0.017789,0.017789,0.01753,0.01753,0.01753,0.016761,0.016761,0.016761,0.016376,0.016376,0.016376,0.015991,0.015991,0.015991,0.016124,0.016124,0.016124,0.0176,0.0176,0.0176,0.018542,0.018542,0.020198,0.020198,0.020198,0.020051,0.020051,0.020051,0.019446,0.019446,0.019446,0.018203,0.018203,0.018203,0.017599,0.017599,0.017599,0.017741,0.017741,0.017741,0.018801,0.018801,0.018801,0.019343,0.019343,0.019343,0.019048,0.019048,0.019048,0.017872,0.017872,0.017872,0.01697,0.01697,0.01697,0.016956,0.016956,0.016956,0.016823,0.016823,0.016823,0.016182,0.016182,0.016182,0.01542,0.01542,0.01542,0.013604,0.013604,0.013604,0.013474,0.013474,0.013474,0.013638,0.013638,0.013638,0.013199,0.013199,0.013199,0.011059,0.011059,0.011059,0.010207,0.010207,0.010207,0.0096726,0.0096726,0.0096726,0.0096726,0.0096793,0.0096793,0.0096793,0.0092495,0.0092495,0.0078437,0.0078437,0.0078437,0.0071516,0.0071516,0.0071516,0.0071516,0.0072155,0.0072155,0.0072155,0.0066895,0.0066895,0.0066895,0.0048497,0.0048497,0.0048497,0.0044103,0.0044103,0.0044103,0.00414,0.00414,0.00414,0.0043373,0.0043373,0.0043373,0.0042358,0.0042358,0.0042358,0.0028642,0.0028642,0.0028642,0.0010781,0.0010781
0.00091307,0.0013452,0.0013452,0.0013452,0.0024879,0.0024879,0.0033028,0.0033028,0.0033028,0.0033028,0.003269,0.003269,0.001327,0.001327,0.001327,-0.0013581,-0.0013581,-0.0013581,-0.0024571,-0.0024571,-0.0024571,-0.0039241,-0.0039241,-0.0039241,-0.0059573,-0.0059573,-0.0059573,-0.0070818,-0.0070818,-0.0070818,-0.0089511,-0.0089511,-0.0089511,-0.010258,-0.010258,-0.010258,-0.010381,-0.010381,-0.010381,-0.010174,-0.010174,-0.0096603,-0.0096603,-0.0096603,-0.0096603,-0.0092271,-0.0092271,-0.0081421,-0.0081421,-0.0081421,-0.0065296,-0.0065296,-0.0065296,-0.0055902,-0.0055902,-0.0036644,-0.0036644,-0.0036644,-0.0022077,-0.0022077,-0.0022077,-0.0022077,-0.001631,-0.001631,-0.00079316,-0.00079316,-0.00079316,-0.00020209,-0.00020209,-0.00020209,6.4148e-05,6.4148e-05,6.4148e-05,0.00053539,0.00053539,0.00092938,0.00092938,0.00092938,0.00092938,0.0010478,0.0010478,0.0011473,0.0011473,0.0011473,0.0014141,0.0014141,0.0014141,0.0015061,0.0015061,0.0015061,0.0015728,0.0015728,0.0015728,0.001697,0.001697,0.001697,0.0016842,0.0016842,0.0016842,0.00158,0.00158,0.00158,0.0013763,0.0013763,0.0013763,0.0013655,0.0013655,0.0013655,0.0013655,0.00089693,0.00089693,0.00067304,0.00067304,0.00067304,0.00067304,0.00069104,0.00069104,0.00062774,0.00062774,0.00062774,0.00055465,0.00055465,0.00055465,0.00055465,0.00027252,0.00027252,0.00024256,0.00024256,4.0124e-05,4.0124e-05,4.0124e-05,-9.8624e-06,-9.8624e-06,-9.8624e-06,-8.5179e-05,-8.5179e-05,-8.5179e-05,-0.00011397,-0.00011397,-0.00011397,-0.00019573,-0.00039167,-0.00039167,-0.00039167,-0.00061459,-0.00061459,-0.00061459,-0.00068522,-0.00068522,-0.00094894,-0.00094894,-0.00094894,-0.0013098,-0.0013098,-0.0013098,-0.0014744,-0.0014744,-0.0015907,-0.0015907,-0.0015907,-0.0018999,-0.0018999,-0.0018999,-0.002022,-0.002022,-0.002022,-0.0020325,-0.0020325,-0.0020325,-0.0018874,-0.0018874,-0.0018874,-0.0018874,-0.0017534,-0.0017534,-0.0015496,-0.0015496,-0.0015496,-0.0011512,-0.0011512,-0.0011512,-0.00093773,-0.00093773,-0.00093773,-0.00026363,-0.00026363,-0.00026363,-0.00026363,0.00036718,0.00036718,0.00057223,0.00057223,0.00057223,0.001093,0.001093,0.001093,0.001093,0.0016526,0.0016526,0.0016526,0.0019229,0.0019229,0.0019229,0.0024431,0.0024431,0.0024431,0.0029655,0.0029655,0.0029655,0.0029655,0.0032562,0.0032562,0.0036565,0.0036565,0.0036565,0.0038178,0.0038178,0.0038178,0.0038178,0.003924,0.003924,0.0041161,0.0041161,0.0041161,0.0046029,0.0046029,0.0046029,0.0046029,0.0048254,0.0048254,0.0049893,0.0049893,0.0049893,0.0051039,0.0051039,0.0051039,0.0051039,0.0051783,0.0051783,0.0053258,0.0053258,0.0053258,0.0056102,0.0056102,0.0056102,0.0056102,0.0057059,0.0057059,0.0060067,0.0060067,0.0060067,0.006042,0.006042,0.006042,0.0059088,0.0059088,0.0059088,0.005819,0.005819,0.005819,0.0058059,0.0058059,0.0058725,0.0058725,0.0058725,0.0060564,0.0060564,0.0060564,0.0061905,0.0061905,0.0061905,0.0062064,0.0062064,0.0062064,0.0061792,0.0061792,0.0061792,0.006147,0.006147,0.006147,0.006147,0.0061818,0.0061818,0.0061997,0.0061997,0.0061997,0.0063352,0.0063352,0.0063352,0.0063785,0.0063785,0.0063785,0.0064656,0.0064656,0.0064656,0.0064656,0.0066634,0.0066634,0.0066634,0.0068127,0.0068127,0.0068127,0.0070919,0.0070919,0.0070919,0.0072338,0.0072338,0.0072338,0.0072615,0.0072615,0.0071884,0.0071884,0.0071884,0.0071884,0.0071644,0.0071644,0.0071644,0.0071899,0.0071899,0.0071899,0.0071508,0.0071508,0.0071508,0.0071293,0.0071293,0.0071293,0.0071326,0.0071326,0.0071326,0.00717,0.00717,0.00717,0.0072115,0.0072115,0.0072115,0.0071902,0.0071902,0.0070826,0.0070826,0.0070826,0.0070385,0.0070385,0.0070385,0.0070336,0.0070336,0.0070336,0.0071565,0.0071565,0.0071565,0.0072665,0.0072665,0.0072665,0.0073129,0.0073129,0.0073129,0.007192,0.007192,0.007192,0.0070296,0.0070296,0.0070296,0.0069386,0.0069386,0.0069386,0.0068422,0.0068422,0.0068422,0.0069032,0.0069032,0.0069032,0.0068854,0.0068854,0.0068854,0.0066828,0.0066828,0.0066828,0.0064689,0.0064689,0.0064689,0.0063917,0.0063917,0.0063917,0.0062626,0.0062626,0.0062626,0.0060341,0.0060341,0.0060341,0.0058543,0.0058543,0.0058543,0.0055467,0.0055467,0.0055467,0.0053457,0.0053457,0.0053457,0.0052506,0.0052506,0.0052506,0.0049006,0.0049006,0.0049006,0.0049006,0.0045318,0.0045318,0.0045318,0.0043774,0.0043774,0.0042902,0.0042902,0.0042902,0.0040406,0.0040406,0.0040406,0.0040406,0.0039056,0.0039056,0.0039056,0.0036512,0.0036512,0.0036512,0.0034739,0.0034739,0.0034739,0.0034404,0.0034404,0.0034404,0.0031857,0.0031857,0.0031857,0.0028196,0.0028196,0.0028196,0.0027424,0.0027424,0.0027424,0.0026359,0.0026359,0.0026359,0.0026315,0.0026315
0,0,0,0,0,0,0,0,0,0,0,0,0,0,0,0,0,0,0,0,0,0,0,0,0,0,0,0,0,0,0,0,0,0,0,0,0,0,0,0,0,0,0,0,0,0,0,0,0,0,0,0,0,0,0,0,0,0,0,0,0,0,0,0,0,0,0,0,0,0,0,0,0,0,0,0,0,0,0,0,0,0,0,0,0,0,0,0,0,0,0,0,0,0,0,0,0,0,0,0,0,0,0,0,0,0,0,0,0,0,0,0,0,0,0,0,0,0,0,0,0,0,0,0,0,0,0,0,0,0,0,0,0,0,0,0,0,0,0,0,0,0,0,0,0,0,0,0,0,0,0,0,0,0,0,0,0,0,0,0,0,0,0,0,0,0,0,0,0,0,0,0,0,0,0,0,0,0,0,0,0,0,0,0,0,0,0,0,0,0,0,0,0,0,0,0,0,0,0,0,0,0,0,0,0,0,0,0,0,0,0,0,0,0,0,0,0,0,0,0,0,0,0,0,0,0,0,0,0,0,0,0,0,0,0,0,0,0,0,0,0,0,0,0,0,0,0,0,0,0,0,0,0,0,0,0,0,0,0,0,0,0,0,0,0,0,0,0,0,0,0,0,0,0,0,0,0,0,0,0,0,0,0,0,0,0,0,0,0,0,0,0,0,0,0,0,0,0,0,0,0,0,0,0,0,0,0,0,0,0,0,0,0,0,0,0,0,0,0,0,0,0,0,0,0,0,0,0,0,0,0,0,0,0,0,0,0,0,0,0,0,0,0,0,0,0,0,0,0,0,0,0,0,0,0,0,0,0,0,0,0,0,0,0,0,0,0,0,0,0,0,0,0,0,0,0,0,0,0,0,0,0,0,0,0,0,0,0,0,0,0,0,0,0,0,0,0,0,0,0,0,0,0,0,0,0,0,0,0,0,0,0,0,0,0,0,0,0,0,0,0,0,0,0,0,0,0,0,0,0,0,0,0,0,0,0,0,0,0,0,0,0
0,0,0,0,0,0,0,0,0,0,0,0,0,0,0,0,0,0,0,0,0,0,0,0,0,0,0,0,0,0,0,0,0,0,0,0,0,0,0,0,0,0,0,0,0,0,0,0,0,0,0,0,0,0,0,0,0,0,0,0,0,0,0,0,0,0,0,0,0,0,0,0,0,0,0,0,0,0,0,0,0,0,0,0,0,0,0,0,0,0,0,0,0,0,0,0,0,0,0,0,0,0,0,0,0,0,0,0,0,0,0,0,0,0,0,0,0,0,0,0,0,0,0,0,0,0,0,0,0,0,0,0,0,0,0,0,0,0,0,0,0,0,0,0,0,0,0,0,0,0,0,0,0,0,0,0,0,0,0,0,0,0,0,0,0,0,0,0,0,0,0,0,0,0,0,0,0,0,0,0,0,0,0,0,0,0,0,0,0,0,0,0,0,0,0,0,0,0,0,0,0,0,0,0,0,0,0,0,0,0,0,0,0,0,0,0,0,0,0,0,0,0,0,0,0,0,0,0,0,0,0,0,0,0,0,0,0,0,0,0,0,0,0,0,0,0,0,0,0,0,0,0,0,0,0,0,0,0,0,0,0,0,0,0,0,0,0,0,0,0,0,0,0,0,0,0,0,0,0,0,0,0,0,0,0,0,0,0,0,0,0,0,0,0,0,0,0,0,0,0,0,0,0,0,0,0,0,0,0,0,0,0,0,0,0,0,0,0,0,0,0,0,0,0,0,0,0,0,0,0,0,0,0,0,0,0,0,0,0,0,0,0,0,0,0,0,0,0,0,0,0,0,0,0,0,0,0,0,0,0,0,0,0,0,0,0,0,0,0,0,0,0,0,0,0,0,0,0,0,0,0,0,0,0,0,0,0,0,0,0,0,0,0,0,0,0,0,0,0,0,0,0,0,0,0,0,0,0,0,0,0,0,0,0,0,0,0,0,0,0,0,0,0,0,0,0,0,0,0,0,0,0,0,0,0,0,0,0,0,0,0,0
0,0,0,0,0,0,0,0,0,0,0,0,0,0,0,0,0,0,0,0,0,0,0,0,0,0,0,0,0,0,0,0,0,0,0,0,0,0,0,0,0,0,0,0,0,0,0,0,0,0,0,0,0,0,0,0,0,0,0,0,0,0,0,0,0,0,0,0,0,0,0,0,0,0,0,0,0,0,0,0,0,0,0,0,0,0,0,0,0,0,0,0,0,0,0,0,0,0,0,0,0,0,0,0,0,0,0,0,0,0,0,0,0,0,0,0,0,0,0,0,0,0,0,0,0,0,0,0,0,0,0,0,0,0,0,0,0,0,0,0,0,0,0,0,0,0,0,0,0,0,0,0,0,0,0,0,0,0,0,0,0,0,0,0,0,0,0,0,0,0,0,0,0,0,0,0,0,0,0,0,0,0,0,0,0,0,0,0,0,0,0,0,0,0,0,0,0,0,0,0,0,0,0,0,0,0,0,0,0,0,0,0,0,0,0,0,0,0,0,0,0,0,0,0,0,0,0,0,0,0,0,0,0,0,0,0,0,0,0,0,0,0,0,0,0,0,0,0,0,0,0,0,0,0,0,0,0,0,0,0,0,0,0,0,0,0,0,0,0,0,0,0,0,0,0,0,0,0,0,0,0,0,0,0,0,0,0,0,0,0,0,0,0,0,0,0,0,0,0,0,0,0,0,0,0,0,0,0,0,0,0,0,0,0,0,0,0,0,0,0,0,0,0,0,0,0,0,0,0,0,0,0,0,0,0,0,0,0,0,0,0,0,0,0,0,0,0,0,0,0,0,0,0,0,0,0,0,0,0,0,0,0,0,0,0,0,0,0,0,0,0,0,0,0,0,0,0,0,0,0,0,0,0,0,0,0,0,0,0,0,0,0,0,0,0,0,0,0,0,0,0,0,0,0,0,0,0,0,0,0,0,0,0,0,0,0,0,0,0,0,0,0,0,0,0,0,0,0,0,0,0,0,0,0,0,0,0,0,0,0,0,0
0.29946,0.29641,0.29641,0.29641,0.29641,0.29641,0.29641,0.29641,0.29641,0.29641,0.35731,0.35731,0.35731,0.35731,0.35731,0.35731,0.35731,0.35731,0.27981,0.27981,0.27981,0.27981,0.27981,0.27981,0.27981,0.27981,0.27981,0.3348,0.3348,0.3348,0.3348,0.3348,0.3348,0.3348,0.3348,0.3348,0.30508,0.30508,0.30508,0.30508,0.30508,0.30508,0.30508,0.30508,0.31293,0.31293,0.31293,0.31293,0.31293,0.31293,0.31293,0.31293,0.31293,0.29624,0.29624,0.29624,0.29624,0.29624,0.29624,0.29624,0.29624,0.30117,0.30117,0.30117,0.30117,0.30117,0.30117,0.30117,0.30117,0.30117,0.28967,0.28967,0.28967,0.28967,0.28967,0.28967,0.28967,0.28967,0.29652,0.29652,0.29652,0.29652,0.29652,0.29652,0.29652,0.29652,0.29652,0.29257,0.29257,0.29257,0.29257,0.29257,0.29257,0.29257,0.29257,0.29257,0.29418,0.29418,0.29418,0.29418,0.29418,0.29418,0.29418,0.29418,0.29418,0.29444,0.29444,0.29444,0.29444,0.29444,0.29444,0.29444,0.29444,0.29444,0.29444,0.29291,0.29291,0.29291,0.29291,0.29291,0.29291,0.29291,0.29291,0.29498,0.29498,0.29498,0.29498,0.29498,0.29498,0.29498,0.29498,0.29664,0.29664,0.29664,0.29664,0.29664,0.29664,0.29664,0.29664,0.29664,0.30332,0.30332,0.30332,0.30332,0.30332,0.30332,0.30332,0.29856,0.29856,0.29856,0.29856,0.29856,0.29856,0.29856,0.29856,0.30323,0.30323,0.30323,0.30323,0.30323,0.30323,0.30323,0.30323,0.30594,0.30594,0.30594,0.30594,0.30594,0.30594,0.30594,0.30594,0.30594,0.30594,0.30266,0.30266,0.30266,0.30266,0.30266,0.30266,0.30266,0.30266,0.3062,0.3062,0.3062,0.3062,0.3062,0.3062,0.3062,0.3062,0.3062,0.3062,0.30469,0.30469,0.30469,0.30469,0.30469,0.30469,0.30469,0.30469,0.30469,0.30468,0.30468,0.30468,0.30468,0.30468,0.30468,0.30468,0.30468,0.30468,0.30468,0.30862,0.30862,0.30862,0.30862,0.30862,0.30862,0.30862,0.30862,0.30862,0.3067,0.3067,0.3067,0.3067,0.3067,0.3067,0.3067,0.3067,0.3067,0.30848,0.30848,0.30848,0.30848,0.30848,0.30848,0.30848,0.30848,0.30848,0.30728,0.30728,0.30728,0.30728,0.30728,0.30728,0.30728,0.30728,0.30728,0.30565,0.30565,0.30565,0.30565,0.30565,0.30565,0.30565,0.30565,0.31023,0.31023,0.31023,0.31023,0.31023,0.31023,0.31023,0.31023,0.30196,0.30196,0.30196,0.30196,0.30196,0.30196,0.30196,0.30196,0.30196,0.30967,0.30967,0.30967,0.30967,0.30967,0.30967,0.30967,0.30967,0.30967,0.30633,0.30633,0.30633,0.30633,0.30633,0.30633,0.30633,0.30633,0.30633,0.30037,0.30037,0.30037,0.30037,0.30037,0.30037,0.30037,0.30037,0.30037,0.30037,0.30538,0.30538,0.30538,0.30538,0.30538,0.30538,0.30538,0.30538,0.30538,0.3077,0.3077,0.3077,0.3077,0.3077,0.3077,0.3077,0.3077,0.3077,0.30378,0.30378,0.30378,0.30378,0.30378,0.30378,0.30378,0.30378,0.30378,0.30368,0.30368,0.30368,0.30368,0.30368,0.30368,0.30368,0.30368,0.30368,0.30986,0.30986,0.30986,0.30986,0.30986,0.30986,0.30986,0.30986,0.30334,0.30334,0.30334,0.30334,0.30334,0.30334,0.30334,0.30334,0.30334,0.30801,0.30801,0.30801,0.30801,0.30801,0.30801,0.30801,0.30801,0.30801,0.30626,0.30626,0.30626,0.30626,0.30626,0.30626,0.30626,0.30626,0.30626,0.30332,0.30332,0.30332,0.30332,0.30332,0.30332,0.30332,0.30332,0.30332,0.3001,0.3001,0.3001,0.3001,0.3001,0.3001,0.3001,0.3001,0.3001,0.3001,0.31106,0.31106,0.31106,0.31106,0.31106,0.31106,0.31106,0.31106,0.30619,0.30619,0.30619,0.30619,0.30619,0.30619,0.30619,0.30619,0.30619,0.30619,0.3055,0.3055,0.3055,0.3055,0.3055,0.3055,0.3055,0.3055,0.3055,0.30701,0.30701,0.30701,0.30701,0.30701,0.30701,0.30701,0.30701,0.30701,0.30257,0.30257,0.30257,0.30257,0.30257,0.30257,0.30257,0.30257,0.30257,0.30604,0.30604,0.30604,0.30604,0.30604,0.30604,0.30604,0.30604
0.0036484,-0.036674,-0.036674,-0.036674,-0.036674,-0.036674,-0.036674,-0.036674,-0.036674,-0.036674,-1.758,-1.758,-1.758,-1.758,-1.758,-1.758,-1.758,-1.758,-0.29823,-0.29823,-0.29823,-0.29823,-0.29823,-0.29823,-0.29823,-0.29823,-0.29823,0.070892,0.070892,0.070892,0.070892,0.070892,0.070892,0.070892,0.070892,0.070892,0.17906,0.17906,0.17906,0.17906,0.17906,0.17906,0.17906,0.17906,0.18847,0.18847,0.18847,0.18847,0.18847,0.18847,0.18847,0.18847,0.18847,0.14213,0.14213,0.14213,0.14213,0.14213,0.14213,0.14213,0.14213,0.097688,0.097688,0.097688,0.097688,0.097688,0.097688,0.097688,0.097688,0.097688,0.10838,0.10838,0.10838,0.10838,0.10838,0.10838,0.10838,0.10838,0.1093,0.1093,0.1093,0.1093,0.1093,0.1093,0.1093,0.1093,0.1093,0.1093,0.13563,0.13563,0.13563,0.13563,0.13563,0.13563,0.13563,0.13563,0.11868,0.11868,0.11868,0.11868,0.11868,0.11868,0.11868,0.11868,0.11868,0.10047,0.10047,0.10047,0.10047,0.10047,0.10047,0.10047,0.10047,0.10047,0.10047,0.081743,0.081743,0.081743,0.081743,0.081743,0.081743,0.081743,0.081743,0.058479,0.058479,0.058479,0.058479,0.058479,0.058479,0.058479,0.058479,0.028298,0.028298,0.028298,0.028298,0.028298,0.028298,0.028298,0.028298,0.028298,0.0043848,0.0043848,0.0043848,0.0043848,0.0043848,0.0043848,0.0043848,0.0061141,0.0061141,0.0061141,0.0061141,0.0061141,0.0061141,0.0061141,0.0061141,-0.032545,-0.032545,-0.032545,-0.032545,-0.032545,-0.032545,-0.032545,-0.032545,-0.0214,-0.0214,-0.0214,-0.0214,-0.0214,-0.0214,-0.0214,-0.0214,-0.0214,-0.0214,-0.054334,-0.054334,-0.054334,-0.054334,-0.054334,-0.054334,-0.054334,-0.054334,-0.054334,-0.049126,-0.049126,-0.049126,-0.049126,-0.049126,-0.049126,-0.049126,-0.049126,-0.049126,-0.068088,-0.068088,-0.068088,-0.068088,-0.068088,-0.068088,-0.068088,-0.068088,-0.068088,-0.015633,-0.015633,-0.015633,-0.015633,-0.015633,-0.015633,-0.015633,-0.015633,-0.015633,-0.051009,-0.051009,-0.051009,-0.051009,-0.051009,-0.051009,-0.051009,-0.051009,-0.051009,-0.051009,0.0080655,0.0080655,0.0080655,0.0080655,0.0080655,0.0080655,0.0080655,0.0080655,0.0080655,-0.028392,-0.028392,-0.028392,-0.028392,-0.028392,-0.028392,-0.028392,-0.028392,0.018083,0.018083,0.018083,0.018083,0.018083,0.018083,0.018083,0.018083,0.018083,0.018083,0.016937,0.016937,0.016937,0.016937,0.016937,0.016937,0.016937,0.016937,0.038889,0.038889,0.038889,0.038889,0.038889,0.038889,0.038889,0.038889,0.04577,0.04577,0.04577,0.04577,0.04577,0.04577,0.04577,0.04577,0.04577,0.022358,0.022358,0.022358,0.022358,0.022358,0.022358,0.022358,0.022358,0.022358,0.022358,0.072716,0.072716,0.072716,0.072716,0.072716,0.072716,0.072716,0.072716,0.04849,0.04849,0.04849,0.04849,0.04849,0.04849,0.04849,0.04849,0.04849,0.04849,0.024551,0.024551,0.024551,0.024551,0.024551,0.024551,0.024551,0.024551,0.024551,0.044229,0.044229,0.044229,0.044229,0.044229,0.044229,0.044229,0.044229,0.044229,0.047967,0.047967,0.047967,0.047967,0.047967,0.047967,0.047967,0.047967,0.047967,0.034144,0.034144,0.034144,0.034144,0.034144,0.034144,0.034144,0.034144,0.034144,-0.0076111,-0.0076111,-0.0076111,-0.0076111,-0.0076111,-0.0076111,-0.0076111,-0.0076111,0.009868,0.009868,0.009868,0.009868,0.009868,0.009868,0.009868,0.009868,0.009868,0.00059359,0.00059359,0.00059359,0.00059359,0.00059359,0.00059359,0.00059359,0.00059359,0.00059359,-0.00754,-0.00754,-0.00754,-0.00754,-0.00754,-0.00754,-0.00754,-0.00754,-0.00754,-0.024521,-0.024521,-0.024521,-0.024521,-0.024521,-0.024521,-0.024521,-0.024521,-0.024521,0.0031681,0.0031681,0.0031681,0.0031681,0.0031681,0.0031681,0.0031681,0.0031681,0.0031681,0.0031681,-0.0238,-0.0238,-0.0238,-0.0238,-0.0238,-0.0238,-0.0238,-0.0238,-0.022916,-0.022916,-0.022916,-0.022916,-0.022916,-0.022916,-0.022916,-0.022916,-0.022916,-0.022916,-0.0061485,-0.0061485,-0.0061485,-0.0061485,-0.0061485,-0.0061485,-0.0061485,-0.0061485,-0.0061485,0.0043928,0.0043928,0.0043928,0.0043928,0.0043928,0.0043928,0.0043928,0.0043928,0.0043928,-0.0017425,-0.0017425,-0.0017425,-0.0017425,-0.0017425,-0.0017425,-0.0017425,-0.0017425,-0.0017425,0.0077933,0.0077933,0.0077933,0.0077933,0.0077933,0.0077933,0.0077933,0.0077933
-0.0090284,-0.054486,-0.054486,-0.054486,-0.054486,-0.054486,-0.054486,-0.054486,-0.054486,-0.054486,3.6545,3.6545,3.6545,3.6545,3.6545,3.6545,3.6545,3.6545,0.62744,0.62744,0.62744,0.62744,0.62744,0.62744,0.62744,0.62744,0.62744,-0.42552,-0.42552,-0.42552,-0.42552,-0.42552,-0.42552,-0.42552,-0.42552,-0.42552,-0.42737,-0.42737,-0.42737,-0.42737,-0.42737,-0.42737,-0.42737,-0.42737,-0.3332,-0.3332,-0.3332,-0.3332,-0.3332,-0.3332,-0.3332,-0.3332,-0.3332,-0.33522,-0.33522,-0.33522,-0.33522,-0.33522,-0.33522,-0.33522,-0.33522,-0.28963,-0.28963,-0.28963,-0.28963,-0.28963,-0.28963,-0.28963,-0.28963,-0.28963,-0.31217,-0.31217,-0.31217,-0.31217,-0.31217,-0.31217,-0.31217,-0.31217,-0.30526,-0.30526,-0.30526,-0.30526,-0.30526,-0.30526,-0.30526,-0.30526,-0.30526,-0.30526,-0.27389,-0.27389,-0.27389,-0.27389,-0.27389,-0.27389,-0.27389,-0.27389,-0.26629,-0.26629,-0.26629,-0.26629,-0.26629,-0.26629,-0.26629,-0.26629,-0.26629,-0.23539,-0.23539,-0.23539,-0.23539,-0.23539,-0.23539,-0.23539,-0.23539,-0.23539,-0.23539,-0.15242,-0.15242,-0.15242,-0.15242,-0.15242,-0.15242,-0.15242,-0.15242,-0.13878,-0.13878,-0.13878,-0.13878,-0.13878,-0.13878,-0.13878,-0.13878,-0.13636,-0.13636,-0.13636,-0.13636,-0.13636,-0.13636,-0.13636,-0.13636,-0.13636,-0.087472,-0.087472,-0.087472,-0.087472,-0.087472,-0.087472,-0.087472,-0.050639,-0.050639,-0.050639,-0.050639,-0.050639,-0.050639,-0.050639,-0.050639,-0.0057334,-0.0057334,-0.0057334,-0.0057334,-0.0057334,-0.0057334,-0.0057334,-0.0057334,0.060372,0.060372,0.060372,0.060372,0.060372,0.060372,0.060372,0.060372,0.060372,0.060372,0.014672,0.014672,0.014672,0.014672,0.014672,0.014672,0.014672,0.014672,0.014672,-0.00061443,-0.00061443,-0.00061443,-0.00061443,-0.00061443,-0.00061443,-0.00061443,-0.00061443,-0.00061443,0.0057841,0.0057841,0.0057841,0.0057841,0.0057841,0.0057841,0.0057841,0.0057841,0.0057841,-0.029239,-0.029239,-0.029239,-0.029239,-0.029239,-0.029239,-0.029239,-0.029239,-0.029239,-0.031437,-0.031437,-0.031437,-0.031437,-0.031437,-0.031437,-0.031437,-0.031437,-0.031437,-0.031437,-0.021741,-0.021741,-0.021741,-0.021741,-0.021741,-0.021741,-0.021741,-0.021741,-0.021741,-0.049003,-0.049003,-0.049003,-0.049003,-0.049003,-0.049003,-0.049003,-0.049003,-0.053988,-0.053988,-0.053988,-0.053988,-0.053988,-0.053988,-0.053988,-0.053988,-0.053988,-0.053988,-0.074284,-0.074284,-0.074284,-0.074284,-0.074284,-0.074284,-0.074284,-0.074284,-0.011466,-0.011466,-0.011466,-0.011466,-0.011466,-0.011466,-0.011466,-0.011466,-0.065565,-0.065565,-0.065565,-0.065565,-0.065565,-0.065565,-0.065565,-0.065565,-0.065565,-0.085811,-0.085811,-0.085811,-0.085811,-0.085811,-0.085811,-0.085811,-0.085811,-0.085811,-0.085811,-0.069145,-0.069145,-0.069145,-0.069145,-0.069145,-0.069145,-0.069145,-0.069145,-0.12932,-0.12932,-0.12932,-0.12932,-0.12932,-0.12932,-0.12932,-0.12932,-0.12932,-0.12932,-0.1356,-0.1356,-0.1356,-0.1356,-0.1356,-0.1356,-0.1356,-0.1356,-0.1356,-0.04662,-0.04662,-0.04662,-0.04662,-0.04662,-0.04662,-0.04662,-0.04662,-0.04662,-0.032669,-0.032669,-0.032669,-0.032669,-0.032669,-0.032669,-0.032669,-0.032669,-0.032669,-0.097395,-0.097395,-0.097395,-0.097395,-0.097395,-0.097395,-0.097395,-0.097395,-0.097395,-0.049607,-0.049607,-0.049607,-0.049607,-0.049607,-0.049607,-0.049607,-0.049607,-0.038393,-0.038393,-0.038393,-0.038393,-0.038393,-0.038393,-0.038393,-0.038393,-0.038393,-0.046824,-0.046824,-0.046824,-0.046824,-0.046824,-0.046824,-0.046824,-0.046824,-0.046824,0.01282,0.01282,0.01282,0.01282,0.01282,0.01282,0.01282,0.01282,0.01282,0.024333,0.024333,0.024333,0.024333,0.024333,0.024333,0.024333,0.024333,0.024333,-0.02259,-0.02259,-0.02259,-0.02259,-0.02259,-0.02259,-0.02259,-0.02259,-0.02259,-0.02259,0.055377,0.055377,0.055377,0.055377,0.055377,0.055377,0.055377,0.055377,0.014342,0.014342,0.014342,0.014342,0.014342,0.014342,0.014342,0.014342,0.014342,0.014342,0.026504,0.026504,0.026504,0.026504,0.026504,0.026504,0.026504,0.026504,0.026504,0.054333,0.054333,0.054333,0.054333,0.054333,0.054333,0.054333,0.054333,0.054333,0.0086894,0.0086894,0.0086894,0.0086894,0.0086894,0.0086894,0.0086894,0.0086894,0.0086894,0.035289,0.035289,0.035289,0.035289,0.035289,0.035289,0.035289,0.035289
-0.045743,-0.025206,-0.025206,-0.025206,-0.025206,-0.025206,-0.025206,-0.025206,-0.025206,-0.025206,0.24915,0.24915,0.24915,0.24915,0.24915,0.24915,0.24915,0.24915,0.14685,0.14685,0.14685,0.14685,0.14685,0.14685,0.14685,0.14685,0.14685,0.048365,0.048365,0.048365,0.048365,0.048365,0.048365,0.048365,0.048365,0.048365,-0.0064707,-0.0064707,-0.0064707,-0.0064707,-0.0064707,-0.0064707,-0.0064707,-0.0064707,-0.01335,-0.01335,-0.01335,-0.01335,-0.01335,-0.01335,-0.01335,-0.01335,-0.01335,-0.0038136,-0.0038136,-0.0038136,-0.0038136,-0.0038136,-0.0038136,-0.0038136,-0.0038136,0.0068601,0.0068601,0.0068601,0.0068601,0.0068601,0.0068601,0.0068601,0.0068601,0.0068601,0.0078662,0.0078662,0.0078662,0.0078662,0.0078662,0.0078662,0.0078662,0.0078662,0.0092167,0.0092167,0.0092167,0.0092167,0.0092167,0.0092167,0.0092167,0.0092167,0.0092167,0.0092167,0.012972,0.012972,0.012972,0.012972,0.012972,0.012972,0.012972,0.012972,0.015016,0.015016,0.015016,0.015016,0.015016,0.015016,0.015016,0.015016,0.015016,0.012527,0.012527,0.012527,0.012527,0.012527,0.012527,0.012527,0.012527,0.012527,0.012527,0.009535,0.009535,0.009535,0.009535,0.009535,0.009535,0.009535,0.009535,0.0083234,0.0083234,0.0083234,0.0083234,0.0083234,0.0083234,0.0083234,0.0083234,0.0059971,0.0059971,0.0059971,0.0059971,0.0059971,0.0059971,0.0059971,0.0059971,0.0059971,0.0019482,0.0019482,0.0019482,0.0019482,0.0019482,0.0019482,0.0019482,-0.0030269,-0.0030269,-0.0030269,-0.0030269,-0.0030269,-0.0030269,-0.0030269,-0.0030269,-0.010826,-0.010826,-0.010826,-0.010826,-0.010826,-0.010826,-0.010826,-0.010826,-0.015715,-0.015715,-0.015715,-0.015715,-0.015715,-0.015715,-0.015715,-0.015715,-0.015715,-0.015715,-0.012899,-0.012899,-0.012899,-0.012899,-0.012899,-0.012899,-0.012899,-0.012899,-0.012899,-0.0033127,-0.0033127,-0.0033127,-0.0033127,-0.0033127,-0.0033127,-0.0033127,-0.0033127,-0.0033127,0.0073943,0.0073943,0.0073943,0.0073943,0.0073943,0.0073943,0.0073943,0.0073943,0.0073943,0.018099,0.018099,0.018099,0.018099,0.018099,0.018099,0.018099,0.018099,0.018099,0.028743,0.028743,0.028743,0.028743,0.028743,0.028743,0.028743,0.028743,0.028743,0.028743,0.032536,0.032536,0.032536,0.032536,0.032536,0.032536,0.032536,0.032536,0.032536,0.040069,0.040069,0.040069,0.040069,0.040069,0.040069,0.040069,0.040069,0.042172,0.042172,0.042172,0.042172,0.042172,0.042172,0.042172,0.042172,0.042172,0.042172,0.046923,0.046923,0.046923,0.046923,0.046923,0.046923,0.046923,0.046923,0.046678,0.046678,0.046678,0.046678,0.046678,0.046678,0.046678,0.046678,0.047488,0.047488,0.047488,0.047488,0.047488,0.047488,0.047488,0.047488,0.047488,0.049083,0.049083,0.049083,0.049083,0.049083,0.049083,0.049083,0.049083,0.049083,0.049083,0.048799,0.048799,0.048799,0.048799,0.048799,0.048799,0.048799,0.048799,0.050922,0.050922,0.050922,0.050922,0.050922,0.050922,0.050922,0.050922,0.050922,0.050922,0.056543,0.056543,0.056543,0.056543,0.056543,0.056543,0.056543,0.056543,0.056543,0.058251,0.058251,0.058251,0.058251,0.058251,0.058251,0.058251,0.058251,0.058251,0.058075,0.058075,0.058075,0.058075,0.058075,0.058075,0.058075,0.058075,0.058075,0.058389,0.058389,0.058389,0.058389,0.058389,0.058389,0.058389,0.058389,0.058389,0.058567,0.058567,0.058567,0.058567,0.058567,0.058567,0.058567,0.058567,0.057639,0.057639,0.057639,0.057639,0.057639,0.057639,0.057639,0.057639,0.057639,0.059041,0.059041,0.059041,0.059041,0.059041,0.059041,0.059041,0.059041,0.059041,0.055833,0.055833,0.055833,0.055833,0.055833,0.055833,0.055833,0.055833,0.055833,0.05486,0.05486,0.05486,0.05486,0.05486,0.05486,0.05486,0.05486,0.05486,0.05113,0.05113,0.05113,0.05113,0.05113,0.05113,0.05113,0.05113,0.05113,0.05113,0.045201,0.045201,0.045201,0.045201,0.045201,0.045201,0.045201,0.045201,0.040858,0.040858,0.040858,0.040858,0.040858,0.040858,0.040858,0.040858,0.040858,0.040858,0.034378,0.034378,0.034378,0.034378,0.034378,0.034378,0.034378,0.034378,0.034378,0.03005,0.03005,0.03005,0.03005,0.03005,0.03005,0.03005,0.03005,0.03005,0.026636,0.026636,0.026636,0.026636,0.026636,0.026636,0.026636,0.026636,0.026636,0.021204,0.021204,0.021204,0.021204,0.021204,0.021204,0.021204,0.021204
