timestamp,ref_timestamp,ref_lat,ref_lon,x,y,z,delta_xy[0],delta_xy[1],delta_z,vx,vy,vz,z_deriv,delta_vxy[0],delta_vxy[1],delta_vz,ax,ay,az,heading,delta_heading,ref_alt,dist_bottom,eph,epv,evh,evv,vxy_max,vz_max,hagl_min,hagl_max,xy_valid,z_valid,v_xy_valid,v_z_valid,xy_reset_counter,z_reset_counter,vxy_reset_counter,vz_reset_counter,heading_reset_counter,xy_global,z_global,dist_bottom_valid
317883355,0,0.0,0.0,-0.020732692,0.013152827,-0.025535814,0.0019467305,0.017228965,-0.6386945,-0.006429467,0.00035347,0.0056022145,0.00024129325,-8.074943e-07,1.3853341e-05,-0.06303603,-0.1267688,-0.05550566,0.04202379,1.6286246,-0.38202158,0.0,0.10029196,0.03396558,0.016854076,0.05871303,0.03316057,inf,inf,inf,inf,1,1,1,1,2,1,1,1,3,0,0,1
317893716,0,0.0,0.0,-0.02074799,0.013168056,-0.025537372,0.0019467305,0.017228965,-0.6386945,-0.006087039,0.0007813126,0.005375681,2.0394058e-05,-8.074943e-07,1.3853341e-05,-0.06303603,0.032852836,0.046811163,0.0064569027,1.6286207,-0.38202158,0.0,0.100290336,0.034416683,0.016853224,0.059158687,0.03315732,inf,inf,inf,inf,1,1,1,1,2,1,1,1,3,0,0,1
318086349,0,0.0,0.0,-0.020934839,0.013471168,-0.025675809,0.0019467305,0.017228965,-0.6386945,-0.006931109,0.0017475354,0.0008658925,-0.004393957,-8.074943e-07,1.3853341e-05,-0.06303603,-0.08519337,-0.0024552022,-0.25278488,1.6286964,-0.38202158,0.0,0.10036671,0.033298876,0.016836306,0.057972573,0.03308352,inf,inf,inf,inf,1,1,1,1,2,1,1,1,3,0,0,1
318187830,0,0.0,0.0,-0.02093696,0.013621715,-0.026625901,0.0019467305,0.017228965,-0.6386945,-0.007168081,0.0010600741,-0.0076712766,-0.012858398,-8.074943e-07,1.3853341e-05,-0.06303603,-0.1991206,0.011069034,-0.08647138,1.6287308,-0.38202158,0.0,0.101305075,0.033466995,0.016827203,0.05821567,0.03305014,inf,inf,inf,inf,1,1,1,1,2,1,1,1,3,0,0,1
318289327,0,0.0,0.0,-0.020954324,0.013716053,-0.028573733,0.0019467305,0.017228965,-0.6386945,-0.006692596,0.00035380817,-0.02087734,-0.025993854,-8.074943e-07,1.3853341e-05,-0.06303603,-0.1861223,-0.14589936,-0.07547324,1.6287473,-0.38202158,0.0,0.10291971,0.03236567,0.016819183,0.057118163,0.033009447,inf,inf,inf,inf,1,1,1,1,2,1,1,1,3,0,0,1
318385921,0,0.0,0.0,-0.020906996,0.013771364,-0.031717375,0.0019467305,0.017228965,-0.6386945,-0.0060501113,0.0011588294,-0.03395804,-0.038979277,-8.074943e-07,1.3853341e-05,-0.06303603,-0.11291072,0.03443224,-0.08810826,1.6287314,-0.38202158,0.0,0.10512428,0.03229146,0.016810395,0.057128157,0.032971747,inf,inf,inf,inf,1,1,1,1,2,1,1,1,3,0,0,1
318487235,0,0.0,0.0,-0.020875841,0.0138014,-0.036177006,0.0019467305,0.017228965,-0.6386945,-0.0063577504,0.00034292397,-0.04755851,-0.05233689,-8.074943e-07,1.3853341e-05,-0.06303603,0.036153015,-0.07978933,-0.16246268,1.6287851,-0.38202158,0.0,0.10799906,0.03224957,0.016802194,0.05713952,0.032935124,inf,inf,inf,inf,1,1,1,1,2,1,1,1,3,0,0,1
318588721,0,0.0,0.0,-0.020844666,0.013777466,-0.041757047,0.0019467305,0.017228965,-0.6386945,-0.0066137384,-0.00015802844,-0.06233945,-0.0666074,-8.074943e-07,1.3853341e-05,-0.06303603,-0.2317297,-0.123189464,-0.1781372,1.6287462,-0.38202158,0.0,0.11120292,0.032226875,0.016794067,0.05727026,0.03291195,inf,inf,inf,inf,1,1,1,1,2,1,1,1,3,0,0,1
318690219,0,0.0,0.0,-0.020870617,0.013705448,-0.048274904,0.0019467305,0.017228965,-0.6386945,-0.0048566246,-0.0002249465,-0.07699587,-0.08032015,-8.074943e-07,1.3853341e-05,-0.06303603,0.3264856,-0.010785408,-0.25324464,1.6287485,-0.38202158,0.0,0.11495459,0.03222271,0.0167867,0.057392087,0.03288962,inf,inf,inf,inf,1,1,1,1,2,1,1,1,3,0,0,1
318792009,0,0.0,0.0,-0.020959783,0.013593893,-0.055628203,0.0019467305,0.017228965,-0.6386945,-0.006761709,3.8935126e-05,-0.091354765,-0.09317892,-8.074943e-07,1.3853341e-05,-0.06303603,0.0637932,0.056324564,-0.20810504,1.6287718,-0.38202158,0.0,0.11923208,0.03384901,0.016779939,0.059020046,0.03286783,inf,inf,inf,inf,1,1,1,1,2,1,1,1,3,0,0,1
318903354,0,0.0,0.0,-0.021077283,0.013454182,-0.06439327,0.0019467305,0.017228965,-0.6386945,-0.00717123,-0.00045252705,-0.10774781,-0.10716593,-8.074943e-07,1.3853341e-05,-0.06303603,0.02610564,-0.07670241,-0.2894449,1.6287707,-0.38202158,0.0,0.12443124,0.033148967,0.016773054,0.058313124,0.03284488,inf,inf,inf,inf,1,1,1,1,2,1,1,1,3,0,0,1
319091112,0,0.0,0.0,-0.02123385,0.013197473,-0.079319224,0.0019467305,0.017228965,-0.6386945,-0.005771662,-0.00014784705,-0.12948656,-0.122703776,-8.074943e-07,1.3853341e-05,-0.06303603,0.28299075,0.20522778,-0.15275373,1.6288037,-0.38202158,0.0,0.13286668,0.03335504,0.016762143,0.05861628,0.03280566,inf,inf,inf,inf,1,1,1,1,2,1,1,1,3,0,0,1
319192602,0,0.0,0.0,-0.021292312,0.013055492,-0.08736422,0.0019467305,0.017228965,-0.6386945,-0.007936816,-0.0010656943,-0.1414902,-0.13038647,-8.074943e-07,1.3853341e-05,-0.06303603,-0.20616272,-0.002549079,-0.17858161,1.6287545,-0.38202158,0.0,0.13764879,0.03235505,0.016756728,0.057658505,0.032784667,inf,inf,inf,inf,1,1,1,1,2,1,1,1,3,0,0,1
319294160,0,0.0,0.0,-0.021334326,0.012891873,-0.095147334,0.0019467305,0.017228965,-0.6386945,-0.0070968117,-0.0014320839,-0.15049341,-0.13444547,-8.074943e-07,1.3853341e-05,-0.06303603,-0.13917664,-0.043007202,-0.059298325,1.6287602,-0.38202158,0.0,0.14275606,0.032330807,0.016750911,0.057623785,0.03275359,inf,inf,inf,inf,1,1,1,1,2,1,1,1,3,0,0,1
319385427,0,0.0,0.0,-0.021372944,0.012752309,-0.10166332,0.0019467305,0.017228965,-0.6386945,-0.006570476,-0.0009738008,-0.15714927,-0.13616078,-8.074943e-07,1.3853341e-05,-0.06303603,0.093803175,0.17467704,-0.042120785,1.6287261,-0.38202158,0.0,0.14653775,0.032757457,0.016745823,0.0581329,0.03273496,inf,inf,inf,inf,1,1,1,1,2,1,1,1,3,0,0,1
319486914,0,0.0,0.0,-0.021344295,0.012613387,-0.10711873,0.0019467305,0.017228965,-0.6386945,-0.007327953,-0.0015213971,-0.16260989,-0.13502166,-8.074943e-07,1.3853341e-05,-0.06303603,-0.14573722,0.013357682,-0.042910893,1.6287389,-0.38202158,0.0,0.14897619,0.03315231,0.016739858,0.058571815,0.032712527,inf,inf,inf,inf,1,1,1,1,2,1,1,1,3,0,0,1
319588413,0,0.0,0.0,-0.02138376,0.012505889,-0.112690285,0.0019467305,0.017228965,-0.6386945,-0.0067778276,-0.001131359,-0.16967018,-0.13564724,-8.074943e-07,1.3853341e-05,-0.06303603,-0.2016611,-0.0020765462,-0.21800987,1.6287078,-0.38202158,0.0,0.15217224,0.033056874,0.016734622,0.05847216,0.032692038,inf,inf,inf,inf,1,1,1,1,2,1,1,1,3,0,0,1
319689907,0,0.0,0.0,-0.021419032,0.012395846,-0.1177887,0.0019467305,0.017228965,-0.6386945,-0.006497468,-0.0011678588,-0.17451257,-0.13382548,-8.074943e-07,1.3853341e-05,-0.06303603,0.05242107,-0.010264942,-0.21135382,1.6286702,-0.38202158,0.0,0.1562891,0.03297421,0.01672853,0.058178667,0.032651596,inf,inf,inf,inf,1,1,1,1,2,1,1,1,3,0,0,1
319989305,0,0.0,0.0,-0.02128215,0.012150011,-0.12756488,0.0019467305,0.017228965,-0.6386945,-0.0062486846,-0.0015518682,-0.18171361,-0.120781936,-8.074943e-07,1.3853341e-05,-0.06303603,-0.08716254,-0.021944048,-0.3172161,1.6286633,-0.38202158,0.0,0.16155066,0.032828752,0.016711093,0.058068905,0.032586265,inf,inf,inf,inf,1,1,1,1,2,1,1,1,3,0,0,1
320090813,0,0.0,0.0,-0.021224922,0.01211242,-0.12965514,0.0019467305,0.017228965,-0.6386945,-0.0059675165,-0.0012765842,-0.18201613,-0.114543505,-8.074943e-07,1.3853341e-05,-0.06303603,0.20110182,0.020969091,-0.24086462,1.6286638,-0.38202158,0.0,0.16245845,0.03280563,0.016705727,0.058099072,0.03256853,inf,inf,inf,inf,1,1,1,1,2,1,1,1,3,0,0,1
320390194,0,0.0,0.0,-0.021168917,0.012208711,-0.12900332,0.0019467305,0.017228965,-0.6386945,-0.0070203138,-0.0008058436,-0.17778844,-0.09160999,-8.074943e-07,1.3853341e-05,-0.06303603,0.053644113,0.057609398,-0.24492127,1.628554,-0.38202158,0.0,0.16071124,0.032468926,0.016690029,0.057718772,0.032498144,inf,inf,inf,inf,1,1,1,1,2,1,1,1,3,0,0,1
320491704,0,0.0,0.0,-0.021212624,0.01228368,-0.1286566,0.0019467305,0.017228965,-0.6386945,-0.0065207602,-0.00062489905,-0.175235,-0.08378265,-8.074943e-07,1.3853341e-05,-0.06303603,0.047256723,0.10656891,-0.08791095,1.6285603,-0.38202158,0.0,0.15989703,0.032457903,0.0166848,0.05773411,0.032482304,inf,inf,inf,inf,1,1,1,1,2,1,1,1,3,0,0,1
320593431,0,0.0,0.0,-0.021260243,0.012392894,-0.12796035,0.0019467305,0.017228965,-0.6386945,-0.0072831255,-0.0003477168,-0.17307827,-0.07677512,-8.074943e-07,1.3853341e-05,-0.06303603,-0.1935459,-0.020879455,-0.118003786,1.6285735,-0.38202158,0.0,0.15946028,0.031780552,0.016679587,0.057062313,0.032458585,inf,inf,inf,inf,1,1,1,1,2,1,1,1,3,0,0,1
320785994,0,0.0,0.0,-0.021418888,0.012612264,-0.12513235,0.0019467305,0.017228965,-0.6386945,-0.0071160984,-0.00024214674,-0.1676189,-0.06355736,-8.074943e-07,1.3853341e-05,-0.06303603,-0.10119539,-0.07474705,-0.13888639,1.6285051,-0.38202158,0.0,0.15648532,0.03244787,0.016670575,0.05787843,0.032430723,inf,inf,inf,inf,1,1,1,1,2,1,1,1,3,0,0,1
321892259,0,0.0,0.0,-0.02262838,0.013616303,-0.09831348,0.0019467305,0.017228965,-0.6386945,-0.007936255,0.0009235128,-0.13632081,-0.017150348,-8.074943e-07,1.3853341e-05,-0.06303603,-0.0049893265,-0.11272531,-0.26255694,1.6283027,-0.38202158,0.0,0.13438812,0.033102646,0.016629392,0.05795249,0.03227018,inf,inf,inf,inf,1,1,1,1,2,1,1,1,3,0,0,1
322085079,0,0.0,0.0,-0.022521107,0.013751665,-0.094546095,0.0019467305,0.017228965,-0.6386945,-0.0070320824,0.0023750705,-0.12987241,-0.011789504,-8.074943e-07,1.3853341e-05,-0.06303603,0.09054672,0.07910548,-0.070470266,1.6282468,-0.38202158,0.0,0.13123411,0.032437522,0.016623002,0.057561252,0.032247603,inf,inf,inf,inf,1,1,1,1,2,1,1,1,3,0,0,1
322293135,0,0.0,0.0,-0.022172011,0.013820436,-0.09017115,0.0019467305,0.017228965,-0.6386945,-0.0062059322,0.0009950987,-0.12746824,-0.0113229705,-8.074943e-07,1.3853341e-05,-0.06303603,-0.04507696,0.5995661,-0.12406405,1.6282656,-0.38202158,0.0,0.12749428,0.031978715,0.016616406,0.05737316,0.032222435,inf,inf,inf,inf,1,1,1,1,2,1,1,1,3,0,0,1
322384475,0,0.0,0.0,-0.021953505,0.013895593,-0.08921425,0.0019467305,0.017228965,-0.6386945,-0.0029129859,0.0021035725,-0.13382787,-0.018496705,-8.074943e-07,1.3853341e-05,-0.06303603,0.7449518,0.36373985,-0.7533695,1.6281623,-0.38202158,0.0,0.1271519,0.032475457,0.01661343,0.058873687,0.0322051,inf,inf,inf,inf,1,1,1,1,2,1,1,1,3,0,0,1
322587455,0,0.0,0.0,-0.02201966,0.012063723,-0.10621446,0.0019467305,0.017228965,-0.6386945,-0.015439765,-0.01967786,-0.3406583,-0.22782083,-8.074943e-07,1.3853341e-05,-0.06303603,-1.534842,1.4921228,-2.241253,1.6015705,-0.38202158,0.0,0.14428619,0.032811083,0.016607033,0.066077605,0.03218422,inf,inf,inf,inf,1,1,1,1,2,1,1,1,3,0,0,1
322688947,0,0.0,0.0,-0.022384586,0.009062282,-0.12874678,0.0019467305,0.017228965,-0.6386945,-0.016779894,-0.027642494,-0.38036987,-0.2703852,-8.074943e-07,1.3853341e-05,-0.06303603,-1.8905349,-0.73669946,-1.0589073,1.5808603,-0.38202158,0.0,0.1668185,0.03274258,0.01660432,0.070989594,0.032190394,inf,inf,inf,inf,1,1,1,1,2,1,1,1,3,0,0,1
322790428,0,0.0,0.0,-0.02292536,0.0060178037,-0.16223098,0.0019467305,0.017228965,-0.6386945,-0.01567233,-0.01875135,-0.48657355,-0.38017806,-8.074943e-07,1.3853341e-05,-0.06303603,-0.49593315,1.3599131,-1.2666637,1.5686241,-0.38202158,0.0,0.20030272,0.032491848,0.016602797,0.07479192,0.032183148,inf,inf,inf,inf,1,1,1,1,2,1,1,1,3,0,0,1
322887101,0,0.0,0.0,-0.023439439,0.0030391964,-0.20452435,0.0019467305,0.017228965,-0.6386945,-0.0072503164,-0.025524404,-0.57977366,-0.477312,-8.074943e-07,1.3853341e-05,-0.06303603,0.14721303,-0.31480798,0.06279131,1.5613399,-0.38202158,0.0,0.24259609,0.033540778,0.016600663,0.07958852,0.032173093,inf,inf,inf,inf,1,1,1,1,2,1,1,1,3,0,0,1
323384269,0,0.0,0.0,-0.020716257,-0.012846665,-0.5389244,0.0019467305,0.017228965,-0.6386945,0.0053089117,-0.026414478,-0.64538175,-0.5658556,-8.074943e-07,1.3853341e-05,-0.06303603,-0.58865726,-0.9027538,1.0540045,1.5603021,-0.38202158,0.0,0.57699615,0.035179183,0.016594728,0.083507635,0.032149445,inf,inf,inf,inf,1,1,1,1,2,1,1,1,3,0,0,1
324591856,0,0.0,0.0,-0.018086595,0.06403942,-0.74362916,0.0019467305,0.017228965,-0.6386945,-0.017788611,0.033990044,-0.36344257,-0.16788302,-8.074943e-07,1.3853341e-05,-0.06303603,-1.0072753,0.3891042,-0.15009223,1.565072,-0.38202158,0.0,0.7817009,0.033169642,0.016548945,0.06292974,0.03194972,inf,inf,inf,inf,1,1,1,1,2,1,1,1,3,0,0,1
324683427,0,0.0,0.0,-0.020212464,0.06599085,-0.74774855,0.0019467305,0.017228965,-0.6386945,-0.0153506,0.024236698,-0.35561907,-0.15617457,-8.074943e-07,1.3853341e-05,-0.06303603,-0.5472634,0.015754927,-0.27069607,1.5637754,-0.38202158,0.0,0.7858203,0.032951932,0.01654683,0.062330924,0.03194434,inf,inf,inf,inf,1,1,1,1,2,1,1,1,3,0,0,1
324789754,0,0.0,0.0,-0.022669455,0.06613924,-0.7507666,0.0019467305,0.017228965,-0.6386945,-0.0125494795,0.0059505496,-0.34601453,-0.14297545,-8.074943e-07,1.3853341e-05,-0.06303603,0.61166865,-0.579672,-0.2370303,1.5638682,-0.38202158,0.0,0.7888383,0.033589672,0.016544495,0.0625352,0.031939205,inf,inf,inf,inf,1,1,1,1,2,1,1,1,3,0,0,1
324891238,0,0.0,0.0,-0.02462118,0.0643793,-0.75513875,0.0019467305,0.017228965,-0.6386945,-0.010629144,-0.0042871647,-0.34428346,-0.13874888,-8.074943e-07,1.3853341e-05,-0.06303603,-0.24715546,-0.12632823,0.72074986,1.5641851,-0.38202158,0.0,0.7932105,0.033571072,0.01654259,0.061958227,0.031934705,inf,inf,inf,inf,1,1,1,1,2,1,1,1,3,0,0,1
324992726,0,0.0,0.0,-0.026318396,0.0606154,-0.75939506,0.0019467305,0.017228965,-0.6386945,-0.010957018,-0.023468792,-0.33988652,-0.13217624,-8.074943e-07,1.3853341e-05,-0.06303603,-0.58965963,-0.8334489,0.15833627,1.5646088,-0.38202158,0.0,0.7974668,0.032706548,0.016540717,0.06050385,0.03192513,inf,inf,inf,inf,1,1,1,1,2,1,1,1,3,0,0,1
325094430,0,0.0,0.0,-0.027830033,0.05474877,-0.76296943,0.0019467305,0.017228965,-0.6386945,-0.008125487,-0.033089217,-0.32370892,-0.11431943,-8.074943e-07,1.3853341e-05,-0.06303603,-0.1323909,0.42973235,-0.42764595,1.5656384,-0.38202158,0.0,0.8010412,0.032931786,0.016538927,0.060472332,0.031920493,inf,inf,inf,inf,1,1,1,1,2,1,1,1,3,0,0,1
325185626,0,0.0,0.0,-0.028943917,0.04833185,-0.7665114,0.0019467305,0.017228965,-0.6386945,-0.004840453,-0.04495487,-0.34473708,-0.1342237,-8.074943e-07,1.3853341e-05,-0.06303603,0.40623993,0.07712547,-1.0781692,1.5644631,-0.38202158,0.0,0.80458313,0.032639984,0.016537452,0.059883256,0.0319173,inf,inf,inf,inf,1,1,1,1,2,1,1,1,3,0,0,1
325292156,0,0.0,0.0,-0.029597696,0.03945794,-0.7692288,0.0019467305,0.017228965,-0.6386945,0.0052111303,-0.055046186,-0.31058967,-0.09907229,-8.074943e-07,1.3853341e-05,-0.06303603,1.229009,0.6837939,-0.225455,1.5621254,-0.38202158,0.0,0.80730057,0.03320972,0.01653577,0.06015916,0.03191195,inf,inf,inf,inf,1,1,1,1,2,1,1,1,3,0,0,1
325388520,0,0.0,0.0,-0.029641546,0.03081268,-0.7691574,0.0019467305,0.017228965,-0.6386945,0.0041837534,-0.06408386,-0.29957935,-0.087443665,-8.074943e-07,1.3853341e-05,-0.06303603,-0.4370714,-0.6523597,-0.056046672,1.5588253,-0.38202158,0.0,0.80722916,0.03319114,0.016534457,0.05981178,0.031908806,inf,inf,inf,inf,1,1,1,1,2,1,1,1,3,0,0,1
325490012,0,0.0,0.0,-0.02898794,0.021920955,-0.771707,0.0019467305,0.017228965,-0.6386945,0.012673549,-0.060086176,-0.31152558,-0.098612435,-8.074943e-07,1.3853341e-05,-0.06303603,-0.36382055,-0.14115939,0.13233535,1.5547142,-0.38202158,0.0,0.80977875,0.033102255,0.016533054,0.059306346,0.031897537,inf,inf,inf,inf,1,1,1,1,2,1,1,1,3,0,0,1
325586656,0,0.0,0.0,-0.027740303,0.014136457,-0.77239865,0.0019467305,0.017228965,-0.6386945,0.015177953,-0.05651289,-0.29492274,-0.08095646,-8.074943e-07,1.3853341e-05,-0.06303603,0.63647693,1.0900424,-0.6277572,1.5533773,-0.38202158,0.0,0.8104704,0.03305068,0.01653128,0.05899773,0.03188972,inf,inf,inf,inf,1,1,1,1,2,1,1,1,3,0,0,1
325687915,0,0.0,0.0,-0.025867224,0.0063734176,-0.77533937,0.0019467305,0.017228965,-0.6386945,0.020757869,-0.06499348,-0.30427945,-0.08981634,-8.074943e-07,1.3853341e-05,-0.06303603,0.032186277,-0.8833284,1.7019219,1.5523531,-0.38202158,0.0,0.8134111,0.03305745,0.016529685,0.05881197,0.031881113,inf,inf,inf,inf,1,1,1,1,2,1,1,1,3,0,0,1
325789392,0,0.0,0.0,-0.023694126,-0.00071839505,-0.7787605,0.0019467305,0.017228965,-0.6386945,0.017923739,-0.057359613,-0.30359316,-0.089025974,-8.074943e-07,1.3853341e-05,-0.06303603,-0.08586649,0.49435067,-1.4070104,1.5550892,-0.38202158,0.0,0.81683224,0.033045385,0.016527943,0.05869492,0.031876337,inf,inf,inf,inf,1,1,1,1,2,1,1,1,3,0,0,1
325890881,0,0.0,0.0,-0.021860346,-0.006778258,-0.7817568,0.0019467305,0.017228965,-0.6386945,0.015371538,-0.048476998,-0.29343396,-0.07958594,-8.074943e-07,1.3853341e-05,-0.06303603,-0.0027778025,-0.7817741,0.4353226,1.5652646,-0.38202158,0.0,0.81982857,0.03302579,0.016526453,0.058614586,0.031872917,inf,inf,inf,inf,1,1,1,1,2,1,1,1,3,0,0,1
325992583,0,0.0,0.0,-0.020683797,-0.010235863,-0.7847396,0.0019467305,0.017228965,-0.6386945,0.005507847,-0.020100608,-0.27912933,-0.066572,-8.074943e-07,1.3853341e-05,-0.06303603,-0.905482,0.0009283578,0.96410155,1.5798082,-0.38202158,0.0,0.82281137,0.03218083,0.016525058,0.057708506,0.03186807,inf,inf,inf,inf,1,1,1,1,2,1,1,1,3,0,0,1
326083859,0,0.0,0.0,-0.020160237,-0.010718516,-0.7878644,0.0019467305,0.017228965,-0.6386945,0.006182154,-0.00018189725,-0.29251644,-0.08148526,-8.074943e-07,1.3853341e-05,-0.06303603,-0.5244602,0.8895709,-0.75954634,1.5925704,-0.38202158,0.0,0.82593614,0.03267764,0.016523844,0.05823865,0.031864062,inf,inf,inf,inf,1,1,1,1,2,1,1,1,3,0,0,1
326291759,0,0.0,0.0,-0.020078568,-0.006184668,-0.7935826,0.0019467305,0.017228965,-0.6386945,0.007539898,0.015055684,-0.27879304,-0.07209036,-8.074943e-07,1.3853341e-05,-0.06303603,0.56839836,0.34242553,0.0985301,1.6125157,-0.38202158,0.0,0.83165437,0.032396175,0.016521169,0.057931397,0.03185373,inf,inf,inf,inf,1,1,1,1,2,1,1,1,3,0,0,1
326383095,0,0.0,0.0,-0.020396478,-0.0025853352,-0.7969365,0.0019467305,0.017228965,-0.6386945,0.0033161074,0.020392349,-0.26169637,-0.056693137,-8.074943e-07,1.3853341e-05,-0.06303603,-0.004059432,-0.030375851,1.6234145,1.61712,-0.38202158,0.0,0.83500826,0.033739988,0.016519908,0.05916079,0.031844813,inf,inf,inf,inf,1,1,1,1,2,1,1,1,3,0,0,1
326586060,0,0.0,0.0,-0.02322188,0.0045963605,-0.8031462,0.0019467305,0.017228965,-0.6386945,-0.011778785,0.005574674,-0.257151,-0.056221057,-8.074943e-07,1.3853341e-05,-0.06303603,-0.021905195,-0.20456643,0.36259332,1.6158481,-0.38202158,0.0,0.84121794,0.034113027,0.016517097,0.059208587,0.03183479,inf,inf,inf,inf,1,1,1,1,2,1,1,1,3,0,0,1
326789033,0,0.0,0.0,-0.029957222,0.009518406,-0.80847734,0.0019467305,0.017228965,-0.6386945,-0.018668002,0.0042696074,-0.25261295,-0.05562927,-8.074943e-07,1.3853341e-05,-0.06303603,-0.079166815,-0.68068504,0.47435585,1.5975456,-0.38202158,0.0,0.8465491,0.033412363,0.016514419,0.058394928,0.031824593,inf,inf,inf,inf,1,1,1,1,2,1,1,1,3,0,0,1
326890523,0,0.0,0.0,-0.033823315,0.011201238,-0.8081274,0.0019467305,0.017228965,-0.6386945,-0.016399667,0.0033299408,-0.2575236,-0.062425487,-8.074943e-07,1.3853341e-05,-0.06303603,-0.17130165,0.28305706,-0.96928656,1.5827253,-0.38202158,0.0,0.84619915,0.03356196,0.016512964,0.058566548,0.03181894,inf,inf,inf,inf,1,1,1,1,2,1,1,1,3,0,0,1
326987022,0,0.0,0.0,-0.036961906,0.011586409,-0.8091776,0.0019467305,0.017228965,-0.6386945,-0.012651478,-0.00900475,-0.24860553,-0.05478944,-8.074943e-07,1.3853341e-05,-0.06303603,-1.4141718,-1.5238883,0.6403497,1.5688947,-0.38202158,0.0,0.8472493,0.034205567,0.016511586,0.05899664,0.03180574,inf,inf,inf,inf,1,1,1,1,2,1,1,1,3,0,0,1
327088408,0,0.0,0.0,-0.039354406,0.009875857,-0.8120707,0.0019467305,0.017228965,-0.6386945,-0.00603788,-0.026696187,-0.24524255,-0.05211427,-8.074943e-07,1.3853341e-05,-0.06303603,-0.40629143,-0.18799458,0.07550144,1.557391,-0.38202158,0.0,0.8501425,0.033777907,0.016509794,0.058452927,0.031797513,inf,inf,inf,inf,1,1,1,1,2,1,1,1,3,0,0,1
327189901,0,0.0,0.0,-0.04136153,0.0058484115,-0.8142903,0.0019467305,0.017228965,-0.6386945,-0.0021255668,-0.02988371,-0.22795701,-0.035808895,-8.074943e-07,1.3853341e-05,-0.06303603,0.3385671,-0.09217247,0.6487645,1.549336,-0.38202158,0.0,0.85236204,0.033454,0.016507998,0.058218498,0.0317931,inf,inf,inf,inf,1,1,1,1,2,1,1,1,3,0,0,1
327291379,0,0.0,0.0,-0.042515337,0.001028953,-0.8162246,0.0019467305,0.017228965,-0.6386945,0.008752793,-0.028388143,-0.244111,-0.053367645,-8.074943e-07,1.3853341e-05,-0.06303603,-0.18905059,0.66481364,-0.6932134,1.5411268,-0.38202158,0.0,0.8542963,0.0332173,0.016506376,0.058086,0.03178833,inf,inf,inf,inf,1,1,1,1,2,1,1,1,3,0,0,0
327392972,0,0.0,0.0,-0.042103063,-0.0049783015,-0.8178837,0.0019467305,0.017228965,-0.6386945,0.016209465,-0.041709572,-0.23237889,-0.04329738,-8.074943e-07,1.3853341e-05,-0.06303603,-1.6140989,-1.1450665,-0.35227275,1.5366833,-0.38202158,0.0,0.8559554,0.03224325,0.016504848,0.057280883,0.031783257,inf,inf,inf,inf,1,1,1,1,2,1,1,1,3,0,0,0
327590778,0,0.0,0.0,-0.03730628,-0.017997462,-0.81890786,0.0019467305,0.017228965,-0.6386945,0.03553547,-0.029462053,-0.21467084,-0.029607601,-8.074943e-07,1.3853341e-05,-0.06303603,-0.8289964,0.90066487,-0.43935788,1.5424025,-0.38202158,0.0,0.8569796,0.032960173,0.016502148,0.058203254,0.031774715,inf,inf,inf,inf,1,1,1,1,2,1,1,1,3,0,0,0
327692261,0,0.0,0.0,-0.03293257,-0.025053784,-0.81994116,0.0019467305,0.017228965,-0.6386945,0.04546703,-0.040949788,-0.22139135,-0.038682852,-8.074943e-07,1.3853341e-05,-0.06303603,0.5190949,0.96483546,-1.4051616,1.5497189,-0.38202158,0.0,0.8580129,0.032803606,0.016500872,0.058062084,0.031770032,inf,inf,inf,inf,1,1,1,1,2,1,1,1,3,0,0,0
327783615,0,0.0,0.0,-0.02819965,-0.031846188,-0.82188785,0.0019467305,0.017228965,-0.6386945,0.047578957,-0.041324664,-0.21701916,-0.036435083,-8.074943e-07,1.3853341e-05,-0.06303603,0.33080488,-0.8738397,-0.22060718,1.5587838,-0.38202158,0.0,0.8599596,0.034884438,0.01649964,0.059947852,0.031762693,inf,inf,inf,inf,1,1,1,1,2,1,1,1,3,0,0,0
327885185,0,0.0,0.0,-0.022449587,-0.03877297,-0.8247665,0.0019467305,0.017228965,-0.6386945,0.048263226,-0.032811955,-0.2193681,-0.041782692,-8.074943e-07,1.3853341e-05,-0.06303603,-0.2211101,-0.94654024,0.99792325,1.5699089,-0.38202158,0.0,0.86283827,0.034289945,0.016498301,0.0592089,0.03175941,inf,inf,inf,inf,1,1,1,1,2,1,1,1,3,0,0,0
327986548,0,0.0,0.0,-0.016263923,-0.044515245,-0.82877934,0.0019467305,0.017228965,-0.6386945,0.04551266,-0.013064365,-0.2021107,-0.028448282,-8.074943e-07,1.3853341e-05,-0.06303603,-0.5610408,0.58509946,0.89399153,1.5820194,-0.38202158,0.0,0.8668511,0.033841435,0.016497057,0.058748204,0.03175505,inf,inf,inf,inf,1,1,1,1,2,1,1,1,3,0,0,0
328093125,0,0.0,0.0,-0.00977444,-0.049215253,-0.83288324,0.0019467305,0.017228965,-0.6386945,0.045753747,-0.0014358242,-0.21669336,-0.04815429,-8.074943e-07,1.3853341e-05,-0.06303603,0.5990931,-0.20558575,-1.3287069,1.5938516,-0.38202158,0.0,0.870955,0.03301522,0.016495766,0.05801892,0.03175105,inf,inf,inf,inf,1,1,1,1,2,1,1,1,3,0,0,0
328189520,0,0.0,0.0,-0.0042325263,-0.051318947,-0.8373028,0.0019467305,0.017228965,-0.6386945,0.039620765,0.016378483,-0.1983743,-0.034918837,-8.074943e-07,1.3853341e-05,-0.06303603,0.7662494,-1.7680207,0.33533788,1.6010634,-0.38202158,0.0,0.87537456,0.03283496,0.01649459,0.057923872,0.031745367,inf,inf,inf,inf,1,1,1,1,2,1,1,1,3,0,0,0
328286201,0,0.0,0.0,0.00075173797,-0.05145126,-0.8427162,0.0019467305,0.017228965,-0.6386945,0.027420998,0.03583529,-0.20076132,-0.042365983,-8.074943e-07,1.3853341e-05,-0.06303603,-1.8798547,0.8998908,0.4235159,1.602941,-0.38202158,0.0,0.88078797,0.032049667,0.0164934,0.057175964,0.031736135,inf,inf,inf,inf,1,1,1,1,2,1,1,1,3,0,0,0
328387412,0,0.0,0.0,0.005145392,-0.049785987,-0.8489322,0.0019467305,0.017228965,-0.6386945,0.026569488,0.045144342,-0.18486924,-0.031183532,-8.074943e-07,1.3853341e-05,-0.06303603,-0.29590255,0.8163432,-0.65049624,1.5988063,-0.38202158,0.0,0.88700396,0.03150393,0.016491896,0.056906465,0.031731427,inf,inf,inf,inf,1,1,1,1,2,1,1,1,3,0,0,0
328590383,0,0.0,0.0,0.010805025,-0.043666173,-0.85941404,0.0019467305,0.017228965,-0.6386945,0.0047601685,0.049390145,-0.17317821,-0.0287982,-8.074943e-07,1.3853341e-05,-0.06303603,-1.0424026,0.92737204,-0.50361425,1.5792961,-0.38202158,0.0,0.8974858,0.031371318,0.01648906,0.056981176,0.031720545,inf,inf,inf,inf,1,1,1,1,2,1,1,1,3,0,0,0
328692174,0,0.0,0.0,0.012318514,-0.040128812,-0.86529166,0.0019467305,0.017228965,-0.6386945,0.00065716135,0.05402083,-0.17186442,-0.031822372,-8.074943e-07,1.3853341e-05,-0.06303603,-0.4767768,-0.15648036,0.8406265,1.5705141,-0.38202158,0.0,0.9033634,0.03173484,0.016487736,0.057441354,0.03171652,inf,inf,inf,inf,1,1,1,1,2,1,1,1,3,0,0,0
328793341,0,0.0,0.0,0.012694565,-0.03587488,-0.87057704,0.0019467305,0.017228965,-0.6386945,-0.013439974,0.059970077,-0.15932421,-0.023415916,-8.074943e-07,1.3853341e-05,-0.06303603,-0.3515571,0.5236679,0.7649327,1.5643535,-0.38202158,0.0,0.9086488,0.03131696,0.016486542,0.057091877,0.0317136,inf,inf,inf,inf,1,1,1,1,2,1,1,1,3,0,0,0
328884679,0,0.0,0.0,0.0118324645,-0.03205025,-0.8740351,0.0019467305,0.017228965,-0.6386945,-0.025765926,0.05379374,-0.14858297,-0.016153958,-8.074943e-07,1.3853341e-05,-0.06303603,-0.68836606,-0.101661794,-0.66036654,1.5601748,-0.38202158,0.0,0.9121069,0.031267595,0.016485572,0.057058115,0.031710565,inf,inf,inf,inf,1,1,1,1,2,1,1,1,3,0,0,0
328991284,0,0.0,0.0,0.009545713,-0.029009612,-0.8779958,0.0019467305,0.017228965,-0.6386945,-0.035730656,0.037113253,-0.15885834,-0.03020333,-8.074943e-07,1.3853341e-05,-0.06303603,-0.24730223,-1.2076124,0.57945526,1.5579879,-0.38202158,0.0,0.91606754,0.03201953,0.016484443,0.057762653,0.031706274,inf,inf,inf,inf,1,1,1,1,2,1,1,1,3,0,0,0
329092716,0,0.0,0.0,0.0060075037,-0.027269656,-0.88106734,0.0019467305,0.017228965,-0.6386945,-0.047057133,0.031408112,-0.1331303,-0.007493909,-8.074943e-07,1.3853341e-05,-0.06303603,0.1227438,-0.89382476,0.41534954,1.5589945,-0.38202158,0.0,0.9191391,0.031458113,0.016483441,0.057121366,0.031703312,inf,inf,inf,inf,1,1,1,1,2,1,1,1,3,0,0,0
329184258,0,0.0,0.0,0.0021834779,-0.02692908,-0.88384765,0.0019467305,0.017228965,-0.6386945,-0.050608564,0.024494303,-0.15755768,-0.034244437,-8.074943e-07,1.3853341e-05,-0.06303603,0.021125115,0.05948449,-1.243044,1.560293,-0.38202158,0.0,0.9219194,0.032111052,0.016482584,0.057651594,0.031698313,inf,inf,inf,inf,1,1,1,1,2,1,1,1,3,0,0,0
329285555,0,0.0,0.0,-0.002244426,-0.027520861,-0.8869045,0.0019467305,0.017228965,-0.6386945,-0.051534653,0.022032121,-0.13556553,-0.014421992,-8.074943e-07,1.3853341e-05,-0.06303603,1.1120373,-0.12843046,-0.5003483,1.5613542,-0.38202158,0.0,0.9249762,0.032317497,0.016481511,0.057774365,0.031694595,inf,inf,inf,inf,1,1,1,1,2,1,1,1,3,0,0,0
329488504,0,0.0,0.0,-0.010490781,-0.030891687,-0.89139444,0.0019467305,0.017228965,-0.6386945,-0.055482794,0.0070556877,-0.12148456,-0.004330284,-8.074943e-07,1.3853341e-05,-0.06303603,-0.71266514,-0.280076,0.8802474,1.561074,-0.38202158,0.0,0.9294662,0.032888465,0.016479611,0.05794906,0.03168823,inf,inf,inf,inf,1,1,1,1,2,1,1,1,3,0,0,0
329590165,0,0.0,0.0,-0.01405872,-0.03401381,-0.8918398,0.0019467305,0.017228965,-0.6386945,-0.052230615,-0.0021607357,-0.124858126,-0.0094649475,-8.074943e-07,1.3853341e-05,-0.06303603,0.115974784,-0.12328935,-0.78536314,1.5632395,-0.38202158,0.0,0.92991155,0.034447588,0.01647874,0.059419166,0.03168635,inf,inf,inf,inf,1,1,1,1,2,1,1,1,3,0,0,0
329691471,0,0.0,0.0,-0.01647375,-0.038460914,-0.89237744,0.0019467305,0.017228965,-0.6386945,-0.04884235,-0.006951636,-0.13095218,-0.017236754,-8.074943e-07,1.3853341e-05,-0.06303603,-0.2619386,-0.80098367,0.6063788,1.5695325,-0.38202158,0.0,0.9304492,0.03441043,0.016477805,0.05912187,0.03168197,inf,inf,inf,inf,1,1,1,1,2,1,1,1,3,0,0,0
329787868,0,0.0,0.0,-0.017727451,-0.042524915,-0.8928104,0.0019467305,0.017228965,-0.6386945,-0.042552363,0.0031446964,-0.12955451,-0.017275043,-8.074943e-07,1.3853341e-05,-0.06303603,0.069219284,1.6380533,-1.8728628,1.5767894,-0.38202158,0.0,0.93088216,0.03306329,0.016476993,0.057815395,0.031680223,inf,inf,inf,inf,1,1,1,1,2,1,1,1,3,0,0,0
329889380,0,0.0,0.0,-0.017747764,-0.046155494,-0.89428866,0.0019467305,0.017228965,-0.6386945,-0.028014053,0.0078186765,-0.12583008,-0.014433954,-8.074943e-07,1.3853341e-05,-0.06303603,0.09461452,0.9256396,-0.54946035,1.586202,-0.38202158,0.0,0.9323604,0.0328133,0.016476039,0.057404783,0.03167256,inf,inf,inf,inf,1,1,1,1,2,1,1,1,3,0,0,0
329990845,0,0.0,0.0,-0.01607201,-0.048035458,-0.89550364,0.0019467305,0.017228965,-0.6386945,-0.015642349,0.022130625,-0.11689015,-0.006218219,-8.074943e-07,1.3853341e-05,-0.06303603,-0.25018743,0.35957214,1.4483016,1.5933905,-0.38202158,0.0,0.9335754,0.03262155,0.016474964,0.057225432,0.031667713,inf,inf,inf,inf,1,1,1,1,2,1,1,1,3,0,0,0
330092407,0,0.0,0.0,-0.012393638,-0.048337027,-0.8961626,0.0019467305,0.017228965,-0.6386945,-0.0002700415,0.030067008,-0.116945915,-0.007189124,-8.074943e-07,1.3853341e-05,-0.06303603,0.18853529,-0.2878525,0.8760868,1.5976446,-0.38202158,0.0,0.9342344,0.032529086,0.016473956,0.057349868,0.03166494,inf,inf,inf,inf,1,1,1,1,2,1,1,1,3,0,0,0
330193802,0,0.0,0.0,-0.0068741953,-0.046419576,-0.89692456,0.0019467305,0.017228965,-0.6386945,0.0088284295,0.054598533,-0.113900125,-0.0052091395,-8.074943e-07,1.3853341e-05,-0.06303603,0.0633032,-0.74447584,0.6121675,1.6003351,-0.38202158,0.0,0.9349963,0.03178544,0.016473021,0.056858905,0.03166207,inf,inf,inf,inf,1,1,1,1,2,1,1,1,3,0,0,0
330285139,0,0.0,0.0,-0.0011992095,-0.041740928,-0.897332,0.0019467305,0.017228965,-0.6386945,0.011964626,0.075780146,-0.11796078,-0.010305488,-8.074943e-07,1.3853341e-05,-0.06303603,-0.21551266,-1.1908939,0.81100255,1.6013806,-0.38202158,0.0,0.93540376,0.031567782,0.016472245,0.0568889,0.031660184,inf,inf,inf,inf,1,1,1,1,2,1,1,1,3,0,0,0
330386619,0,0.0,0.0,0.0054565324,-0.034055583,-0.898076,0.0019467305,0.017228965,-0.6386945,0.011554504,0.093989514,-0.10967435,-0.0032180015,-8.074943e-07,1.3853341e-05,-0.06303603,-0.59047407,1.0331821,0.5410988,1.6029896,-0.38202158,0.0,0.93614775,0.031847563,0.016471462,0.05740044,0.031657968,inf,inf,inf,inf,1,1,1,1,2,1,1,1,3,0,0,0
330584557,0,0.0,0.0,0.018212989,-0.015391266,-0.8990357,0.0019467305,0.017228965,-0.6386945,0.0095373085,0.09366569,-0.1201428,-0.016012613,-8.074943e-07,1.3853341e-05,-0.06303603,-0.31389007,-0.8898446,0.19819826,1.6030433,-0.38202158,0.0,0.93710744,0.031559322,0.016470067,0.05732358,0.03165378,inf,inf,inf,inf,1,1,1,1,2,1,1,1,3,0,0,0
330691109,0,0.0,0.0,0.024098303,-0.0047134385,-0.8993921,0.0019467305,0.017228965,-0.6386945,0.007580801,0.09338953,-0.10884656,-0.0057004658,-8.074943e-07,1.3853341e-05,-0.06303603,0.17387001,-0.7433548,1.9058694,1.6017393,-0.38202158,0.0,0.9374639,0.03232966,0.016469344,0.058077727,0.031649183,inf,inf,inf,inf,1,1,1,1,2,1,1,1,3,0,0,0
330787471,0,0.0,0.0,0.028452262,0.0045919614,-0.8992501,0.0019467305,0.017228965,-0.6386945,0.00011115696,0.09147786,-0.11293309,-0.010440439,-8.074943e-07,1.3853341e-05,-0.06303603,-0.15926643,0.40257218,-0.027241286,1.6005225,-0.38202158,0.0,0.93732184,0.03248981,0.01646862,0.058221914,0.031647276,inf,inf,inf,inf,1,1,1,1,2,1,1,1,3,0,0,0
330888950,0,0.0,0.0,0.03141847,0.013235144,-0.8993091,0.0019467305,0.017228965,-0.6386945,-0.0059375074,0.0774132,-0.121791795,-0.019734628,-8.074943e-07,1.3853341e-05,-0.06303603,0.51969,-0.7879364,-1.1231514,1.597685,-0.38202158,0.0,0.93738085,0.031852543,0.016467895,0.05737919,0.03164242,inf,inf,inf,inf,1,1,1,1,2,1,1,1,3,0,0,0
330990531,0,0.0,0.0,0.032898296,0.020582087,-0.8997165,0.0019467305,0.017228965,-0.6386945,-0.01634816,0.07283845,-0.10816952,-0.0060740043,-8.074943e-07,1.3853341e-05,-0.06303603,0.10770234,0.081036024,-0.5232793,1.5937204,-0.38202158,0.0,0.93778825,0.032001913,0.01646702,0.05737251,0.031638224,inf,inf,inf,inf,1,1,1,1,2,1,1,1,3,0,0,0
331091918,0,0.0,0.0,0.033061966,0.026277637,-0.89956784,0.0019467305,0.017228965,-0.6386945,-0.023155043,0.06329138,-0.12197172,-0.019921843,-8.074943e-07,1.3853341e-05,-0.06303603,-0.7271087,1.7206938,-1.1451582,1.5888169,-0.38202158,0.0,0.9376396,0.032133617,0.016466206,0.057549108,0.0316366,inf,inf,inf,inf,1,1,1,1,2,1,1,1,3,0,0,0
331193394,0,0.0,0.0,0.031968426,0.030441063,-0.89918125,0.0019467305,0.017228965,-0.6386945,-0.02734832,0.04759054,-0.10729459,-0.005287495,-8.074943e-07,1.3853341e-05,-0.06303603,0.5511348,-1.4131284,0.23911938,1.5843606,-0.38202158,0.0,0.937253,0.03229278,0.016465468,0.057708528,0.031634253,inf,inf,inf,inf,1,1,1,1,2,1,1,1,3,0,0,0
331391528,0,0.0,0.0,0.026279593,0.03258451,-0.89731866,0.0019467305,0.017228965,-0.6386945,-0.040351544,0.020504491,-0.11344108,-0.011199163,-8.074943e-07,1.3853341e-05,-0.06303603,-0.55954385,-0.84866035,0.9408816,1.5775009,-0.38202158,0.0,0.9353904,0.03252879,0.01646417,0.057955794,0.031630397,inf,inf,inf,inf,1,1,1,1,2,1,1,1,3,0,0,0
331482716,0,0.0,0.0,0.022604167,0.031879254,-0.89631784,0.0019467305,0.017228965,-0.6386945,-0.03821961,0.01649446,-0.12071702,-0.018011963,-8.074943e-07,1.3853341e-05,-0.06303603,0.14056955,0.29206303,-1.5146316,1.5749487,-0.38202158,0.0,0.9343896,0.03219153,0.016463552,0.057536714,0.03162752,inf,inf,inf,inf,1,1,1,1,2,1,1,1,3,0,0,0
331584084,0,0.0,0.0,0.018310145,0.030158456,-0.89587,0.0019467305,0.017228965,-0.6386945,-0.036436398,0.014064799,-0.11571894,-0.0125785135,-8.074943e-07,1.3853341e-05,-0.06303603,0.5813143,0.29420927,-0.44316706,1.5731792,-0.38202158,0.0,0.9339417,0.032349747,0.016462933,0.057733398,0.031625308,inf,inf,inf,inf,1,1,1,1,2,1,1,1,3,0,0,0
331685584,0,0.0,0.0,0.01390961,0.028159855,-0.8941802,0.0019467305,0.017228965,-0.6386945,-0.033583395,0.0036568735,-0.11328185,-0.009768339,-8.074943e-07,1.3853341e-05,-0.06303603,0.14609738,-1.3639311,0.34741506,1.5703508,-0.38202158,0.0,0.93225193,0.03247384,0.016462348,0.057919372,0.031623837,inf,inf,inf,inf,1,1,1,1,2,1,1,1,3,0,0,0
331792141,0,0.0,0.0,0.009714357,0.025164872,-0.89263445,0.0019467305,0.017228965,-0.6386945,-0.028372584,0.0007604405,-0.116800815,-0.01289004,-8.074943e-07,1.3853341e-05,-0.06303603,-0.10562246,-0.3979566,-0.09294648,1.5676756,-0.38202158,0.0,0.9307062,0.032106288,0.01646175,0.05749266,0.031621262,inf,inf,inf,inf,1,1,1,1,2,1,1,1,3,0,0,0
331888668,0,0.0,0.0,0.006556417,0.022513477,-0.8901817,0.0019467305,0.017228965,-0.6386945,-0.02486271,0.001259471,-0.10438871,-0.0001580274,-8.074943e-07,1.3853341e-05,-0.06303603,-0.13671486,0.43662953,0.009940872,1.565845,-0.38202158,0.0,0.9282535,0.03222543,0.016461229,0.057709612,0.03162004,inf,inf,inf,inf,1,1,1,1,2,1,1,1,3,0,0,0
332086411,0,0.0,0.0,0.0018806262,0.016772114,-0.8857167,0.0019467305,0.017228965,-0.6386945,-0.0165474,-0.007847714,-0.11090355,-0.0053780647,-8.074943e-07,1.3853341e-05,-0.06303603,0.111732446,-0.42155156,-0.06384791,1.5633239,-0.38202158,0.0,0.9237884,0.0324815,0.01645991,0.05777497,0.031612128,inf,inf,inf,inf,1,1,1,1,2,1,1,1,3,0,0,0
332187888,0,0.0,0.0,0.00019222997,0.01385992,-0.88432914,0.0019467305,0.017228965,-0.6386945,-0.012910499,-0.009685211,-0.11851752,-0.012429176,-8.074943e-07,1.3853341e-05,-0.06303603,0.19238386,0.49330953,-0.93787044,1.5625929,-0.38202158,0.0,0.9224009,0.032561883,0.01645922,0.05776711,0.031608947,inf,inf,inf,inf,1,1,1,1,2,1,1,1,3,0,0,0
332289635,0,0.0,0.0,-0.00085578335,0.011447639,-0.88369143,0.0019467305,0.017228965,-0.6386945,-0.007759847,-0.005175256,-0.120559596,-0.014213004,-8.074943e-07,1.3853341e-05,-0.06303603,-0.072576396,-0.8179237,0.42445692,1.5623279,-0.38202158,0.0,0.9217632,0.03262067,0.01645856,0.057859626,0.03160708,inf,inf,inf,inf,1,1,1,1,2,1,1,1,3,0,0,0
332390846,0,0.0,0.0,-0.0013728954,0.009758512,-0.8828824,0.0019467305,0.017228965,-0.6386945,-9.132493e-05,0.00042618558,-0.119694345,-0.01347331,-8.074943e-07,1.3853341e-05,-0.06303603,0.6728709,-0.27250025,-0.09201809,1.564366,-0.38202158,0.0,0.92095417,0.03266676,0.016457975,0.057987057,0.03160602,inf,inf,inf,inf,1,1,1,1,2,1,1,1,3,0,0,0
332492359,0,0.0,0.0,-0.0014229942,0.008898852,-0.8823617,0.0019467305,0.017228965,-0.6386945,0.0020195,-0.00036861293,-0.12211292,-0.016250549,-8.074943e-07,1.3853341e-05,-0.06303603,0.14977288,-0.9334173,0.7007387,1.5669974,-0.38202158,0.0,0.92043346,0.03270272,0.016457446,0.058036238,0.03160412,inf,inf,inf,inf,1,1,1,1,2,1,1,1,3,0,0,0
332593807,0,0.0,0.0,-0.0012397903,0.009003337,-0.88266355,0.0019467305,0.017228965,-0.6386945,0.0032124652,0.008588462,-0.1292933,-0.023891944,-8.074943e-07,1.3853341e-05,-0.06303603,0.1288369,-0.6932121,-0.15688609,1.5691383,-0.38202158,0.0,0.9207353,0.033494078,0.016456945,0.058778435,0.031602588,inf,inf,inf,inf,1,1,1,1,2,1,1,1,3,0,0,0
332685156,0,0.0,0.0,-0.00094174035,0.010047329,-0.8832865,0.0019467305,0.017228965,-0.6386945,0.002565343,0.022744996,-0.13144583,-0.026520375,-8.074943e-07,1.3853341e-05,-0.06303603,0.040022753,1.0124007,-1.1002603,1.5702441,-0.38202158,0.0,0.9213582,0.03370097,0.016456522,0.05890819,0.031601667,inf,inf,inf,inf,1,1,1,1,2,1,1,1,3,0,0,0
332791754,0,0.0,0.0,-0.000700701,0.012577588,-0.8831889,0.0019467305,0.017228965,-0.6386945,0.0023058262,0.023815865,-0.121174715,-0.016892232,-8.074943e-07,1.3853341e-05,-0.06303603,-0.09459135,-0.30415076,0.75005454,1.5694251,-0.38202158,0.0,0.92126065,0.032880586,0.016456041,0.057983384,0.03159993,inf,inf,inf,inf,1,1,1,1,2,1,1,1,3,0,0,0
332883033,0,0.0,0.0,-0.0005781161,0.015367364,-0.8831162,0.0019467305,0.017228965,-0.6386945,0.0032116708,0.0253928,-0.1133051,-0.009487228,-8.074943e-07,1.3853341e-05,-0.06303603,0.23789015,0.26398975,0.43740818,1.56785,-0.38202158,0.0,0.92118794,0.032373518,0.016455647,0.057431012,0.031596515,inf,inf,inf,inf,1,1,1,1,2,1,1,1,3,0,0,0
332984499,0,0.0,0.0,-0.00057114044,0.018277492,-0.88278586,0.0019467305,0.017228965,-0.6386945,0.00020914811,0.017946199,-0.1203662,-0.01686854,-8.074943e-07,1.3853341e-05,-0.06303603,-0.94242895,-0.27700037,-0.8353719,1.5669961,-0.38202158,0.0,0.9208576,0.032422468,0.016455099,0.05764555,0.031594463,inf,inf,inf,inf,1,1,1,1,2,1,1,1,3,0,0,0
333085983,0,0.0,0.0,-0.0009249614,0.020798095,-0.88360363,0.0019467305,0.017228965,-0.6386945,0.001375886,0.022594314,-0.13312481,-0.030057412,-8.074943e-07,1.3853341e-05,-0.06303603,0.18346639,0.925085,-0.23296173,1.5657992,-0.38202158,0.0,0.9216754,0.032493465,0.016454563,0.05783097,0.03159212,inf,inf,inf,inf,1,1,1,1,2,1,1,1,3,0,0,0
333187726,0,0.0,0.0,-0.0013787976,0.023694051,-0.88438463,0.0019467305,0.017228965,-0.6386945,0.00278182,0.027913623,-0.116684906,-0.0142775895,-8.074943e-07,1.3853341e-05,-0.06303603,0.29277825,0.38499904,-0.19233751,1.5640476,-0.38202158,0.0,0.9224564,0.03256077,0.01645405,0.058039173,0.031590704,inf,inf,inf,inf,1,1,1,1,2,1,1,1,3,0,0,0
333288937,0,0.0,0.0,-0.0017210769,0.026524825,-0.8842318,0.0019467305,0.017228965,-0.6386945,0.0042072656,0.020694796,-0.11766677,-0.01614625,-8.074943e-07,1.3853341e-05,-0.06303603,-0.1494895,0.065103956,-0.6325838,1.5642757,-0.38202158,0.0,0.92230356,0.03262319,0.016453573,0.058166813,0.031588875,inf,inf,inf,inf,1,1,1,1,2,1,1,1,3,0,0,0
333385348,0,0.0,0.0,-0.0023143126,0.028734922,-0.88466954,0.0019467305,0.017228965,-0.6386945,0.0030819369,0.020083247,-0.12710051,-0.02650473,-8.074943e-07,1.3853341e-05,-0.06303603,0.5180501,0.14819369,-0.56003994,1.5654376,-0.38202158,0.0,0.9227413,0.032675017,0.016453085,0.058207847,0.031586412,inf,inf,inf,inf,1,1,1,1,2,1,1,1,3,0,0,0
333486828,0,0.0,0.0,-0.003313032,0.031076992,-0.8860755,0.0019467305,0.017228965,-0.6386945,-0.0005663963,0.02449669,-0.117337495,-0.017763771,-8.074943e-07,1.3853341e-05,-0.06303603,0.33649352,-0.31410605,0.12591645,1.5666108,-0.38202158,0.0,0.92414725,0.032717213,0.016452588,0.05829496,0.031584892,inf,inf,inf,inf,1,1,1,1,2,1,1,1,3,0,0,0
333689941,0,0.0,0.0,-0.0053525716,0.034413174,-0.8865926,0.0019467305,0.017228965,-0.6386945,0.0062973835,0.013165676,-0.112683944,-0.01518468,-8.074943e-07,1.3853341e-05,-0.06303603,0.5902157,-0.7864867,0.10365845,1.5688416,-0.38202158,0.0,0.9246644,0.0324143,0.016451398,0.057891525,0.03157862,inf,inf,inf,inf,1,1,1,1,2,1,1,1,3,0,0,0
333791304,0,0.0,0.0,-0.0060282056,0.034425966,-0.887022,0.0019467305,0.017228965,-0.6386945,0.002559029,0.0019415352,-0.107425295,-0.011002805,-8.074943e-07,1.3853341e-05,-0.06303603,-0.80786896,-0.03790478,0.57949615,1.5703639,-0.38202158,0.0,0.92509377,0.03241214,0.016450826,0.057830956,0.03157601,inf,inf,inf,inf,1,1,1,1,2,1,1,1,3,0,0,0
333994210,0,0.0,0.0,-0.008257881,0.031802412,-0.8907845,0.0019467305,0.017228965,-0.6386945,-0.0024063447,-0.0047984114,-0.1158842,-0.021105774,-8.074943e-07,1.3853341e-05,-0.06303603,-0.21357176,-1.1849895,1.3497882,1.5708327,-0.38202158,0.0,0.92885625,0.034287028,0.016449412,0.05950136,0.03156906,inf,inf,inf,inf,1,1,1,1,2,1,1,1,3,0,0,0
334085720,0,0.0,0.0,-0.009435398,0.030663501,-0.8924098,0.0019467305,0.017228965,-0.6386945,-0.0010809009,0.0042329673,-0.10872359,-0.015034646,-8.074943e-07,1.3853341e-05,-0.06303603,-0.058602158,0.9298703,-0.8121472,1.5698564,-0.38202158,0.0,0.93048155,0.03344401,0.016448826,0.058469,0.03156732,inf,inf,inf,inf,1,1,1,1,2,1,1,1,3,0,0,0
334192098,0,0.0,0.0,-0.010663798,0.02877281,-0.8930184,0.0019467305,0.017228965,-0.6386945,0.0035490792,-0.010068168,-0.10521069,-0.013075837,-8.074943e-07,1.3853341e-05,-0.06303603,0.49425784,-1.4548109,0.6152617,1.5693033,-0.38202158,0.0,0.9310902,0.03355708,0.016448162,0.058487352,0.031565174,inf,inf,inf,inf,1,1,1,1,2,1,1,1,3,0,0,0
334384897,0,0.0,0.0,-0.012763203,0.02391789,-0.89741266,0.0019467305,0.017228965,-0.6386945,0.0016531595,-0.0028059573,-0.10723301,-0.017586904,-8.074943e-07,1.3853341e-05,-0.06303603,-0.048237342,-0.082555026,0.26796025,1.5691166,-0.38202158,0.0,0.9354844,0.032036543,0.016447028,0.056998692,0.031559892,inf,inf,inf,inf,1,1,1,1,2,1,1,1,3,0,0,0
334587926,0,0.0,0.0,-0.01356994,0.020631962,-0.8994497,0.0019467305,0.017228965,-0.6386945,0.007845164,-0.0032040975,-0.10145873,-0.014223533,-8.074943e-07,1.3853341e-05,-0.06303603,0.108932994,0.13048214,-0.5763904,1.5696647,-0.38202158,0.0,0.93752146,0.03212228,0.016445858,0.057353966,0.031556223,inf,inf,inf,inf,1,1,1,1,2,1,1,1,3,0,0,0
334689332,0,0.0,0.0,-0.01355947,0.018991072,-0.90073967,0.0019467305,0.017228965,-0.6386945,0.0068977224,-0.0036637776,-0.10506381,-0.018808084,-8.074943e-07,1.3853341e-05,-0.06303603,-0.2682571,-0.1550078,0.6530713,1.5707711,-0.38202158,0.0,0.9388114,0.032164384,0.01644531,0.057456974,0.031554326,inf,inf,inf,inf,1,1,1,1,2,1,1,1,3,0,0,0
334790807,0,0.0,0.0,-0.013638208,0.017629066,-0.90082955,0.0019467305,0.017228965,-0.6386945,0.005321686,-0.0025081364,-0.100701705,-0.015398799,-8.074943e-07,1.3853341e-05,-0.06303603,0.20090081,-0.40280235,0.21878305,1.5711952,-0.38202158,0.0,0.9389013,0.032573123,0.016444758,0.05790906,0.031552818,inf,inf,inf,inf,1,1,1,1,2,1,1,1,3,0,0,0
334892313,0,0.0,0.0,-0.013575268,0.017009977,-0.90220565,0.0019467305,0.017228965,-0.6386945,0.0032521298,0.008642911,-0.10741635,-0.022754809,-8.074943e-07,1.3853341e-05,-0.06303603,-0.6538778,0.77285326,0.11532234,1.5720713,-0.38202158,0.0,0.9402774,0.032535166,0.016444262,0.057749387,0.031550072,inf,inf,inf,inf,1,1,1,1,2,1,1,1,3,0,0,0
334988959,0,0.0,0.0,-0.013315956,0.017447688,-0.90299135,0.0019467305,0.017228965,-0.6386945,0.009170533,0.014380206,-0.09673286,-0.012367711,-8.074943e-07,1.3853341e-05,-0.06303603,0.1400255,-0.2285841,-0.19087277,1.5728598,-0.38202158,0.0,0.9410631,0.03257842,0.016443675,0.05775499,0.03154773,inf,inf,inf,inf,1,1,1,1,2,1,1,1,3,0,0,0
335090172,0,0.0,0.0,-0.012709216,0.018617947,-0.90292627,0.0019467305,0.017228965,-0.6386945,0.009549991,0.01851364,-0.09284991,-0.008892279,-8.074943e-07,1.3853341e-05,-0.06303603,-0.18669558,0.71466726,-1.5781142,1.5731417,-0.38202158,0.0,0.940998,0.0326171,0.016443145,0.057724603,0.031545587,inf,inf,inf,inf,1,1,1,1,2,1,1,1,3,0,0,0
336191180,0,0.0,0.0,0.0068945335,0.024759652,-0.9153319,0.0019467305,0.017228965,-0.6386945,0.014875719,0.009422177,-0.08393858,-0.010849083,-8.074943e-07,1.3853341e-05,-0.06303603,-0.008734785,-1.4712621,1.769384,1.5790633,-0.38202158,0.0,0.95340365,0.03403821,0.016438475,0.058867183,0.031530052,inf,inf,inf,inf,1,1,1,1,2,1,1,1,3,0,0,0
336292854,0,0.0,0.0,0.007985594,0.02460246,-0.91690075,0.0019467305,0.017228965,-0.6386945,0.0117297815,0.008405502,-0.07955242,-0.008326617,-8.074943e-07,1.3853341e-05,-0.06303603,-0.084032215,-0.22357866,0.40403023,1.5788591,-0.38202158,0.0,0.9549725,0.03362954,0.01643817,0.05841359,0.031529564,inf,inf,inf,inf,1,1,1,1,2,1,1,1,3,0,0,0
336490532,0,0.0,0.0,0.008593711,0.02230573,-0.92179626,0.0019467305,0.017228965,-0.6386945,0.005571983,0.005435172,-0.09174038,-0.02412247,-8.074943e-07,1.3853341e-05,-0.06303603,0.62193155,0.5212986,-1.1824042,1.5776718,-0.38202158,0.0,0.959868,0.033026658,0.016437622,0.057835437,0.03152769,inf,inf,inf,inf,1,1,1,1,2,1,1,1,3,0,0,0
336592008,0,0.0,0.0,0.008398763,0.021452872,-0.92458886,0.0019467305,0.017228965,-0.6386945,0.004296803,0.015885027,-0.087320976,-0.02134287,-8.074943e-07,1.3853341e-05,-0.06303603,0.16123405,1.6297604,-1.7475281,1.5757378,-0.38202158,0.0,0.9626606,0.032818288,0.016437355,0.057636343,0.031526305,inf,inf,inf,inf,1,1,1,1,2,1,1,1,3,0,0,0
336693484,0,0.0,0.0,0.008423979,0.020560479,-0.9258973,0.0019467305,0.017228965,-0.6386945,0.0074607725,0.006961334,-0.067162134,-0.0027304338,-8.074943e-07,1.3853341e-05,-0.06303603,0.11387596,0.965207,-0.81724936,1.573183,-0.38202158,0.0,0.96396905,0.031965863,0.016437072,0.05699178,0.03152529,inf,inf,inf,inf,1,1,1,1,2,1,1,1,3,0,0,0
336886296,0,0.0,0.0,0.008601954,0.016579425,-0.9286883,0.0019467305,0.017228965,-0.6386945,0.005654512,-0.015879741,-0.0765773,-0.014768453,-8.074943e-07,1.3853341e-05,-0.06303603,0.3785708,-1.0168301,0.061655946,1.5692465,-0.38202158,0.0,0.96676004,0.032494787,0.016436566,0.057792112,0.031523477,inf,inf,inf,inf,1,1,1,1,2,1,1,1,3,0,0,0
336987769,0,0.0,0.0,0.008266871,0.01378955,-0.92959,0.0019467305,0.017228965,-0.6386945,0.0026843434,-0.0088680675,-0.05953684,0.0008299628,-8.074943e-07,1.3853341e-05,-0.06303603,0.23074587,-1.2528183,1.2145463,1.5666927,-0.38202158,0.0,0.96766174,0.032150112,0.016436297,0.05756786,0.03152279,inf,inf,inf,inf,1,1,1,1,2,1,1,1,3,0,0,0
337089248,0,0.0,0.0,0.007736805,0.011788431,-0.9309701,0.0019467305,0.017228965,-0.6386945,0.0016212002,-0.00397753,-0.06857001,-0.009465355,-8.074943e-07,1.3853341e-05,-0.06303603,0.8429234,-1.1058905,0.73951036,1.5647986,-0.38202158,0.0,0.9690418,0.032240886,0.016436057,0.057601385,0.031520925,inf,inf,inf,inf,1,1,1,1,2,1,1,1,3,0,0,0
337185637,0,0.0,0.0,0.0071445745,0.01036692,-0.93193156,0.0019467305,0.017228965,-0.6386945,-0.0015015184,0.004271778,-0.06255514,-0.004479882,-8.074943e-07,1.3853341e-05,-0.06303603,0.47494006,0.6001903,-1.3731358,1.5638673,-0.38202158,0.0,0.9700033,0.033152528,0.016435726,0.058384903,0.031519014,inf,inf,inf,inf,1,1,1,1,2,1,1,1,3,0,0,0
337388588,0,0.0,0.0,0.005157259,0.008251558,-0.9358022,0.0019467305,0.017228965,-0.6386945,-0.010322504,0.0015000061,-0.0741597,-0.018565739,-8.074943e-07,1.3853341e-05,-0.06303603,-0.571089,0.0010649842,0.1672841,1.5627551,-0.38202158,0.0,0.973874,0.03467648,0.016435074,0.059608728,0.03151665,inf,inf,inf,inf,1,1,1,1,2,1,1,1,3,0,0,0
337490062,0,0.0,0.0,0.003691524,0.008308197,-0.9387129,0.0019467305,0.017228965,-0.6386945,-0.01129783,0.014508732,-0.06939962,-0.015427135,-8.074943e-07,1.3853341e-05,-0.06303603,-0.14000763,-0.2001764,0.39230168,1.5611191,-0.38202158,0.0,0.97678465,0.034024637,0.016434772,0.05871763,0.031515718,inf,inf,inf,inf,1,1,1,1,2,1,1,1,3,0,0,0
337591554,0,0.0,0.0,0.002201986,0.009439719,-0.9414081,0.0019467305,0.017228965,-0.6386945,-0.009685075,0.02402919,-0.059241377,-0.0072311535,-8.074943e-07,1.3853341e-05,-0.06303603,0.08750931,0.7689426,-0.56841975,1.5586063,-0.38202158,0.0,0.97947985,0.03352798,0.016434498,0.058159117,0.03151486,inf,inf,inf,inf,1,1,1,1,2,1,1,1,3,0,0,0
337890907,0,0.0,0.0,-0.0017866096,0.013593991,-0.9472448,0.0019467305,0.017228965,-0.6386945,-0.008268223,0.015162132,-0.052774787,-0.0065306127,-8.074943e-07,1.3853341e-05,-0.06303603,-0.057521638,-0.91874224,0.102656536,1.5544332,-0.38202158,0.0,0.9853166,0.03300645,0.016433723,0.05804672,0.031512067,inf,inf,inf,inf,1,1,1,1,2,1,1,1,3,0,0,0
337992369,0,0.0,0.0,-0.0028143772,0.014885535,-0.9493062,0.0019467305,0.017228965,-0.6386945,-0.006654685,0.016904416,-0.045964833,-0.001276599,-8.074943e-07,1.3853341e-05,-0.06303603,0.10065132,-1.1333534,0.6504125,1.5537256,-0.38202158,0.0,0.98737794,0.03211363,0.016433477,0.057275936,0.031511124,inf,inf,inf,inf,1,1,1,1,2,1,1,1,3,0,0,0
338083693,0,0.0,0.0,-0.0035454966,0.015964849,-0.9507116,0.0019467305,0.017228965,-0.6386945,-0.005963314,0.019211989,-0.054175664,-0.010626085,-8.074943e-07,1.3853341e-05,-0.06303603,0.60372037,0.056940142,-0.9461804,1.5535945,-0.38202158,0.0,0.98878336,0.03189175,0.016433228,0.057181522,0.03150969,inf,inf,inf,inf,1,1,1,1,2,1,1,1,3,0,0,0
338185224,0,0.0,0.0,-0.0042987727,0.017216265,-0.9521215,0.0019467305,0.017228965,-0.6386945,0.00094740407,0.0169231,-0.036529247,0.005851832,-8.074943e-07,1.3853341e-05,-0.06303603,1.3329812,-0.7903255,0.40207964,1.5536387,-0.38202158,0.0,0.99019325,0.03209119,0.016432956,0.057529796,0.031508826,inf,inf,inf,inf,1,1,1,1,2,1,1,1,3,0,0,0
338286641,0,0.0,0.0,-0.00476966,0.018035565,-0.9529419,0.0019467305,0.017228965,-0.6386945,-0.0023871555,0.012762112,-0.0469245,-0.005663605,-8.074943e-07,1.3853341e-05,-0.06303603,0.7705897,-0.4731897,0.014444531,1.555058,-0.38202158,0.0,0.99101365,0.031532735,0.0164327,0.057104845,0.031508107,inf,inf,inf,inf,1,1,1,1,2,1,1,1,3,0,0,0
338388112,0,0.0,0.0,-0.005429074,0.018481338,-0.9551075,0.0019467305,0.017228965,-0.6386945,-0.0065951576,0.017530043,-0.049720645,-0.009527361,-8.074943e-07,1.3853341e-05,-0.06303603,-0.2082244,-0.01659909,0.67052627,1.5559735,-0.38202158,0.0,0.99317926,0.031747907,0.016432457,0.057339318,0.03150712,inf,inf,inf,inf,1,1,1,1,2,1,1,1,3,0,0,0
338489591,0,0.0,0.0,-0.0062061623,0.018963411,-0.9564848,0.0019467305,0.017228965,-0.6386945,-0.008607497,0.015268477,-0.041119814,-0.0020829854,-8.074943e-07,1.3853341e-05,-0.06303603,-0.5856237,-0.24126081,-0.24536566,1.5568129,-0.38202158,0.0,0.99455655,0.03192164,0.016432231,0.057557847,0.031506643,inf,inf,inf,inf,1,1,1,1,2,1,1,1,3,0,0,0
338586163,0,0.0,0.0,-0.007011109,0.019137613,-0.95814425,0.0019467305,0.017228965,-0.6386945,-0.003887524,0.01592865,-0.050833248,-0.013006793,-8.074943e-07,1.3853341e-05,-0.06303603,0.5470534,-0.18438052,0.02398547,1.5570916,-0.38202158,0.0,0.996216,0.03205784,0.016432026,0.0576401,0.031505823,inf,inf,inf,inf,1,1,1,1,2,1,1,1,3,0,0,0
338687464,0,0.0,0.0,-0.0076517873,0.019547582,-0.9596301,0.0019467305,0.017228965,-0.6386945,-0.00065616873,0.01580341,-0.033040836,0.0035747485,-8.074943e-07,1.3853341e-05,-0.06303603,0.16938306,-0.7962458,0.11485769,1.5585332,-0.38202158,0.0,0.9977018,0.032202046,0.01643182,0.057755016,0.031505108,inf,inf,inf,inf,1,1,1,1,2,1,1,1,3,0,0,0
338788954,0,0.0,0.0,-0.0081535885,0.019804139,-0.9606777,0.0019467305,0.017228965,-0.6386945,-0.0032029222,0.021901166,-0.046750136,-0.011295602,-8.074943e-07,1.3853341e-05,-0.06303603,-0.45963883,0.86379725,-0.88612646,1.5610466,-0.38202158,0.0,0.99874943,0.032760672,0.016431555,0.058152333,0.0315035,inf,inf,inf,inf,1,1,1,1,2,1,1,1,3,0,0,0
338890408,0,0.0,0.0,-0.008743733,0.02019589,-0.96269083,0.0019467305,0.017228965,-0.6386945,4.407078e-05,0.019506607,-0.046861243,-0.012447332,-8.074943e-07,1.3853341e-05,-0.06303603,0.5101698,-1.0800638,0.5812086,1.5629826,-0.38202158,0.0,1.0007626,0.031936854,0.016431322,0.05720901,0.03150263,inf,inf,inf,inf,1,1,1,1,2,1,1,1,3,0,0,0
338992165,0,0.0,0.0,-0.00908824,0.021012837,-0.96423954,0.0019467305,0.017228965,-0.6386945,0.0056502866,0.024528433,-0.03337093,0.00019550062,-8.074943e-07,1.3853341e-05,-0.06303603,0.37720165,0.20550628,-1.2605796,1.5646198,-0.38202158,0.0,1.0023112,0.032097798,0.01643104,0.05719692,0.031500984,inf,inf,inf,inf,1,1,1,1,2,1,1,1,3,0,0,0
339093351,0,0.0,0.0,-0.009040765,0.021983083,-0.9654574,0.0019467305,0.017228965,-0.6386945,0.0062789344,0.026663806,-0.044002134,-0.011406341,-8.074943e-07,1.3853341e-05,-0.06303603,0.30542275,0.2180051,-0.40520602,1.5673356,-0.38202158,0.0,1.0035291,0.031513553,0.016430773,0.056694772,0.03150014,inf,inf,inf,inf,1,1,1,1,2,1,1,1,3,0,0,0
339184693,0,0.0,0.0,-0.008938596,0.022940222,-0.9674945,0.0019467305,0.017228965,-0.6386945,0.006017124,0.03233534,-0.04130327,-0.0096429875,-8.074943e-07,1.3853341e-05,-0.06303603,-0.64374626,1.8068354,-1.1716936,1.5689577,-0.38202158,0.0,1.0055662,0.032112423,0.016430553,0.057338607,0.031499438,inf,inf,inf,inf,1,1,1,1,2,1,1,1,3,0,0,0
339286171,0,0.0,0.0,-0.008640891,0.024376744,-0.9686367,0.0019467305,0.017228965,-0.6386945,0.010870639,0.034530867,-0.03166299,-0.0011386684,-8.074943e-07,1.3853341e-05,-0.06303603,0.3887771,0.87572736,-0.7885124,1.5695195,-0.38202158,0.0,1.0067084,0.032286484,0.016430328,0.05758854,0.0314989,inf,inf,inf,inf,1,1,1,1,2,1,1,1,3,0,0,0
339392722,0,0.0,0.0,-0.007998244,0.02578456,-0.9695121,0.0019467305,0.017228965,-0.6386945,0.013562537,0.028735023,-0.026978914,0.0023218496,-8.074943e-07,1.3853341e-05,-0.06303603,-0.25632793,0.20475024,0.16541411,1.5702028,-0.38202158,0.0,1.0075839,0.032009177,0.0164301,0.057250943,0.031498037,inf,inf,inf,inf,1,1,1,1,2,1,1,1,3,0,0,0
339484274,0,0.0,0.0,-0.0075553376,0.026551416,-0.9707026,0.0019467305,0.017228965,-0.6386945,0.008361723,0.022578077,-0.038710818,-0.01029159,-8.074943e-07,1.3853341e-05,-0.06303603,-0.11835862,-0.3497905,-0.12916991,1.5709786,-0.38202158,0.0,1.0087743,0.031773232,0.01642992,0.05705806,0.031497475,inf,inf,inf,inf,1,1,1,1,2,1,1,1,3,0,0,0
339585497,0,0.0,0.0,-0.007360388,0.027108494,-0.97219384,0.0019467305,0.017228965,-0.6386945,0.009880603,0.022941735,-0.027364062,0.00027521403,-8.074943e-07,1.3853341e-05,-0.06303603,0.8763021,0.32715172,-0.31855577,1.5702199,-0.38202158,0.0,1.0102656,0.03451764,0.01642971,0.059673205,0.031496335,inf,inf,inf,inf,1,1,1,1,2,1,1,1,3,0,0,0
339686971,0,0.0,0.0,-0.007225529,0.027711356,-0.9723723,0.0019467305,0.017228965,-0.6386945,0.005442622,0.022525258,-0.020261684,0.006658015,-8.074943e-07,1.3853341e-05,-0.06303603,-0.3650892,0.41236556,0.29432034,1.570469,-0.38202158,0.0,1.010444,0.034065463,0.016429495,0.05893737,0.031495526,inf,inf,inf,inf,1,1,1,1,2,1,1,1,3,0,0,0
339788460,0,0.0,0.0,-0.007416279,0.027590659,-0.97278464,0.0019467305,0.017228965,-0.6386945,0.0051289536,0.013660652,-0.022705527,0.0035874874,-8.074943e-07,1.3853341e-05,-0.06303603,-0.0809451,-0.69379693,0.9955479,1.5697498,-0.38202158,0.0,1.0108564,0.033702776,0.016429292,0.058399994,0.031494763,inf,inf,inf,inf,1,1,1,1,2,1,1,1,3,0,0,0
340092868,0,0.0,0.0,-0.010144051,0.024332961,-0.97435206,0.0019467305,0.017228965,-0.6386945,0.007980398,0.017383013,-0.03236862,-0.0076933815,-8.074943e-07,1.3853341e-05,-0.06303603,0.47600895,-0.47133446,0.59769005,1.566674,-0.38202158,0.0,1.0124238,0.03260324,0.016428733,0.05733503,0.03149262,inf,inf,inf,inf,1,1,1,1,2,1,1,1,3,0,0,0
340189260,0,0.0,0.0,-0.010928518,0.02415404,-0.9754249,0.0019467305,0.017228965,-0.6386945,0.008365446,0.026380569,-0.030784816,-0.006506514,-8.074943e-07,1.3853341e-05,-0.06303603,0.3984647,0.4230021,-0.15575317,1.5659587,-0.38202158,0.0,1.0134966,0.032520574,0.016428526,0.057282593,0.031491846,inf,inf,inf,inf,1,1,1,1,2,1,1,1,3,0,0,0
340290730,0,0.0,0.0,-0.011467794,0.024952507,-0.97669595,0.0019467305,0.017228965,-0.6386945,0.011217113,0.029902115,-0.026623031,-0.0028699362,-8.074943e-07,1.3853341e-05,-0.06303603,0.9278491,-0.72944695,0.57537156,1.565657,-0.38202158,0.0,1.0147676,0.032425504,0.016428338,0.057288315,0.031491436,inf,inf,inf,inf,1,1,1,1,2,1,1,1,3,0,0,0
340392289,0,0.0,0.0,-0.011866166,0.026232515,-0.9777549,0.0019467305,0.017228965,-0.6386945,0.0066725775,0.031355396,-0.02640039,-0.0032202026,-8.074943e-07,1.3853341e-05,-0.06303603,-0.8491231,-0.2013641,0.2866653,1.565391,-0.38202158,0.0,1.0158266,0.031617954,0.016428154,0.05653403,0.031490926,inf,inf,inf,inf,1,1,1,1,2,1,1,1,3,0,0,0
340493675,0,0.0,0.0,-0.012162929,0.027830515,-0.979134,0.0019467305,0.017228965,-0.6386945,0.011396479,0.03227194,-0.02694451,-0.0044712243,-8.074943e-07,1.3853341e-05,-0.06303603,-0.31638438,-0.010086734,0.17749576,1.5644872,-0.38202158,0.0,1.0172057,0.03173427,0.016427992,0.056812957,0.031490423,inf,inf,inf,inf,1,1,1,1,2,1,1,1,3,0,0,0
340585000,0,0.0,0.0,-0.01214276,0.029698387,-0.9802849,0.0019467305,0.017228965,-0.6386945,0.0098657375,0.0390771,-0.02839569,-0.006667093,-8.074943e-07,1.3853341e-05,-0.06303603,-1.2189505,1.0837998,-0.25302288,1.5637357,-0.38202158,0.0,1.0183567,0.03226543,0.016427858,0.05748712,0.03149016,inf,inf,inf,inf,1,1,1,1,2,1,1,1,3,0,0,0
340686474,0,0.0,0.0,-0.011751685,0.03174903,-0.98135287,0.0019467305,0.017228965,-0.6386945,0.01543255,0.03458233,-0.021402651,-0.00057019194,-8.074943e-07,1.3853341e-05,-0.06303603,-0.8634509,0.5753495,-0.00542061,1.562731,-0.38202158,0.0,1.0194246,0.032380916,0.01642772,0.05768398,0.031489797,inf,inf,inf,inf,1,1,1,1,2,1,1,1,3,0,0,0
340788181,0,0.0,0.0,-0.01086213,0.033393003,-0.9820038,0.0019467305,0.017228965,-0.6386945,0.020554366,0.028172411,-0.017492378,0.0024504357,-8.074943e-07,1.3853341e-05,-0.06303603,-0.69159645,0.73811585,-0.3207875,1.5616455,-0.38202158,0.0,1.0200756,0.03423267,0.016427591,0.05956272,0.031489342,inf,inf,inf,inf,1,1,1,1,2,1,1,1,3,0,0,0
340985821,0,0.0,0.0,-0.008170905,0.03408127,-0.9822218,0.0019467305,0.017228965,-0.6386945,0.028146818,0.0046603917,-0.008921021,0.00947665,-8.074943e-07,1.3853341e-05,-0.06303603,0.027730059,-1.0430518,1.0194677,1.5617377,-0.38202158,0.0,1.0202935,0.03355554,0.016427338,0.058519695,0.031488266,inf,inf,inf,inf,1,1,1,1,2,1,1,1,3,0,0,0
341188766,0,0.0,0.0,-0.006286458,0.03058511,-0.9831456,0.0019467305,0.017228965,-0.6386945,0.015933273,-0.0024403182,-0.016715996,0.00039120714,-8.074943e-07,1.3853341e-05,-0.06303603,-0.5655656,-0.1481104,0.47296244,1.5665351,-0.38202158,0.0,1.0212173,0.033486087,0.016427048,0.058286402,0.031486895,inf,inf,inf,inf,1,1,1,1,2,1,1,1,3,0,0,0
341290302,0,0.0,0.0,-0.006170004,0.028568115,-0.9844075,0.0019467305,0.017228965,-0.6386945,0.015527054,0.0030184072,-0.01855711,-0.0020778473,-8.074943e-07,1.3853341e-05,-0.06303603,0.5902275,0.3137631,-0.024333837,1.569309,-0.38202158,0.0,1.0224792,0.0332493,0.016426891,0.057839252,0.031485867,inf,inf,inf,inf,1,1,1,1,2,1,1,1,3,0,0,0
341391712,0,0.0,0.0,-0.0064011225,0.026932212,-0.98562175,0.0019467305,0.017228965,-0.6386945,0.013584043,0.0062791463,-0.017363487,-0.0016079962,-8.074943e-07,1.3853341e-05,-0.06303603,0.06431912,-0.7534194,1.116788,1.572114,-0.38202158,0.0,1.0236934,0.032215927,0.01642672,0.05693641,0.0314854,inf,inf,inf,inf,1,1,1,1,2,1,1,1,3,0,0,0
341493181,0,0.0,0.0,-0.0069940356,0.025470518,-0.98691434,0.0019467305,0.017228965,-0.6386945,0.011411014,0.005391008,-0.012809685,0.0019766754,-8.074943e-07,1.3853341e-05,-0.06303603,-0.11984969,-0.6659138,0.2815804,1.57442,-0.38202158,0.0,1.024986,0.032188874,0.016426567,0.057069916,0.031485002,inf,inf,inf,inf,1,1,1,1,2,1,1,1,3,0,0,0
341584497,0,0.0,0.0,-0.007703386,0.02399221,-0.9877221,0.0019467305,0.017228965,-0.6386945,0.009886897,0.005358924,-0.007900941,0.005866426,-8.074943e-07,1.3853341e-05,-0.06303603,-0.56421196,-0.08903985,0.9218631,1.5767536,-0.38202158,0.0,1.0257938,0.03261253,0.016426444,0.057627946,0.031484615,inf,inf,inf,inf,1,1,1,1,2,1,1,1,3,0,0,0
341691287,0,0.0,0.0,-0.008612723,0.022032442,-0.98894906,0.0019467305,0.017228965,-0.6386945,0.01238386,0.004444836,-0.011109082,0.0013811692,-8.074943e-07,1.3853341e-05,-0.06303603,0.17457,0.1854331,0.62017107,1.5791695,-0.38202158,0.0,1.0270208,0.032271825,0.0164263,0.057425976,0.031483967,inf,inf,inf,inf,1,1,1,1,2,1,1,1,3,0,0,0
341985308,0,0.0,0.0,-0.009975871,0.01610051,-0.99062294,0.0019467305,0.017228965,-0.6386945,0.013339779,-0.006212916,-0.0054155337,0.004141402,-8.074943e-07,1.3853341e-05,-0.06303603,-0.55380577,1.3516561,-0.6675238,1.5834606,-0.38202158,0.0,1.0286946,0.032212645,0.016425932,0.05750532,0.031482555,inf,inf,inf,inf,1,1,1,1,2,1,1,1,3,0,0,0
342086779,0,0.0,0.0,-0.00996735,0.013523102,-0.9921321,0.0019467305,0.017228965,-0.6386945,0.0166678,-0.002655883,-0.020016788,-0.01122896,-8.074943e-07,1.3853341e-05,-0.06303603,0.7517073,-0.05290733,-1.0294358,1.5838856,-0.38202158,0.0,1.0302038,0.03235204,0.016425809,0.057695962,0.0314822,inf,inf,inf,inf,1,1,1,1,2,1,1,1,3,0,0,0
342188392,0,0.0,0.0,-0.009840947,0.0117885675,-0.99332076,0.0019467305,0.017228965,-0.6386945,0.013963253,0.0048144995,-0.00013962676,0.007847602,-8.074943e-07,1.3853341e-05,-0.06303603,-0.1467879,0.9449441,-0.8842465,1.5835395,-0.38202158,0.0,1.0313925,0.03246414,0.01642569,0.057844967,0.03148189,inf,inf,inf,inf,1,1,1,1,2,1,1,1,3,0,0,0
342391208,0,0.0,0.0,-0.009449751,0.009710548,-0.9958141,0.0019467305,0.017228965,-0.6386945,0.012525242,0.014899274,-0.013390045,-0.006857664,-8.074943e-07,1.3853341e-05,-0.06303603,0.1766444,0.15856963,-0.37928078,1.5798444,-0.38202158,0.0,1.0338858,0.03292981,0.01642548,0.058045425,0.031481054,inf,inf,inf,inf,1,1,1,1,2,1,1,1,3,0,0,0
342589289,0,0.0,0.0,-0.0091796275,0.010879941,-0.99693006,0.0019467305,0.017228965,-0.6386945,0.011732477,0.023153266,-0.000112254536,0.0055333446,-8.074943e-07,1.3853341e-05,-0.06303603,0.39543283,0.5322656,-1.0685072,1.5752773,-0.38202158,0.0,1.0350018,0.032835755,0.016425254,0.05780756,0.031480283,inf,inf,inf,inf,1,1,1,1,2,1,1,1,3,0,0,0
342690544,0,0.0,0.0,-0.008949676,0.011610402,-0.99659413,0.0019467305,0.017228965,-0.6386945,0.012889619,0.012970024,0.0017452129,0.0071492842,-8.074943e-07,1.3853341e-05,-0.06303603,0.19738063,0.06550116,-0.66836494,1.5736256,-0.38202158,0.0,1.0346658,0.032791484,0.016425146,0.057648405,0.031479947,inf,inf,inf,inf,1,1,1,1,2,1,1,1,3,0,0,0
342792031,0,0.0,0.0,-0.00889731,0.011967341,-0.9970938,0.0019467305,0.017228965,-0.6386945,0.009504561,0.012381388,-0.006614998,-0.0014116295,-8.074943e-07,1.3853341e-05,-0.06303603,-0.14536694,-0.44685504,0.74792767,1.5718495,-0.38202158,0.0,1.0351655,0.03277901,0.016425047,0.05767652,0.031479456,inf,inf,inf,inf,1,1,1,1,2,1,1,1,3,0,0,0
342883339,0,0.0,0.0,-0.009015375,0.012579294,-0.99773043,0.0019467305,0.017228965,-0.6386945,0.008984279,0.02249169,-0.0063980334,-0.0014405722,-8.074943e-07,1.3853341e-05,-0.06303603,0.85223687,-0.21981469,0.088754684,1.5701816,-0.38202158,0.0,1.0358021,0.032400973,0.01642496,0.057407413,0.03147912,inf,inf,inf,inf,1,1,1,1,2,1,1,1,3,0,0,0
342984797,0,0.0,0.0,-0.009214904,0.013760188,-0.99781764,0.0019467305,0.017228965,-0.6386945,0.009477286,0.024239888,0.00771111,0.012253431,-8.074943e-07,1.3853341e-05,-0.06303603,0.0020703755,0.11355885,-0.06461186,1.5690393,-0.38202158,0.0,1.0358894,0.032471944,0.016424868,0.057585534,0.03147897,inf,inf,inf,inf,1,1,1,1,2,1,1,1,3,0,0,0
343086368,0,0.0,0.0,-0.009414761,0.01475363,-0.9972933,0.0019467305,0.017228965,-0.6386945,0.005089755,0.016919602,0.00552995,0.009607917,-8.074943e-07,1.3853341e-05,-0.06303603,-0.30591083,-0.70239896,0.9568249,1.5691532,-0.38202158,0.0,1.035365,0.032532375,0.01642478,0.057693195,0.031478688,inf,inf,inf,inf,1,1,1,1,2,1,1,1,3,0,0,0
343192812,0,0.0,0.0,-0.009962707,0.014895363,-0.99781734,0.0019467305,0.017228965,-0.6386945,0.0036815547,0.013811568,-0.0064943763,-0.0028655226,-8.074943e-07,1.3853341e-05,-0.06303603,-0.08451932,-0.031972837,0.3237283,1.5691767,-0.38202158,0.0,1.035889,0.032134313,0.01642469,0.057277635,0.03147848,inf,inf,inf,inf,1,1,1,1,2,1,1,1,3,0,0,0
343294285,0,0.0,0.0,-0.010512208,0.014978864,-0.99852973,0.0019467305,0.017228965,-0.6386945,0.004142846,0.022162402,-0.0020790466,0.0011004264,-8.074943e-07,1.3853341e-05,-0.06303603,0.37343082,0.9821345,-1.1292009,1.5686685,-0.38202158,0.0,1.0366014,0.03217544,0.016424613,0.05725245,0.031477984,inf,inf,inf,inf,1,1,1,1,2,1,1,1,3,0,0,0
343385609,0,0.0,0.0,-0.010736323,0.015013944,-0.9980562,0.0019467305,0.017228965,-0.6386945,0.008743642,0.015478286,0.008164684,0.0109306695,-8.074943e-07,1.3853341e-05,-0.06303603,0.5306042,0.5215052,-1.356728,1.5692277,-0.38202158,0.0,1.0361279,0.03263191,0.01642454,0.05775655,0.031477854,inf,inf,inf,inf,1,1,1,1,2,1,1,1,3,0,0,0
343487381,0,0.0,0.0,-0.01088879,0.014362785,-0.9986054,0.0019467305,0.017228965,-0.6386945,0.003974129,0.00826574,-0.0065227584,-0.004202135,-8.074943e-07,1.3853341e-05,-0.06303603,-0.7432424,-0.40400255,0.5073079,1.5694125,-0.38202158,0.0,1.0366771,0.032655336,0.016424468,0.05776754,0.031477604,inf,inf,inf,inf,1,1,1,1,2,1,1,1,3,0,0,0
343588568,0,0.0,0.0,-0.010964137,0.013353571,-0.99926347,0.0019467305,0.017228965,-0.6386945,0.010333422,0.008019159,0.009329878,0.011175137,-8.074943e-07,1.3853341e-05,-0.06303603,0.101352386,-0.8688828,0.8767926,1.5688215,-0.38202158,0.0,1.0373352,0.031914204,0.0164244,0.057103727,0.031477496,inf,inf,inf,inf,1,1,1,1,2,1,1,1,3,0,0,0
343684939,0,0.0,0.0,-0.010929165,0.011878536,-0.9993403,0.0019467305,0.017228965,-0.6386945,0.004499625,0.0047925306,0.0011897036,0.002454119,-8.074943e-07,1.3853341e-05,-0.06303603,-0.60890496,0.71303385,-0.36589432,1.5698769,-0.38202158,0.0,1.037412,0.03201433,0.016424345,0.05727513,0.031477403,inf,inf,inf,inf,1,1,1,1,2,1,1,1,3,0,0,0
343791497,0,0.0,0.0,-0.011244544,0.0096462155,-1.0000658,0.0019467305,0.017228965,-0.6386945,0.0023137098,0.002184413,0.0018890896,0.0025440843,-8.074943e-07,1.3853341e-05,-0.06303603,0.15293954,0.7410172,-1.168862,1.5707617,-0.38202158,0.0,1.0381376,0.032462098,0.016424289,0.057671342,0.031477086,inf,inf,inf,inf,1,1,1,1,2,1,1,1,3,0,0,0
343893164,0,0.0,0.0,-0.011845232,0.007297541,-1.0003681,0.0019467305,0.017228965,-0.6386945,0.0029411167,0.0044403514,0.0011918948,0.001349688,-8.074943e-07,1.3853341e-05,-0.06303603,0.14205094,0.78908527,-0.8619188,1.5709572,-0.38202158,0.0,1.0384399,0.031745512,0.016424228,0.05690721,0.031476606,inf,inf,inf,inf,1,1,1,1,2,1,1,1,3,0,0,0
344090824,0,0.0,0.0,-0.011848075,0.0031147364,-1.0015551,0.0019467305,0.017228965,-0.6386945,0.012588874,0.0051541356,0.001707804,0.0010756762,-8.074943e-07,1.3853341e-05,-0.06303603,-0.2082283,-0.31941637,0.42713842,1.5706644,-0.38202158,0.0,1.0396268,0.03203512,0.016424062,0.05718123,0.03147582,inf,inf,inf,inf,1,1,1,1,2,1,1,1,3,0,0,0
344192312,0,0.0,0.0,-0.011192302,0.0015091717,-1.0019797,0.0019467305,0.017228965,-0.6386945,0.017162208,0.013704323,0.004456765,0.003415927,-8.074943e-07,1.3853341e-05,-0.06303603,-0.18271244,1.7810043,-1.6670126,1.5707579,-0.38202158,0.0,1.0400515,0.031389114,0.016423987,0.05649831,0.031475637,inf,inf,inf,inf,1,1,1,1,2,1,1,1,3,0,0,0
344588025,0,0.0,0.0,-0.009482799,-0.002112932,-1.0046756,0.0019467305,0.017228965,-0.6386945,0.013283443,0.02298386,0.0005136042,-0.0020924623,-8.074943e-07,1.3853341e-05,-0.06303603,0.0444498,1.1493481,-1.5715984,1.5761892,-0.38202158,0.0,1.0427474,0.03217785,0.016423706,0.05762159,0.03147443,inf,inf,inf,inf,1,1,1,1,2,1,1,1,3,0,0,0
344694593,0,0.0,0.0,-0.009284934,-0.0019505537,-1.0049857,0.0019467305,0.017228965,-0.6386945,0.015357548,0.018492378,0.011741563,0.008713288,-8.074943e-07,1.3853341e-05,-0.06303603,0.0043033594,0.25928703,-0.69892824,1.5770205,-0.38202158,0.0,1.0430574,0.031947874,0.01642363,0.05728935,0.03147414,inf,inf,inf,inf,1,1,1,1,2,1,1,1,3,0,0,0
344887417,0,0.0,0.0,-0.009598121,-0.00074272166,-1.0047174,0.0019467305,0.017228965,-0.6386945,0.0062949117,0.019174727,0.009660299,0.006198534,-8.074943e-07,1.3853341e-05,-0.06303603,-0.251486,-0.9952092,1.3611261,1.5795856,-0.38202158,0.0,1.0427891,0.03257091,0.01642349,0.057687484,0.031473402,inf,inf,inf,inf,1,1,1,1,2,1,1,1,3,0,0,0
344988825,0,0.0,0.0,-0.010701833,0.00032481816,-1.0052805,0.0019467305,0.017228965,-0.6386945,2.6912283e-05,0.03006489,-0.0039431923,-0.0075146505,-8.074943e-07,1.3853341e-05,-0.06303603,-0.62689704,2.2151644,-1.5248245,1.5806661,-0.38202158,0.0,1.0433522,0.0326255,0.016423406,0.057699595,0.03147304,inf,inf,inf,inf,1,1,1,1,2,1,1,1,3,0,0,0
345085217,0,0.0,0.0,-0.0121958405,0.001974399,-1.0062428,0.0019467305,0.017228965,-0.6386945,0.00203346,0.030820673,0.0026054536,-0.0011400504,-8.074943e-07,1.3853341e-05,-0.06303603,0.39099336,-0.36150467,-0.01058274,1.5814586,-0.38202158,0.0,1.0443145,0.03266154,0.016423332,0.05775058,0.031473085,inf,inf,inf,inf,1,1,1,1,2,1,1,1,3,0,0,0
345191771,0,0.0,0.0,-0.01418277,0.0046450202,-1.0070409,0.0019467305,0.017228965,-0.6386945,-0.0011218047,0.034809858,0.0054640383,0.0014078927,-8.074943e-07,1.3853341e-05,-0.06303603,-0.3718402,-0.60439825,0.8119931,1.5814581,-0.38202158,0.0,1.0451126,0.03305758,0.016423255,0.058099546,0.031472795,inf,inf,inf,inf,1,1,1,1,2,1,1,1,3,0,0,0
345283341,0,0.0,0.0,-0.01591072,0.007390391,-1.0078641,0.0019467305,0.017228965,-0.6386945,0.00034862425,0.043277476,0.00044497763,-0.0038550775,-8.074943e-07,1.3853341e-05,-0.06303603,0.15096928,0.504511,-0.607812,1.5808944,-0.38202158,0.0,1.0459359,0.032599982,0.016423194,0.0574971,0.03147227,inf,inf,inf,inf,1,1,1,1,2,1,1,1,3,0,0,0
345389632,0,0.0,0.0,-0.01800527,0.010886712,-1.0087233,0.0019467305,0.017228965,-0.6386945,0.004141834,0.037076894,0.00019665415,-0.004303418,-8.074943e-07,1.3853341e-05,-0.06303603,0.3717167,-0.5184927,-0.3439467,1.579623,-0.38202158,0.0,1.046795,0.032286216,0.016423091,0.05718652,0.031471927,inf,inf,inf,inf,1,1,1,1,2,1,1,1,3,0,0,0
345491100,0,0.0,0.0,-0.019644836,0.014260854,-1.0092763,0.0019467305,0.017228965,-0.6386945,0.002781236,0.042790234,0.005263603,0.0006134026,-8.074943e-07,1.3853341e-05,-0.06303603,-0.25678056,0.92958784,-0.7909457,1.5778915,-0.38202158,0.0,1.047348,0.032382276,0.016423011,0.057352856,0.03147157,inf,inf,inf,inf,1,1,1,1,2,1,1,1,3,0,0,0
345592566,0,0.0,0.0,-0.020869851,0.01783942,-1.0095754,0.0019467305,0.017228965,-0.6386945,0.0061158743,0.045540232,0.0020131597,-0.0027121843,-8.074943e-07,1.3853341e-05,-0.06303603,-0.1653448,1.0756106,-1.2328898,1.575773,-0.38202158,0.0,1.0476471,0.03420972,0.016422933,0.059100315,0.03147132,inf,inf,inf,inf,1,1,1,1,2,1,1,1,3,0,0,0
345683884,0,0.0,0.0,-0.021724222,0.020999776,-1.0084152,0.0019467305,0.017228965,-0.6386945,0.006365951,0.04064763,0.05512225,0.0503983,-8.074943e-07,1.3853341e-05,-0.06303603,-0.25249955,-0.10615182,1.4368826,1.5749528,-0.38202158,0.0,1.046487,0.033461463,0.016422864,0.05820712,0.031471,inf,inf,inf,inf,1,1,1,1,2,1,1,1,3,0,0,0
345886830,0,0.0,0.0,-0.02415732,0.023147328,-0.9619516,0.0019467305,0.017228965,-0.6386945,0.004606327,0.012671966,0.44991517,0.44676766,-8.074943e-07,1.3853341e-05,-0.06303603,0.30741668,0.08673724,3.1334877,1.5716261,-0.38202158,0.0,1.0000234,0.033075772,0.016422719,0.0576072,0.031470664,inf,inf,inf,inf,1,1,1,1,2,1,1,1,3,0,0,0
346089766,0,0.0,0.0,-0.025349151,0.02178204,-0.8377873,0.0019467305,0.017228965,-0.6386945,0.009005455,0.011779436,0.46996093,0.4788489,-8.074943e-07,1.3853341e-05,-0.06303603,-0.42098102,-0.2803794,-0.8046189,1.5534413,-0.38202158,0.0,0.875859,0.031851936,0.01642276,0.055815354,0.031483624,inf,inf,inf,inf,1,1,1,1,2,1,1,1,3,0,0,0
346186343,0,0.0,0.0,-0.025413672,0.020749185,-0.77925,0.0019467305,0.017228965,-0.6386945,0.012407148,0.010313058,0.5617898,0.5788798,-8.074943e-07,1.3853341e-05,-0.06303603,0.031629764,-0.30959505,0.29902726,1.5519788,-0.38202158,0.0,0.8173218,0.031966604,0.016423235,0.055928092,0.031489305,inf,inf,inf,inf,1,1,1,1,2,1,1,1,3,0,0,0
346287629,0,0.0,0.0,-0.024963869,0.020083692,-0.706591,0.0019467305,0.017228965,-0.6386945,0.0142767355,0.013267126,0.66553426,0.6891408,-8.074943e-07,1.3853341e-05,-0.06303603,-0.16059063,-0.644792,0.85622233,1.552059,-0.38202158,0.0,0.74466276,0.03208162,0.016423615,0.056403924,0.03148166,inf,inf,inf,inf,1,1,1,1,2,1,1,1,3,0,0,0
346389109,0,0.0,0.0,-0.024291687,0.01970406,-0.6298352,0.0019467305,0.017228965,-0.6386945,0.01980885,0.016668096,0.6527865,0.6813962,-8.074943e-07,1.3853341e-05,-0.06303603,0.3921502,0.23573077,-0.7881932,1.5512722,-0.38202158,0.0,0.66790694,0.032177363,0.016423978,0.05641367,0.03148544,inf,inf,inf,inf,1,1,1,1,2,1,1,1,3,0,0,0
346490564,0,0.0,0.0,-0.023245785,0.019459441,-0.55655766,0.0019467305,0.017228965,-0.6386945,0.020180192,0.019157946,0.62534606,0.6573667,-8.074943e-07,1.3853341e-05,-0.06303603,0.2800317,-0.09693064,-0.39599738,1.550565,-0.38202158,0.0,0.5946294,0.032249033,0.01642441,0.05654609,0.0314848,inf,inf,inf,inf,1,1,1,1,2,1,1,1,3,0,0,0
346592337,0,0.0,0.0,-0.022336997,0.019765269,-0.487185,0.0019467305,0.017228965,-0.6386945,0.018301172,0.01741586,0.60971385,0.6424425,-8.074943e-07,1.3853341e-05,-0.06303603,0.0481418,-1.3730683,1.013173,1.5501683,-0.38202158,0.0,0.52525675,0.032744624,0.016424602,0.05730704,0.0314791,inf,inf,inf,inf,1,1,1,1,2,1,1,1,3,0,0,0
346789896,0,0.0,0.0,-0.020711452,0.021227015,-0.36125794,0.0019467305,0.017228965,-0.6386945,0.020284455,0.017569765,0.6357344,0.66085607,-8.074943e-07,1.3853341e-05,-0.06303603,0.46166387,-0.62642527,0.19078252,1.5471565,-0.38202158,0.0,0.39932966,0.032822423,0.016424336,0.057465814,0.031478498,inf,inf,inf,inf,1,1,1,1,2,1,1,1,3,0,0,0
346891359,0,0.0,0.0,-0.019552018,0.02208995,-0.29982817,0.0019467305,0.017228965,-0.6386945,0.020299267,0.013292192,0.6469832,0.6654564,-8.074943e-07,1.3853341e-05,-0.06303603,-1.290646,-1.2938133,0.63391674,1.5439606,-0.38202158,0.0,0.3378999,0.032764077,0.016424255,0.057437006,0.031478647,inf,inf,inf,inf,1,1,1,1,2,1,1,1,3,0,0,0
346992824,0,0.0,0.0,-0.017975036,0.023078782,-0.23907079,0.0019467305,0.017228965,-0.6386945,0.028767604,0.019871876,0.6644477,0.6752907,-8.074943e-07,1.3853341e-05,-0.06303603,-0.15937178,0.20556206,1.7440495,1.5403866,-0.38202158,0.0,0.27714252,0.03273797,0.01642425,0.057402935,0.031480342,inf,inf,inf,inf,1,1,1,1,2,1,1,1,3,0,0,0
347094355,0,0.0,0.0,-0.015854448,0.024142314,-0.17773813,0.0019467305,0.017228965,-0.6386945,0.03420397,0.01503974,0.6806515,0.6837977,-8.074943e-07,1.3853341e-05,-0.06303603,1.2093414,0.14006451,-0.904261,1.5373832,-0.38202158,0.0,0.21580985,0.03193698,0.016424293,0.056709614,0.0314816,inf,inf,inf,inf,1,1,1,1,2,1,1,1,3,0,0,0
347185614,0,0.0,0.0,-0.013791381,0.024164962,-0.12192882,0.0019467305,0.017228965,-0.6386945,0.035320595,-0.0008740892,0.698114,0.69459057,-8.074943e-07,1.3853341e-05,-0.06303603,0.5919718,-0.17167568,0.38363245,1.5342207,-0.38202158,0.0,0.16000055,0.032412115,0.016424388,0.057270117,0.031483274,inf,inf,inf,inf,1,1,1,1,2,1,1,1,3,0,0,0
347287098,0,0.0,0.0,-0.0115580885,0.021877006,-0.059998576,0.0019467305,0.017228965,-0.6386945,0.028685542,-0.024340848,0.6904966,0.6799591,-8.074943e-07,1.3853341e-05,-0.06303603,0.2968385,0.38741842,-1.4081509,1.5295742,-0.38202158,0.0,0.1,0.032465722,0.016424574,0.057405595,0.03148553,inf,inf,inf,inf,1,1,1,1,2,1,1,1,3,0,0,0
347388584,0,0.0,0.0,-0.009444721,0.017882198,0.00051090005,0.0019467305,0.017228965,-0.6386945,0.028786778,-0.028178541,0.69267976,0.6754553,-8.074943e-07,1.3853341e-05,-0.06303603,-0.18157493,-0.09538208,0.5099345,1.5262123,-0.38202158,0.0,0.1,0.0325124,0.016424837,0.057523526,0.03148757,inf,inf,inf,inf,1,1,1,1,2,1,1,1,3,0,0,0
347490328,0,0.0,0.0,-0.007559222,0.014032446,0.061129503,0.0019467305,0.017228965,-0.6386945,0.026184643,-0.022268495,0.70345676,0.67973363,-8.074943e-07,1.3853341e-05,-0.06303603,-0.9356083,-0.56992227,0.18106434,1.5263174,-0.38202158,0.0,0.1,0.032554645,0.016425151,0.057671174,0.03149,inf,inf,inf,inf,1,1,1,1,2,1,1,1,3,0,0,0
347687889,0,0.0,0.0,-0.0055403844,0.0049244664,0.12208176,0.0019467305,0.017228965,-0.6386945,0.019096203,-0.045547914,0.11644829,0.08010019,-8.074943e-07,1.3853341e-05,-0.06303603,-0.32934406,0.083578534,5.9277883,1.523886,-0.38202158,0.0,0.1,0.032624945,0.016425999,0.057825807,0.031495225,inf,inf,inf,inf,1,1,1,1,2,1,1,1,3,0,0,0
347789349,0,0.0,0.0,-0.0049888785,-2.2775741e-05,0.12798584,0.0019467305,0.017228965,-0.6386945,0.0113643985,0.07310168,0.025904711,-0.02054979,-8.074943e-07,1.3853341e-05,-0.06303603,-0.39713746,0.6382989,8.874218,1.5328939,-0.38202158,0.0,0.1,0.034437947,0.016426513,0.06020554,0.031501062,inf,inf,inf,inf,1,1,1,1,2,1,1,1,3,0,0,0
347890848,0,0.0,0.0,-0.005613279,0.0014266027,0.119832344,0.0019467305,0.017228965,-0.6386945,-0.0065174317,-0.017372057,0.08182431,0.021331374,-8.074943e-07,1.3853341e-05,-0.06303603,-3.582326,-1.1047473,-5.379375,1.5370944,-0.38202158,0.0,0.1,0.034021415,0.016419882,0.060439732,0.031358633,inf,inf,inf,inf,1,1,1,1,2,1,1,1,3,0,0,0
347992402,0,0.0,0.0,-0.007061667,0.0009401759,0.10664563,0.0019467305,0.017228965,-0.6386945,0.0030095852,0.0012320592,0.11262114,0.037819892,-8.074943e-07,1.3853341e-05,-0.06303603,0.028741356,-0.3681664,0.43374726,1.537158,-0.38202158,0.0,0.1,0.032864016,0.016404208,0.060392644,0.03139445,inf,inf,inf,inf,1,1,1,1,2,1,1,1,3,0,0,0
348788832,0,0.0,0.0,-0.022745285,0.008497382,0.024085633,0.0019467305,0.017228965,-0.6386945,-0.017947674,0.015476733,0.10637818,-0.0022942105,-8.074943e-07,1.3853341e-05,-0.06303603,0.013923018,0.15137126,0.07952639,1.537955,-0.38202158,0.0,0.1,0.034063693,0.016690591,0.06930247,0.03464852,inf,inf,inf,inf,1,1,1,1,2,1,1,1,3,0,0,1
348890437,0,0.0,0.0,-0.024027037,0.009455579,0.02318364,0.0019467305,0.017228965,-0.6386945,-0.019396093,0.014995625,0.114171386,0.008349237,-8.074943e-07,1.3853341e-05,-0.06303603,-0.06844787,-0.020845806,0.20282684,1.5379902,-0.38202158,0.0,0.1,0.03440193,0.016800826,0.06908752,0.03522792,inf,inf,inf,inf,1,1,1,1,2,1,1,1,3,0,0,1
348991757,0,0.0,0.0,-0.02505251,0.010197913,0.023680417,0.0019467305,0.017228965,-0.6386945,-0.018997189,0.01518898,0.12125901,0.018405726,-8.074943e-07,1.3853341e-05,-0.06303603,-0.07048859,-0.07434329,0.13898972,1.5380157,-0.38202158,0.0,0.1,0.03463448,0.016919581,0.068574294,0.03572263,inf,inf,inf,inf,1,1,1,1,2,1,1,1,3,0,0,1
349189605,0,0.0,0.0,-0.026121264,0.011024938,0.026916733,0.0019467305,0.017228965,-0.6386945,-0.018709617,0.015060061,0.13349807,0.035825364,-8.074943e-07,1.3853341e-05,-0.06303603,-0.039764952,0.05389374,0.26073262,1.5381211,-0.38202158,0.0,0.1,0.034940965,0.017153237,0.067343704,0.036412273,inf,inf,inf,inf,1,1,1,1,2,1,1,1,3,0,0,1
349291291,0,0.0,0.0,-0.026280323,0.011198191,0.029578853,0.0019467305,0.017228965,-0.6386945,-0.017586509,0.0145937465,0.13851377,0.042703703,-8.074943e-07,1.3853341e-05,-0.06303603,0.113589436,0.061518114,0.13124019,1.5381081,-0.38202158,0.0,0.1,0.033880882,0.017255047,0.065286666,0.03659846,inf,inf,inf,inf,1,1,1,1,2,1,1,1,3,0,0,1
349392547,0,0.0,0.0,-0.026200157,0.011183228,0.032465562,0.0019467305,0.017228965,-0.6386945,-0.017688595,0.013479556,0.14326084,0.048611958,-8.074943e-07,1.3853341e-05,-0.06303603,-0.11075985,0.12368982,0.2042684,1.5382407,-0.38202158,0.0,0.1,0.033870697,0.01733892,0.06445819,0.036655806,inf,inf,inf,inf,1,1,1,1,2,1,1,1,3,0,0,1
349483870,0,0.0,0.0,-0.02593302,0.011055689,0.03508656,0.0019467305,0.017228965,-0.6386945,-0.016789826,0.013292709,0.1468196,0.052773226,-8.074943e-07,1.3853341e-05,-0.06303603,-0.11547172,0.014721601,0.07602659,1.5382556,-0.38202158,0.0,0.1,0.034375727,0.017399183,0.06454526,0.036666363,inf,inf,inf,inf,1,1,1,1,2,1,1,1,3,0,0,1
349585330,0,0.0,0.0,-0.02552616,0.010820051,0.037802607,0.0019467305,0.017228965,-0.6386945,-0.016046636,0.012185985,0.14987962,0.056002922,-8.074943e-07,1.3853341e-05,-0.06303603,-0.07433432,0.056495603,0.24442323,1.5384005,-0.38202158,0.0,0.1,0.03433849,0.017448865,0.063979864,0.03661372,inf,inf,inf,inf,1,1,1,1,2,1,1,1,3,0,0,1
349691871,0,0.0,0.0,-0.02489356,0.010417749,0.039511044,0.0019467305,0.017228965,-0.6386945,-0.015032671,0.01093417,0.15030627,0.05606264,-8.074943e-07,1.3853341e-05,-0.06303603,-0.16398156,-0.0774421,0.1400025,1.5383879,-0.38202158,0.0,0.1,0.033740018,0.01748333,0.062760174,0.036495604,inf,inf,inf,inf,1,1,1,1,2,1,1,1,3,0,0,1
349788370,0,0.0,0.0,-0.024214579,0.0099838255,0.04035982,0.0019467305,0.017228965,-0.6386945,-0.01384878,0.010428469,0.15008943,0.055094182,-8.074943e-07,1.3853341e-05,-0.06303603,-0.025281632,-0.00523927,0.14119214,1.5384238,-0.38202158,0.0,0.1,0.03366359,0.01749819,0.062268578,0.036350776,inf,inf,inf,inf,1,1,1,1,2,1,1,1,3,0,0,1
349986131,0,0.0,0.0,-0.022741549,0.009069972,0.041905344,0.0019467305,0.017228965,-0.6386945,-0.010198315,0.009131087,0.14981693,0.052315973,-8.074943e-07,1.3853341e-05,-0.06303603,0.14161356,0.11398397,0.1865857,1.5385439,-0.38202158,0.0,0.1,0.033461507,0.01748617,0.06108773,0.035958882,inf,inf,inf,inf,1,1,1,1,2,1,1,1,3,0,0,1
350189365,0,0.0,0.0,-0.021167422,0.008196098,0.043150295,0.0019467305,0.017228965,-0.6386945,-0.0077418042,0.0072904234,0.14835298,0.048090592,-8.074943e-07,1.3853341e-05,-0.06303603,0.043720473,0.035143204,0.20780768,1.5386803,-0.38202158,0.0,0.1,0.03330212,0.017440995,0.060335673,0.03559002,inf,inf,inf,inf,1,1,1,1,2,1,1,1,3,0,0,1
350290533,0,0.0,0.0,-0.020439597,0.0078294445,0.043228097,0.0019467305,0.017228965,-0.6386945,-0.0068412363,0.0063157277,0.14761165,0.046087876,-8.074943e-07,1.3853341e-05,-0.06303603,0.13785534,-0.020583497,0.096765645,1.5386854,-0.38202158,0.0,0.1,0.034890093,0.017412718,0.061672803,0.035428647,inf,inf,inf,inf,1,1,1,1,2,1,1,1,3,0,0,1
350392023,0,0.0,0.0,-0.01965275,0.007403827,0.043023594,0.0019467305,0.017228965,-0.6386945,-0.0057176836,0.0056053465,0.14599986,0.043316483,-8.074943e-07,1.3853341e-05,-0.06303603,0.040469322,-0.022317557,0.19148344,1.5387304,-0.38202158,0.0,0.1,0.03354448,0.01738286,0.059978932,0.035276946,inf,inf,inf,inf,1,1,1,1,2,1,1,1,3,0,0,1
350493469,0,0.0,0.0,-0.01883246,0.006967437,0.042617064,0.0019467305,0.017228965,-0.6386945,-0.0049502603,0.00554206,0.14704286,0.043320786,-8.074943e-07,1.3853341e-05,-0.06303603,0.042990502,0.0043901233,0.19605821,1.5387707,-0.38202158,0.0,0.1,0.03343849,0.017352521,0.059789438,0.03513754,inf,inf,inf,inf,1,1,1,1,2,1,1,1,3,0,0,1
350594942,0,0.0,0.0,-0.018044505,0.00657817,0.042344898,0.0019467305,0.017228965,-0.6386945,-0.0040202066,0.004970326,0.14956823,0.044944577,-8.074943e-07,1.3853341e-05,-0.06303603,-0.0021517803,0.031116836,0.19923852,1.5388007,-0.38202158,0.0,0.1,0.033353,0.017322557,0.059621714,0.035010185,inf,inf,inf,inf,1,1,1,1,2,1,1,1,3,0,0,1
350691406,0,0.0,0.0,-0.017259633,0.0062200874,0.041498695,0.0019467305,0.017228965,-0.6386945,-0.0027805688,0.004813498,0.15169518,0.046319105,-8.074943e-07,1.3853341e-05,-0.06303603,-0.0034108486,0.013015151,0.20649065,1.5388311,-0.38202158,0.0,0.1,0.033167727,0.01729355,0.059274282,0.034894183,inf,inf,inf,inf,1,1,1,1,2,1,1,1,3,0,0,1
350792803,0,0.0,0.0,-0.016509699,0.005905672,0.04182587,0.0019467305,0.017228965,-0.6386945,-0.0018548688,0.0043634255,0.15517208,0.049118575,-8.074943e-07,1.3853341e-05,-0.06303603,0.010827999,0.007882326,0.19969271,1.5388635,-0.38202158,0.0,0.1,0.032238122,0.01726564,0.058121443,0.034771837,inf,inf,inf,inf,1,1,1,1,2,1,1,1,3,0,0,1
350884125,0,0.0,0.0,-0.015862156,0.005669005,0.042610623,0.0019467305,0.017228965,-0.6386945,-0.0011616688,0.0039054456,0.15859143,0.051960204,-8.074943e-07,1.3853341e-05,-0.06303603,-0.001469289,0.0022420746,0.20493874,1.5388947,-0.38202158,0.0,0.1,0.032739013,0.01724125,0.05865604,0.034686346,inf,inf,inf,inf,1,1,1,1,2,1,1,1,3,0,0,1
350985599,0,0.0,0.0,-0.015181699,0.005465352,0.043839645,0.0019467305,0.017228965,-0.6386945,-0.000337563,0.0041788807,0.16254081,0.05536952,-8.074943e-07,1.3853341e-05,-0.06303603,0.0008806729,0.025025956,0.21379343,1.5389415,-0.38202158,0.0,0.1,0.032800455,0.017216155,0.058689497,0.03460066,inf,inf,inf,inf,1,1,1,1,2,1,1,1,3,0,0,1
351087283,0,0.0,0.0,-0.01452802,0.0053261714,0.045426875,0.0019467305,0.017228965,-0.6386945,0.0008002605,0.003814901,0.16618094,0.058468238,-8.074943e-07,1.3853341e-05,-0.06303603,0.007481029,0.0052634296,0.20149817,1.5390117,-0.38202158,0.0,0.1,0.032846447,0.017193144,0.058674686,0.03452345,inf,inf,inf,inf,1,1,1,1,2,1,1,1,3,0,0,1
351386391,0,0.0,0.0,-0.012749349,0.0049755247,0.049873482,0.0019467305,0.017228965,-0.6386945,0.0028990775,0.0030019847,0.17392457,0.06380251,-8.074943e-07,1.3853341e-05,-0.06303603,0.007896256,0.017377157,0.20683381,1.5391793,-0.38202158,0.0,0.1,0.033800878,0.017134987,0.059266947,0.03431782,inf,inf,inf,inf,1,1,1,1,2,1,1,1,3,0,0,1
351487873,0,0.0,0.0,-0.012214952,0.0049161087,0.051770233,0.0019467305,0.017228965,-0.6386945,0.0038292517,0.0029732804,0.17610705,0.06479164,-8.074943e-07,1.3853341e-05,-0.06303603,-0.005814303,0.004181948,0.20021608,1.5392429,-0.38202158,0.0,0.1,0.03342269,0.017118229,0.058595605,0.034264546,inf,inf,inf,inf,1,1,1,1,2,1,1,1,3,0,0,1
351589435,0,0.0,0.0,-0.011700958,0.0048467307,0.053527053,0.0019467305,0.017228965,-0.6386945,0.004545946,0.0026416376,0.17774326,0.0651409,-8.074943e-07,1.3853341e-05,-0.06303603,-0.0061804396,0.003510477,0.20052558,1.5392861,-0.38202158,0.0,0.1,0.03313964,0.017103052,0.05817201,0.034215845,inf,inf,inf,inf,1,1,1,1,2,1,1,1,3,0,0,1
351690826,0,0.0,0.0,-0.011236904,0.004725861,0.05323456,0.0019467305,0.017228965,-0.6386945,0.0049862345,0.0024384446,0.17621948,0.062064156,-8.074943e-07,1.3853341e-05,-0.06303603,0.0019374175,-0.012758216,0.1940283,1.5393394,-0.38202158,0.0,0.1,0.03337931,0.017087916,0.058364004,0.034164708,inf,inf,inf,inf,1,1,1,1,2,1,1,1,3,0,0,1
