timestamp,states[0],states[1],states[2],states[3],states[4],states[5],states[6],states[7],states[8],states[9],states[10],states[11],states[12],states[13],states[14],states[15],states[16],states[17],states[18],states[19],states[20],states[21],states[22],states[23],vibe[0],vibe[1],vibe[2],covariances[0],covariances[1],covariances[2],covariances[3],covariances[4],covariances[5],covariances[6],covariances[7],covariances[8],covariances[9],covariances[10],covariances[11],covariances[12],covariances[13],covariances[14],covariances[15],covariances[16],covariances[17],covariances[18],covariances[19],covariances[20],covariances[21],covariances[22],covariances[23],output_tracking_error[0],output_tracking_error[1],output_tracking_error[2],control_mode_flags,pos_horiz_accuracy,pos_vert_accuracy,mag_test_ratio,vel_test_ratio,pos_test_ratio,hgt_test_ratio,tas_test_ratio,hagl_test_ratio,beta_test_ratio,time_slip,gps_check_fail_flags,filter_fault_flags,innovation_check_flags,solution_status_flags,n_states,pre_flt_fail_innov_heading,pre_flt_fail_innov_vel_horiz,pre_flt_fail_innov_vel_vert,pre_flt_fail_innov_height,pre_flt_fail_mag_field_disturbed,health_flags,timeout_flags
317883355,0.68648195,-0.003541115,0.002389447,0.72713435,-0.005567067,0.0001800154,0.0044995723,-0.020340977,0.012836078,-0.025243858,-9.843986e-05,-3.7506532e-05,-2.8375132e-05,0.00011165166,0.0002773098,0.0002236483,0.27468154,7.9385565e-10,0.46999285,0.0,0.0,0.0,0.0,0.0,4.3631568e-10,9.589626e-06,0.0005429757,2.4799974e-06,2.2685776e-06,2.268527e-06,2.320277e-06,0.0017236236,0.0017235962,0.0010996235,0.0005768321,0.00057682866,0.00028405985,2.2100054e-11,2.20991e-11,3.5950798e-11,0.0,0.0,5e-08,0.0,0.0,0.0,0.0,0.0,0.0,0.0,0.0,0.00030946138,0.00052629085,0.0013147708,67137539,0.03396558,0.016854076,0.024257574,0.0,0.0040935217,0.00038347073,0.0,0.0,0.0,0.0,0,0,0,895,24,0,0,0,0,0,0,0
317893716,0.6864785,-0.0035436158,0.002390545,0.72713757,-0.005620818,0.00012138561,0.004555686,-0.020397825,0.012837609,-0.025247037,-9.8439865e-05,-3.7506517e-05,-2.837513e-05,0.00011165166,0.0002773098,0.00022373535,0.27468154,7.9385565e-10,0.46999285,0.0,0.0,0.0,0.0,0.0,5.627849e-10,1.2506173e-05,0.00056040153,2.4852466e-06,2.277007e-06,2.2769575e-06,2.3249538e-06,0.0017498891,0.001749861,0.0010994078,0.0005922558,0.0005922521,0.00028403118,2.2110053e-11,2.21091e-11,3.59608e-11,0.0,0.0,5e-08,0.0,0.0,0.0,0.0,0.0,0.0,0.0,0.0,0.00030082293,0.0005830956,0.0013366743,67137539,0.034416683,0.016853224,0.024257574,0.0,0.0040935217,0.00038347073,0.0,0.0,0.0,0.0,0,0,0,895,24,0,0,0,0,0,0,0
318086349,0.6864659,-0.0035246895,0.0023959004,0.7271495,-0.0054413527,0.00081552827,0.004454304,-0.020255448,0.012984724,-0.0253091,-9.8410805e-05,-3.750608e-05,-2.8261324e-05,0.00011165166,0.0002773098,0.00022533759,0.27468154,7.9385565e-10,0.46999285,0.0,0.0,0.0,0.0,0.0,1.2495328e-09,2.5529775e-05,0.0009843648,2.469217e-06,2.2587164e-06,2.2586692e-06,2.3110408e-06,0.0016804236,0.0016803954,0.0010945194,0.00055440934,0.0005544058,0.00028346118,2.2072308e-11,2.2071385e-11,3.5808356e-11,0.0,0.0,5e-08,0.0,0.0,0.0,0.0,0.0,0.0,0.0,0.0,0.00030223286,0.00049989135,0.0012417114,28675,0.033298876,0.016836306,0.024131687,0.0,0.003911578,0.00038347073,0.0,0.0,0.0,0.0,0,0,0,895,24,0,0,0,0,0,0,0
318289327,0.6864406,-0.0035298266,0.0024144717,0.7271733,-0.005400839,0.0009459757,-0.0025407642,-0.020207405,0.013093575,-0.02565403,-9.837864e-05,-3.750777e-05,-2.8129854e-05,0.00011165166,0.0002773098,0.00022698987,0.27468154,7.9385565e-10,0.46999285,0.0,0.0,0.0,0.0,0.0,2.1058089e-09,4.048009e-05,0.0011324622,2.4539747e-06,2.247132e-06,2.2470879e-06,2.2977422e-06,0.0016312572,0.0016312273,0.0010896235,0.0005237698,0.00052376674,0.0002828849,2.2032253e-11,2.203136e-11,3.5626037e-11,0.0,0.0,5e-08,0.0,0.0,0.0,0.0,0.0,0.0,0.0,0.0,0.0003281557,0.0005485123,0.0012410481,28675,0.03236567,0.016819183,0.024044165,0.0,0.0039454163,0.00038347073,0.0,0.0,0.0,0.0,0,0,0,895,24,0,0,0,0,0,0,0
318487235,0.686431,-0.00348121,0.0024510503,0.7271825,-0.0051549603,4.7961876e-06,-0.024179744,-0.020137725,0.013120465,-0.028177947,-9.8351025e-05,-3.751075e-05,-2.8007315e-05,0.00011165166,0.0002773098,0.00022718342,0.27468154,7.9385565e-10,0.46999285,0.0,0.0,0.0,0.0,0.0,2.451e-09,4.7437083e-05,0.0012768949,2.4469489e-06,2.2537656e-06,2.2537267e-06,2.2918293e-06,0.0016324781,0.0016324465,0.0010847223,0.0005200191,0.0005200156,0.00028231373,2.2010534e-11,2.2009644e-11,3.545899e-11,0.0,0.0,5e-08,0.0,0.0,0.0,0.0,0.0,0.0,0.0,0.0,0.0003127242,0.0012644215,0.0018398191,28675,0.03224957,0.016802194,0.025376465,0.0,0.0038003137,0.00038347073,0.0,0.0,0.0,0.0,0,0,0,895,24,0,0,0,0,0,0,0
318690219,0.6864372,-0.0034824135,0.002423451,0.7271768,-0.0044665015,0.00022074296,-0.04759846,-0.02011384,0.013088833,-0.033320315,-9.832346e-05,-3.751448e-05,-2.7881206e-05,0.00011165166,0.0002773098,0.00022349418,0.27468154,7.9385565e-10,0.46999285,0.0,0.0,0.0,0.0,0.0,2.8719387e-09,5.562861e-05,0.0013266433,2.4413068e-06,2.2597055e-06,2.2596694e-06,2.2872346e-06,0.0016469428,0.0016469088,0.001081727,0.0005191535,0.0005191497,0.0002817933,2.1981583e-11,2.1980707e-11,3.5280993e-11,0.0,0.0,5e-08,0.0,0.0,0.0,0.0,0.0,0.0,0.0,0.0,0.000332537,0.004063867,0.004037892,28675,0.03222271,0.0167867,0.024390051,0.0,0.0037428457,0.00038347073,0.0,0.0,0.0,0.0,0,0,0,895,24,0,0,0,0,0,0,0
318903354,0.68643934,-0.0034858,0.0024023075,0.72717476,-0.0044917297,-0.0008040694,-0.070214614,-0.020280913,0.01297104,-0.039962035,-9.8295306e-05,-3.7518614e-05,-2.776434e-05,0.00011165166,0.0002773098,0.00021364642,0.27468154,7.9385565e-10,0.46999285,0.0,0.0,0.0,0.0,0.0,3.1854506e-09,6.390102e-05,0.0014375839,2.4527374e-06,2.2762729e-06,2.2762408e-06,2.2978402e-06,0.0017002291,0.0017001913,0.001078786,0.00054942915,0.0005494248,0.00028133535,2.1959696e-11,2.1958825e-11,3.5136623e-11,0.0,0.0,5e-08,0.0,0.0,0.0,0.0,0.0,0.0,0.0,0.0,0.00034389034,0.008819654,0.008272484,28675,0.033148967,0.016773054,0.025981536,0.0,0.003852469,0.00038347073,0.0,0.0,0.0,0.0,0,0,0,895,24,0,0,0,0,0,0,0
319091112,0.68642753,-0.0034577057,0.0023837176,0.7271862,-0.0054949326,-0.00065763853,-0.08908103,-0.020401832,0.012876185,-0.046452537,-9.826619e-05,-3.7522255e-05,-2.7646844e-05,0.00011165166,0.0002773098,0.00019893977,0.27468154,7.9385565e-10,0.46999285,0.0,0.0,0.0,0.0,0.0,3.3984047e-09,6.783993e-05,0.0014941224,2.4542553e-06,2.2813044e-06,2.2812774e-06,2.2994386e-06,0.0017179545,0.0017179139,0.0010762113,0.0005562816,0.00055627705,0.00028096943,2.1921982e-11,2.1921114e-11,3.4964857e-11,0.0,0.0,5e-08,0.0,0.0,0.0,0.0,0.0,0.0,0.0,0.0,0.00035841207,0.0140216565,0.01329807,28675,0.03335504,0.016762143,0.02448836,0.0,0.0042148647,0.00038347073,0.0,0.0,0.0,0.0,0,0,0,895,24,0,0,0,0,0,0,0
319294160,0.6864364,-0.0034471317,0.0023823525,0.72717786,-0.00588331,-0.0016389902,-0.10306472,-0.020282403,0.012793863,-0.052391272,-9.82296e-05,-3.7526046e-05,-2.7503975e-05,0.00011165166,0.0002773098,0.00017798608,0.27468154,7.9385565e-10,0.46999285,0.0,0.0,0.0,0.0,0.0,3.358668e-09,6.763293e-05,0.0015512872,2.4391315e-06,2.2634279e-06,2.2634001e-06,2.2862926e-06,0.0016602702,0.0016602307,0.0010727977,0.00052264275,0.0005226384,0.00028059303,2.1844457e-11,2.1843607e-11,3.47133e-11,0.0,0.0,5e-08,0.0,0.0,0.0,0.0,0.0,0.0,0.0,0.0,0.00035087788,0.019389367,0.018840339,28675,0.032330807,0.016750911,0.024160404,0.0,0.004109176,0.00038347073,0.0,0.0,0.0,0.0,0,0,0,895,24,0,0,0,0,0,0,0
319486914,0.68644196,-0.0034463569,0.0023792689,0.7271726,-0.0054263677,-0.0014099973,-0.11360745,-0.020400474,0.0126453405,-0.058142543,-9.819893e-05,-3.7529957e-05,-2.7386135e-05,0.00011165166,0.0002773098,0.00015209058,0.27468154,7.9385565e-10,0.46999285,0.0,0.0,0.0,0.0,0.0,3.139346e-09,6.40804e-05,0.001496312,2.4476772e-06,2.279709e-06,2.2796858e-06,2.2942477e-06,0.0017153503,0.0017153072,0.0010701094,0.0005495403,0.00054953544,0.00028022288,2.1813726e-11,2.181288e-11,3.453693e-11,0.0,0.0,5e-08,0.0,0.0,0.0,0.0,0.0,0.0,0.0,0.0,0.00032992192,0.024310272,0.02418016,28675,0.03315231,0.016739858,0.024253486,0.0,0.0042451355,0.00038347073,0.0,0.0,0.0,0.0,0,0,0,895,24,0,0,0,0,0,0,0
319689907,0.68645287,-0.003403943,0.0024121215,0.7271623,-0.005608498,-0.0009880711,-0.11818834,-0.020335056,0.012575564,-0.0614996,-9.816364e-05,-3.7532795e-05,-2.7254231e-05,0.00011165166,0.0002773098,0.00012252592,0.27468154,7.9385565e-10,0.46999285,0.0,0.0,0.0,0.0,0.0,3.2431122e-09,6.4675696e-05,0.001469801,2.4450305e-06,2.2741876e-06,2.2741638e-06,2.292205e-06,0.0016923998,0.0016923572,0.0010661267,0.00054365175,0.0005436467,0.0002798437,2.174753e-11,2.1746693e-11,3.430993e-11,0.0,0.0,5e-08,0.0,0.0,0.0,0.0,0.0,0.0,0.0,0.0,0.00030000161,0.027821979,0.02811654,28675,0.03297421,0.01672853,0.024749976,0.0,0.00409317,0.00038347073,0.0,0.0,0.0,0.0,0,0,0,895,24,0,0,0,0,0,0,0
320090813,0.6864483,-0.0034491422,0.0023862764,0.72716665,-0.0054874816,-0.0013905317,-0.123515636,-0.020275205,0.012471344,-0.0671967,-9.8094104e-05,-3.753806e-05,-2.698961e-05,0.00011165166,0.0002773098,5.6054483e-05,0.27468154,7.9385565e-10,0.46999285,0.0,0.0,0.0,0.0,0.0,3.531507e-09,6.897582e-05,0.0015283593,2.441546e-06,2.2716715e-06,2.2716508e-06,2.289505e-06,0.0016877736,0.0016877288,0.0010607091,0.0005381073,0.000538102,0.00027908132,2.1621286e-11,2.1620466e-11,3.3838026e-11,0.0,0.0,5e-08,0.0,0.0,0.0,0.0,0.0,0.0,0.0,0.0,0.00032709652,0.031309195,0.032730505,28675,0.03280563,0.016705727,0.024496729,0.0,0.0039746794,0.00038347073,0.0,0.0,0.0,0.0,0,0,0,895,24,0,0,0,0,0,0,0
320491704,0.68645895,-0.0033980394,0.0023942136,0.7271567,-0.005872148,-0.0007351606,-0.12077832,-0.02019887,0.012553863,-0.06875956,-9.8023855e-05,-3.7544425e-05,-2.6712769e-05,0.00011165166,0.0002773098,-1.6990949e-05,0.27468154,7.9385565e-10,0.46999285,0.0,0.0,0.0,0.0,0.0,3.5908065e-09,7.3770774e-05,0.0016343602,2.4342237e-06,2.2663576e-06,2.2663417e-06,2.2834136e-06,0.0016666371,0.0016665903,0.0010551,0.0005267603,0.0005267552,0.00027838253,2.148043e-11,2.1479624e-11,3.331384e-11,0.0,0.0,5e-08,0.0,0.0,0.0,0.0,0.0,0.0,0.0,0.0,0.0003149783,0.03024098,0.031908493,28675,0.032457903,0.0166848,0.022929784,0.0,0.0038249986,0.00038347073,0.0,0.0,0.0,0.0,0,0,0,895,24,0,0,0,0,0,0,0
321892259,0.6865643,-0.0034066266,0.0022944757,0.7270576,-0.0060608247,0.00021204803,-0.0988777,-0.020755608,0.013092358,-0.063925356,-9.775555e-05,-3.761162e-05,-2.5853193e-05,0.00011165166,0.0002773098,-0.0002471026,0.27468154,7.9385565e-10,0.46999285,0.0,0.0,0.0,0.0,0.0,3.8724792e-09,7.704605e-05,0.0015210796,2.450585e-06,2.2635431e-06,2.2635447e-06,2.2996746e-06,0.0016792725,0.0016792188,0.0010413645,0.00054789573,0.0005478895,0.00027653668,2.1005699e-11,2.10049e-11,3.1599872e-11,0.0,0.0,5e-08,0.0,0.0,0.0,0.0,0.0,0.0,0.0,0.0,0.0003036247,0.013268453,0.012273979,28675,0.033102646,0.016629392,0.021394812,0.0,0.004955548,0.00038347073,0.0,0.0,0.0,0.0,0,0,0,895,24,0,0,0,0,0,0,0
322085079,0.6865905,-0.003422049,0.0022651053,0.72703284,-0.0062681935,0.0003606197,-0.10000611,-0.020696495,0.013121119,-0.06331199,-9.771368e-05,-3.7624442e-05,-2.573027e-05,0.00011165166,0.0002773098,-0.00027454624,0.27468154,7.9385565e-10,0.46999285,0.0,0.0,0.0,0.0,0.0,4.244262e-09,8.411323e-05,0.0015629722,2.4433987e-06,2.255363e-06,2.2553634e-06,2.2934646e-06,0.0016566762,0.0016566218,0.0010399079,0.00052609935,0.00052609347,0.00027632416,2.092988e-11,2.0929081e-11,3.1323968e-11,0.0,0.0,5e-08,0.0,0.0,0.0,0.0,0.0,0.0,0.0,0.0,0.0003363718,0.011047805,0.009753518,28675,0.032437522,0.016623002,0.022652863,0.0,0.0049475706,0.00038347073,0.0,0.0,0.0,0.0,0,0,0,895,24,0,0,0,0,0,0,0
322293135,0.68661064,-0.0034017782,0.0022409253,0.727014,-0.005366803,0.0006554559,-0.09786112,-0.020564497,0.013221014,-0.062676884,-9.7669115e-05,-3.7639587e-05,-2.5595578e-05,0.00011165166,0.0002773098,-0.00030408785,0.27468154,7.9385565e-10,0.46999285,0.0,0.0,0.0,0.0,0.0,4.6247246e-09,9.827764e-05,0.0022911301,2.436306e-06,2.25024e-06,2.2502393e-06,2.2872798e-06,0.0016458674,0.001645812,0.0010382852,0.00051132205,0.0005113162,0.00027610495,2.0852634e-11,2.0851836e-11,3.1023812e-11,5.98456e-07,5.9863913e-07,5e-08,0.0,0.0,0.0,0.0,0.0,0.0,0.0,0.0,0.00035543702,0.008998148,0.0073194206,28803,0.031978715,0.016616406,0.022501308,0.0,0.004633966,0.00038347073,0.0,0.0,0.0,0.0,0,0,0,895,24,0,0,0,0,0,0,0
322688947,0.6917307,-0.0031542517,0.0042559584,0.72213614,-0.00785444,-0.010305404,-0.2444495,-0.02050421,0.011789003,-0.07669915,-9.761251e-05,-3.769137e-05,-2.4369054e-05,0.00011695067,0.00028183605,-0.00034970164,0.27468154,7.9385565e-10,0.46999285,0.0,0.0,0.0,0.0,0.0,1.3814852e-07,0.00020524682,0.008074095,2.417532e-06,2.2558172e-06,2.2558086e-06,2.3028397e-06,0.0025199403,0.002519582,0.0010362214,0.0005360445,0.000536032,0.00027570344,2.0730943e-11,2.073014e-11,3.0504474e-11,5.924388e-07,5.9261833e-07,5e-08,0.0,0.0,0.0,0.0,0.0,0.0,0.0,0.0,0.0016626902,0.0014206726,0.0016484235,28803,0.03274258,0.01660432,0.24579388,0.0,0.0051945643,0.00038347073,0.0,0.0,0.0,0.0,0,0,0,895,24,0,0,0,0,0,0,0
322887101,0.7060639,0.0011869726,-0.0020992614,0.708144,-0.00628942,-0.029792514,-0.3983026,-0.021802977,0.0055655614,-0.1299123,-9.760212e-05,-3.773517e-05,-2.3318908e-05,0.00012825547,0.00028717652,-0.00036317922,0.27468154,7.9385565e-10,0.46999285,0.0,0.0,0.0,0.0,0.0,1.3482591e-07,0.00021963836,0.009549391,2.3546445e-06,2.2622175e-06,2.2622128e-06,2.3439895e-06,0.0031674434,0.0031668884,0.0010351079,0.00056250475,0.00056247914,0.000275582,2.067683e-11,2.0676032e-11,3.0207052e-11,5.6988824e-07,5.700552e-07,5e-08,0.0,0.0,0.0,0.0,0.0,0.0,0.0,0.0,0.0025425963,0.0069490573,0.0081225075,28803,0.033540778,0.016600663,0.11474869,0.0,0.0024787507,0.00038347073,0.0,0.0,0.0,0.0,0,0,0,895,24,0,0,0,0,0,0,0
323282689,0.7128326,-0.0008854292,-0.00013115133,0.70133364,-0.0019805464,-0.035973545,-0.82061034,-0.021858325,-0.004859637,-0.3528204,-9.7545446e-05,-3.773937e-05,-2.3034858e-05,0.00012450543,0.00032196628,-0.00038443797,0.27468154,7.9385565e-10,0.46999285,0.0,0.0,0.0,0.0,0.0,1.01723245e-07,0.00022234491,0.010384957,2.3038465e-06,2.3698865e-06,2.369897e-06,2.3440434e-06,0.0035677277,0.0035672323,0.0010350072,0.0006143628,0.0006143243,0.0002754198,2.0714177e-11,2.0713351e-11,2.962308e-11,4.5025288e-07,4.503566e-07,5e-08,0.0,0.0,0.0,0.0,0.0,0.0,0.0,0.0,0.00039573738,0.011197016,0.014533896,28803,0.035052635,0.016595777,0.027696868,0.0,0.0053526647,0.00038347073,0.0,0.0,0.0,0.0,0,0,0,895,24,0,0,0,0,0,0,0
324693439,0.70872414,-0.0060383296,0.0063839625,0.705431,-0.017631898,0.03758138,-0.27891445,-0.021161221,0.05718389,-0.6541492,-9.7477394e-05,-3.780881e-05,-2.3178298e-05,-2.0752632e-05,0.00032064714,-0.0007757906,0.27468154,7.9385565e-10,0.46999285,0.0,0.0,0.0,0.0,0.0,4.1960938e-08,0.00021008136,0.008413,2.3148712e-06,3.555009e-06,3.555197e-06,2.3298087e-06,0.0019750174,0.0019749035,0.0010204138,0.00055905647,0.00055904116,0.00027379012,2.1914325e-11,2.1913199e-11,2.798771e-11,1.7064349e-07,1.7066257e-07,5e-08,0.0,0.0,0.0,0.0,0.0,0.0,0.0,0.0,0.00021910395,0.031681105,0.034960568,28803,0.033437967,0.016546605,0.031951416,0.0,0.012986149,0.00038347073,0.0,0.0,0.0,0.0,0,0,0,895,24,0,0,0,0,0,0,0
324891238,0.7096648,-0.0073763584,0.0057875416,0.70447713,-0.02145097,0.0058130603,-0.2832921,-0.025338534,0.05724386,-0.6701141,-9.747828e-05,-3.7856145e-05,-2.3122893e-05,-2.2002098e-06,0.00031747608,-0.00083022483,0.27468154,7.9385565e-10,0.46999285,0.0,0.0,0.0,0.0,0.0,4.0627096e-08,0.00020765238,0.007890094,2.3120667e-06,3.746412e-06,3.7466639e-06,2.334344e-06,0.0019194826,0.0019193394,0.0010198253,0.00056351564,0.00056350126,0.00027365724,2.2093747e-11,2.2092583e-11,2.777512e-11,1.6057582e-07,1.6059266e-07,5e-08,0.0,0.0,0.0,0.0,0.0,0.0,0.0,0.0,0.00022559337,0.02815854,0.029982207,28803,0.033571072,0.01654259,0.0008420933,0.0,0.014369983,0.00038347073,0.0,0.0,0.0,0.0,0,0,0,895,24,0,0,0,0,0,0,0
325084099,0.70939976,-0.0071557374,0.0059115556,0.7047453,-0.012173036,-0.02113901,-0.2703258,-0.028240062,0.05164281,-0.68290246,-9.747715e-05,-3.7909045e-05,-2.3130626e-05,1.51163085e-05,0.00031621824,-0.0008807895,0.27468154,7.9385565e-10,0.46999285,0.0,0.0,0.0,0.0,0.0,4.255351e-08,0.00020115063,0.008123294,2.2983347e-06,3.925467e-06,3.9257384e-06,2.3188932e-06,0.0017995237,0.0017993695,0.0010189709,0.0005270809,0.00052706694,0.00027354178,2.2252797e-11,2.2251598e-11,2.7517934e-11,1.5262222e-07,1.5263682e-07,5e-08,0.0,0.0,0.0,0.0,0.0,0.0,0.0,0.0,0.00016491568,0.025657484,0.026038082,28803,0.032467645,0.016539099,0.009644523,0.0,0.012488278,0.00038347073,0.0,0.0,0.0,0.0,0,0,0,895,24,0,0,0,0,0,0,0
325292156,0.70903873,-0.0062709535,0.0024315873,0.7051375,-0.008294902,-0.048474867,-0.2564581,-0.030633107,0.04058597,-0.6951475,-9.7474585e-05,-3.7958187e-05,-2.3074e-05,2.6522011e-05,0.00031509367,-0.0009362965,0.27468154,7.9385565e-10,0.46999285,0.0,0.0,0.0,0.0,0.0,4.569278e-08,0.00019884703,0.008436815,2.3061968e-06,4.1236012e-06,4.123917e-06,2.3243942e-06,0.0018096428,0.0018094821,0.0010183726,0.00055145164,0.0005514339,0.0002734317,2.2422786e-11,2.2421563e-11,2.7326618e-11,1.4731616e-07,1.473292e-07,5e-08,0.0,0.0,0.0,0.0,0.0,0.0,0.0,0.0,0.00016386429,0.022712914,0.022543093,28803,0.03320972,0.01653577,0.023736361,0.0,0.00861197,0.00038347073,0.0,0.0,0.0,0.0,0,0,0,895,24,0,0,0,0,0,0,0
325490012,0.7105347,-0.0012501554,0.0008661346,0.7036606,0.0011681861,-0.069488235,-0.2342086,-0.03080887,0.027249742,-0.70433587,-9.746543e-05,-3.7990936e-05,-2.2878614e-05,3.1212316e-05,0.00031572764,-0.0009889887,0.27468154,7.9385565e-10,0.46999285,0.0,0.0,0.0,0.0,0.0,5.1786145e-08,0.00019680061,0.008163237,2.301585e-06,4.3038117e-06,4.3041373e-06,2.3304037e-06,0.0017586881,0.0017585545,0.0010174529,0.0005478886,0.00054787076,0.00027334187,2.2564638e-11,2.2563397e-11,2.712622e-11,1.4327573e-07,1.4328799e-07,5e-08,0.0,0.0,0.0,0.0,0.0,0.0,0.0,0.0,0.00035303293,0.021064226,0.019415192,28803,0.033102255,0.016533054,0.04934115,0.0,0.002315354,0.00038347073,0.0,0.0,0.0,0.0,0,0,0,895,24,0,0,0,0,0,0,0
325687915,0.71308553,0.0006447726,-0.0034587013,0.7010683,0.012411232,-0.0616735,-0.24044622,-0.028881667,0.014422368,-0.7104886,-9.745251e-05,-3.8000697e-05,-2.271663e-05,3.0118306e-05,0.00031618786,-0.0010389674,0.27468154,7.9385565e-10,0.46999285,0.0,0.0,0.0,0.0,0.0,5.982418e-08,0.00020449373,0.008545888,2.2928575e-06,4.479476e-06,4.4797616e-06,2.3405569e-06,0.0017294531,0.0017293949,0.0010164053,0.0005464053,0.00054638967,0.0002732305,2.2694537e-11,2.2693281e-11,2.6929865e-11,1.4045013e-07,1.4046206e-07,5e-08,0.0,0.0,0.0,0.0,0.0,0.0,0.0,0.0,0.0004421293,0.01802592,0.01547973,28803,0.03305745,0.016529685,0.019911602,0.0,0.0034325942,0.00038347073,0.0,0.0,0.0,0.0,0,0,0,895,24,0,0,0,0,0,0,0
325890881,0.7135425,0.00091938034,-0.00059583917,0.7006112,0.020705983,-0.061782695,-0.24537222,-0.025232624,0.0032631098,-0.7211977,-9.744149e-05,-3.7990383e-05,-2.2798988e-05,2.6064712e-05,0.0003153094,-0.0010864328,0.27468154,7.9385565e-10,0.46999285,0.0,0.0,0.0,0.0,0.0,8.367808e-08,0.0002160242,0.009127761,2.2913232e-06,4.6486057e-06,4.6490118e-06,2.3430825e-06,0.001717846,0.0017178237,0.0010158829,0.000545357,0.0005453459,0.00027312365,2.2809827e-11,2.2808557e-11,2.6737116e-11,1.3844209e-07,1.3845379e-07,5e-08,0.0,0.0,0.0,0.0,0.0,0.0,0.0,0.0,6.215863e-05,0.013342309,0.011632006,28803,0.03302579,0.016526453,0.064750805,0.0,0.006599157,0.00038347073,0.0,0.0,0.0,0.0,0,0,0,895,24,0,0,0,0,0,0,0
326083859,0.70766765,0.005801119,-0.0058929836,0.7064971,0.0113655,-0.03459365,-0.2400912,-0.02303978,-0.0043024975,-0.7322477,-9.744794e-05,-3.7949852e-05,-2.349712e-05,1.9430272e-05,0.00031171364,-0.0011305283,0.27468154,7.9385565e-10,0.46999285,0.0,0.0,0.0,0.0,0.0,1.0732865e-07,0.00021897981,0.0101838475,2.307147e-06,4.799653e-06,4.800093e-06,2.3184193e-06,0.0016958736,0.001695867,0.0010153186,0.00053391716,0.0005339109,0.0002730374,2.290124e-11,2.2899974e-11,2.653887e-11,1.37061e-07,1.3707255e-07,5e-08,0.0,0.0,0.0,0.0,0.0,0.0,0.0,0.0,0.0011190398,0.010510738,0.008663554,28803,0.03267764,0.016523844,0.1645595,0.0,0.014339166,0.00038347073,0.0,0.0,0.0,0.0,0,0,0,895,24,0,0,0,0,0,0,0
326291759,0.6971039,0.0025100538,-0.0027645484,0.7169605,0.0067090252,0.007888303,-0.23279071,-0.02362885,-0.0016365591,-0.74425894,-9.747593e-05,-3.786235e-05,-2.416097e-05,1.00201905e-05,0.00030673743,-0.0011780099,0.27468154,7.9385565e-10,0.46999285,0.0,0.0,0.0,0.0,0.0,1.06183805e-07,0.00022252303,0.012873834,2.3396108e-06,4.955863e-06,4.956275e-06,2.2763525e-06,0.0016780418,0.0016780052,0.0010146602,0.00052475755,0.00052475464,0.000272949,2.2982052e-11,2.2980786e-11,2.6326535e-11,1.3604576e-07,1.3605764e-07,5e-08,0.0,0.0,0.0,0.0,0.0,0.0,0.0,0.0,0.0016885644,0.009998202,0.007851846,28803,0.032396175,0.016521169,0.07739356,0.0,0.014690836,0.00038347073,0.0,0.0,0.0,0.0,0,0,0,895,24,0,0,0,0,0,0,0
326890523,0.695463,-0.002270683,-0.00030856486,0.71855843,-0.022522276,0.0037906116,-0.20856942,-0.03487672,0.011430074,-0.7689757,-9.7624266e-05,-3.781933e-05,-2.349447e-05,3.8483677e-07,0.00029639679,-0.0013097075,0.27468154,7.9385565e-10,0.46999285,0.0,0.0,0.0,0.0,0.0,1.18289975e-07,0.0002366944,0.012249041,2.3749017e-06,5.350504e-06,5.3508697e-06,2.2956942e-06,0.0017150184,0.001715022,0.001012445,0.0005632036,0.0005632015,0.000272678,2.3125862e-11,2.3124511e-11,2.5887759e-11,1.3483466e-07,1.3484755e-07,5e-08,0.0,0.0,0.0,0.0,0.0,0.0,0.0,0.0,0.001234955,0.0057604574,0.004324074,28803,0.03356196,0.016512964,0.14791182,0.0,0.00730319,0.00038347073,0.0,0.0,0.0,0.0,0,0,0,895,24,0,0,0,0,0,0,0
327088408,0.704875,-0.0029355336,-0.00048858504,0.7093253,-0.017718818,-0.00071001577,-0.20382631,-0.040674835,0.009810656,-0.77204794,-9.7659526e-05,-3.788883e-05,-2.2747234e-05,-5.401953e-07,0.00029464613,-0.0013519851,0.27468154,7.9385565e-10,0.46999285,0.0,0.0,0.0,0.0,0.0,2.0469402e-07,0.0003375596,0.012623582,2.349113e-06,5.463313e-06,5.463688e-06,2.3370544e-06,0.00170837,0.0017083746,0.0010110817,0.00057047384,0.0005704731,0.0002725733,2.3144415e-11,2.3143036e-11,2.5742934e-11,1.3468566e-07,1.3469922e-07,5e-08,0.0,0.0,0.0,0.0,0.0,0.0,0.0,0.0,0.0018681494,0.0055438257,0.0036839999,28803,0.033777907,0.016509794,0.16460046,0.0,0.0130458595,0.00038347073,0.0,0.0,0.0,0.0,0,0,0,895,24,0,0,0,0,0,0,0
327291379,0.7132995,-0.0042712376,0.0018069942,0.70084405,-0.006129773,-0.04243838,-0.20053689,-0.04391813,0.0011309955,-0.7790794,-9.767138e-05,-3.801865e-05,-2.2193599e-05,-4.303128e-07,0.00029341452,-0.0013934937,0.27468154,7.9385565e-10,0.46999285,0.0,0.0,0.0,0.0,0.0,2.0776271e-07,0.00032825093,0.01254743,2.3149726e-06,5.5619453e-06,5.5623573e-06,2.3647099e-06,0.0016869957,0.0016869876,0.0010104979,0.0005516943,0.0005516947,0.00027246046,2.3142122e-11,2.3140732e-11,2.5562937e-11,1.345827e-07,1.3459714e-07,5e-08,0.0,0.0,0.0,0.0,0.0,0.0,0.0,0.0,0.0017094903,0.0066664377,0.005876805,28803,0.0332173,0.016506376,0.077736884,0.0,0.0180832,0.00038347073,0.0,0.0,0.0,0.0,0,0,0,831,24,0,0,0,0,0,0,0
327692261,0.71824175,0.0014744988,-0.0077993786,0.69574845,0.035379697,-0.04635611,-0.18549773,-0.03714558,-0.02639882,-0.79099405,-9.759283e-05,-3.8283666e-05,-2.2086326e-05,-3.1646496e-06,0.00029208485,-0.0014732546,0.27468154,7.9385565e-10,0.46999285,0.0,0.0,0.0,0.0,0.0,1.7985836e-07,0.00033254526,0.0113530895,2.2901463e-06,5.745547e-06,5.7457505e-06,2.3777338e-06,0.0016855873,0.0016856181,0.001009335,0.00053803786,0.0005380387,0.00027227876,2.3119602e-11,2.3118195e-11,2.5217203e-11,1.3449883e-07,1.3451579e-07,5e-08,0.0,0.0,0.0,0.0,0.0,0.0,0.0,0.0,0.00043527834,0.008551763,0.009653616,28803,0.032803606,0.016500872,0.058083046,0.0,0.014267801,0.00038347073,0.0,0.0,0.0,0.0,0,0,0,831,24,0,0,0,0,0,0,0
327885185,0.7135525,0.0008701138,-0.0032814161,0.70059365,0.051738992,-0.059117194,-0.18908542,-0.0269353,-0.038954064,-0.7986951,-9.7528515e-05,-3.8398233e-05,-2.2457489e-05,-5.3641957e-06,0.00029136532,-0.001505855,0.27468154,7.9385565e-10,0.46999285,0.0,0.0,0.0,0.0,0.0,1.6300984e-07,0.00028919993,0.011627258,2.3290086e-06,5.841635e-06,5.842086e-06,2.3834154e-06,0.0017528243,0.0017528695,0.0010086602,0.00058789883,0.0005879014,0.00027219392,2.3122055e-11,2.3120625e-11,2.514445e-11,1.3449309e-07,1.3451162e-07,5e-08,0.0,0.0,0.0,0.0,0.0,0.0,0.0,0.0,0.0009356118,0.010858641,0.012568886,28803,0.034289945,0.016498301,0.12090432,0.0,0.017922666,0.00038347073,0.0,0.0,0.0,0.0,0,0,0,831,24,0,0,0,0,0,0,0
328093125,0.7050372,0.009414891,-0.0072766654,0.70907056,0.05479896,-0.031854704,-0.2094335,-0.012997492,-0.053395554,-0.8143744,-9.745007e-05,-3.852497e-05,-2.3162138e-05,-8.011929e-06,0.00029051024,-0.0015368562,0.27468154,7.9385565e-10,0.46999285,0.0,0.0,0.0,0.0,0.0,1.5122531e-07,0.00026808362,0.012708333,2.3495436e-06,5.895226e-06,5.8960036e-06,2.3422363e-06,0.0016830795,0.0016831154,0.0010081293,0.0005450007,0.00054500415,0.0002721103,2.305353e-11,2.3052052e-11,2.4945726e-11,1.3449181e-07,1.3451223e-07,5e-08,0.0,0.0,0.0,0.0,0.0,0.0,0.0,0.0,0.001657611,0.015486031,0.017233673,28803,0.03301522,0.016495766,0.11725465,0.0,0.008512819,0.00038347073,0.0,0.0,0.0,0.0,0,0,0,831,24,0,0,0,0,0,0,0
328286201,0.6973928,0.012328335,-0.008444692,0.7165333,0.05025849,-0.0029564928,-0.2011252,-0.0018342368,-0.058716096,-0.82907236,-9.74096e-05,-3.8580023e-05,-2.3599025e-05,-1.070209e-05,0.00028963675,-0.0015643825,0.27468154,7.9385565e-10,0.46999285,0.0,0.0,0.0,0.0,0.0,1.2590834e-07,0.0002663375,0.0145472605,2.3620514e-06,5.9508475e-06,5.9518925e-06,2.3002026e-06,0.0016345418,0.0016345491,0.0010071823,0.000513589,0.00051359227,0.00027203228,2.2996816e-11,2.2995305e-11,2.4746129e-11,1.3448843e-07,1.3451096e-07,5e-08,0.0,0.0,0.0,0.0,0.0,0.0,0.0,0.0,0.0015678385,0.01610277,0.020001506,28803,0.032049667,0.0164934,0.039644796,0.0,0.0036121528,0.00038347073,0.0,0.0,0.0,0.0,0,0,0,831,24,0,0,0,0,0,0,0
328692174,0.70186824,0.008647365,0.0008520685,0.7122539,0.012236487,0.04662986,-0.1592243,0.01300091,-0.049126923,-0.8570218,-9.7364085e-05,-3.8674996e-05,-2.277878e-05,-1.7868613e-05,0.00028824998,-0.0016174986,0.27468154,7.9385565e-10,0.46999285,0.0,0.0,0.0,0.0,0.0,1.1244289e-07,0.00022888242,0.012356123,2.3209068e-06,6.081026e-06,6.082212e-06,2.2891247e-06,0.0016497605,0.0016497487,0.0010059377,0.0005035503,0.0005035498,0.00027184543,2.2911817e-11,2.2910108e-11,2.4379262e-11,1.3446406e-07,1.344918e-07,5e-08,0.0,0.0,0.0,0.0,0.0,0.0,0.0,0.0,0.001221691,0.016963694,0.020661082,28803,0.03173484,0.016487736,0.12219425,0.0,0.009426968,0.00038347073,0.0,0.0,0.0,0.0,0,0,0,831,24,0,0,0,0,0,0,0
328884679,0.708148,0.012233396,-0.0025774215,0.70595336,0.0015510805,0.049116857,-0.1613522,0.015506156,-0.043247733,-0.86732894,-9.733863e-05,-3.877326e-05,-2.2334105e-05,-2.2218344e-05,0.00028730574,-0.0016433394,0.27468154,7.9385565e-10,0.46999285,0.0,0.0,0.0,0.0,0.0,1.14716116e-07,0.00022113168,0.010976903,2.282562e-06,6.122444e-06,6.1240544e-06,2.2954546e-06,0.0016277985,0.0016278297,0.0010055599,0.00048883125,0.00048883114,0.0002717741,2.2846563e-11,2.284471e-11,2.4197528e-11,1.3444023e-07,1.3447142e-07,5e-08,0.0,0.0,0.0,0.0,0.0,0.0,0.0,0.0,0.0015432187,0.016684074,0.019912388,28803,0.031267595,0.016485572,0.0673397,0.0,0.011369532,0.00038347073,0.0,0.0,0.0,0.0,0,0,0,831,24,0,0,0,0,0,0,0
329092716,0.71156806,0.0043586586,0.004107981,0.70259166,-0.025391135,0.041734997,-0.14424695,0.013749692,-0.036710177,-0.8749878,-9.730909e-05,-3.89187e-05,-2.2195725e-05,-2.7486283e-05,0.0002858984,-0.001672591,0.27468154,7.9385565e-10,0.46999285,0.0,0.0,0.0,0.0,0.0,8.852396e-08,0.0002042422,0.010236282,2.2641602e-06,6.1742485e-06,6.1752394e-06,2.3008747e-06,0.0016313823,0.0016314684,0.0010051001,0.0004948051,0.0004948077,0.00027170382,2.278262e-11,2.278066e-11,2.4040998e-11,1.3440206e-07,1.3443676e-07,5e-08,0.0,0.0,0.0,0.0,0.0,0.0,0.0,0.0,0.00091401313,0.015700316,0.018564355,28803,0.031458113,0.016483441,0.007789598,0.0,0.01892031,0.00038347073,0.0,0.0,0.0,0.0,0,0,0,831,24,0,0,0,0,0,0,0
329285555,0.7112066,0.0022026603,0.002221407,0.70297617,-0.045332022,0.02102995,-0.12857696,0.008146031,-0.0356944,-0.87982666,-9.726943e-05,-3.9075636e-05,-2.2273565e-05,-3.278299e-05,0.00028425836,-0.0016984212,0.27468154,7.9385565e-10,0.46999285,0.0,0.0,0.0,0.0,0.0,7.404289e-08,0.00019043557,0.009872345,2.2697327e-06,6.2319596e-06,6.23296e-06,2.3044488e-06,0.0016688799,0.0016689973,0.0010045472,0.0005222066,0.00052221405,0.0002716402,2.2742457e-11,2.2740398e-11,2.393509e-11,1.343594e-07,1.343975e-07,5e-08,0.0,0.0,0.0,0.0,0.0,0.0,0.0,0.0,0.0005072504,0.014953825,0.017598707,28803,0.032317497,0.016481511,0.014145456,0.0,0.02168456,0.00038347073,0.0,0.0,0.0,0.0,0,0,0,831,24,0,0,0,0,0,0,0
329488504,0.71051705,0.0018865105,-0.00081999216,0.70367706,-0.04405569,0.0091396505,-0.119681455,0.0018708009,-0.038428176,-0.8842858,-9.7166325e-05,-3.925515e-05,-2.2268137e-05,-3.884028e-05,0.00028165386,-0.0017255092,0.27468154,7.9385565e-10,0.46999285,0.0,0.0,0.0,0.0,0.0,6.232935e-08,0.00019060087,0.009850434,2.280495e-06,6.271758e-06,6.272864e-06,2.3106081e-06,0.0016790066,0.0016790869,0.0010041437,0.00054081995,0.00054083107,0.0002715776,2.2674395e-11,2.2672239e-11,2.383695e-11,1.3429798e-07,1.3434001e-07,5e-08,0.0,0.0,0.0,0.0,0.0,0.0,0.0,0.0,0.00061353756,0.015321108,0.01691383,28803,0.032888465,0.016479611,0.0024642,0.0,0.020774888,0.00038347073,0.0,0.0,0.0,0.0,0,0,0,831,24,0,0,0,0,0,0,0
329691471,0.71026725,0.0021165097,-0.0015335137,0.70392734,-0.045874316,-0.009510736,-0.103038155,-0.003157334,-0.043016005,-0.8867344,-9.703048e-05,-3.941429e-05,-2.235652e-05,-4.4987213e-05,0.00027846027,-0.001753832,0.27468154,7.9385565e-10,0.46999285,0.0,0.0,0.0,0.0,0.0,6.7520105e-08,0.00019057552,0.0098548755,2.3038103e-06,6.332625e-06,6.333825e-06,2.3331052e-06,0.00174767,0.0017477258,0.0010037471,0.0005920325,0.0005920452,0.00027151802,2.2630788e-11,2.2628534e-11,2.3780526e-11,1.342269e-07,1.3427297e-07,5e-08,0.0,0.0,0.0,0.0,0.0,0.0,0.0,0.0,0.0006860732,0.014805903,0.015968623,28803,0.03441043,0.016477805,0.040535152,0.0,0.02156806,0.00038347073,0.0,0.0,0.0,0.0,0,0,0,831,24,0,0,0,0,0,0,0
329889380,0.7064796,0.0027382143,-0.0061689327,0.7077012,-0.03191352,-0.011345087,-0.119444534,-0.0037217808,-0.050602622,-0.8877549,-9.6826836e-05,-3.9581548e-05,-2.2743137e-05,-5.1435512e-05,0.00027411096,-0.001779531,0.27468154,7.9385565e-10,0.46999285,0.0,0.0,0.0,0.0,0.0,7.4459166e-08,0.00019370303,0.011372596,2.3034338e-06,6.3264124e-06,6.3275925e-06,2.306412e-06,0.0016476456,0.0016476634,0.001003151,0.0005383522,0.0005383603,0.00027145984,2.250924e-11,2.2506892e-11,2.3617427e-11,1.341206e-07,1.3417086e-07,5e-08,0.0,0.0,0.0,0.0,0.0,0.0,0.0,0.0,0.0010557448,0.014871258,0.016409623,28803,0.0328133,0.016476039,0.08857636,0.0,0.023275044,0.00038347073,0.0,0.0,0.0,0.0,0,0,0,831,24,0,0,0,0,0,0,0
330092407,0.70042115,0.0044743833,-0.010063741,0.713645,-0.00710389,0.006375231,-0.112832606,-0.0012808511,-0.05432073,-0.8890881,-9.662619e-05,-3.9668008e-05,-2.3122497e-05,-5.6545705e-05,0.00026986073,-0.0018047452,0.27468154,7.9385565e-10,0.46999285,0.0,0.0,0.0,0.0,0.0,7.802596e-08,0.00019600287,0.012173429,2.3220578e-06,6.3564044e-06,6.3574453e-06,2.282582e-06,0.0016445005,0.0016445068,0.0010026684,0.0005290683,0.0005290731,0.0002713912,2.2437269e-11,2.2434844e-11,2.349189e-11,1.3402278e-07,1.3407727e-07,5e-08,0.0,0.0,0.0,0.0,0.0,0.0,0.0,0.0,0.0012449031,0.014670386,0.01583427,28803,0.032529086,0.016473956,0.058865435,0.0,0.02603603,0.00038347073,0.0,0.0,0.0,0.0,0,0,0,831,24,0,0,0,0,0,0,0
330285139,0.6969933,0.0071441587,-0.010407592,0.7169665,0.020491255,0.02968827,-0.10580494,0.0069862013,-0.050558247,-0.889891,-9.64043e-05,-3.968628e-05,-2.3282242e-05,-5.9741837e-05,0.0002651787,-0.001828629,0.27468154,7.9385565e-10,0.46999285,0.0,0.0,0.0,0.0,0.0,7.4694235e-08,0.00019633416,0.012579808,2.3167424e-06,6.3711223e-06,6.372249e-06,2.2538873e-06,0.0016181676,0.0016181793,0.0010023674,0.0004982614,0.0004982635,0.00027133487,2.2353239e-11,2.2350774e-11,2.333171e-11,1.339187e-07,1.3397658e-07,5e-08,0.0,0.0,0.0,0.0,0.0,0.0,0.0,0.0,0.0010262537,0.01536964,0.015605777,28803,0.031567782,0.016472245,0.006571671,0.0,0.02486536,0.00038347073,0.0,0.0,0.0,0.0,0,0,0,831,24,0,0,0,0,0,0,0
330691109,0.6955611,0.003999099,0.0012677781,0.71845466,0.027376652,0.09983769,-0.100602075,0.028059859,-0.015616484,-0.8910299,-9.609458e-05,-3.9632923e-05,-2.3240436e-05,-6.2875886e-05,0.0002578813,-0.0018790849,0.27468154,7.9385565e-10,0.46999285,0.0,0.0,0.0,0.0,0.0,6.976042e-08,0.00021172872,0.015623332,2.3144078e-06,6.438864e-06,6.4403807e-06,2.2409884e-06,0.0016865326,0.0016864896,0.0010016707,0.00052260415,0.0005226027,0.0002712393,2.2223879e-11,2.2221426e-11,2.3090745e-11,1.3367521e-07,1.3373695e-07,5e-08,0.0,0.0,0.0,0.0,0.0,0.0,0.0,0.0,0.00048636578,0.012484148,0.013130837,28803,0.03232966,0.016469344,0.013947348,0.0,0.01213941,0.00038347073,0.0,0.0,0.0,0.0,0,0,0,831,24,0,0,0,0,0,0,0
330888950,0.6963696,0.00208391,0.003644576,0.71767116,0.0133861685,0.09339824,-0.096992396,0.034088653,0.0019679852,-0.8905352,-9.602283e-05,-3.9695118e-05,-2.3100843e-05,-6.578151e-05,0.00025565212,-0.0019039258,0.27468154,7.9385565e-10,0.46999285,0.0,0.0,0.0,0.0,0.0,6.979971e-08,0.00022361046,0.016161235,2.3007085e-06,6.4319206e-06,6.433345e-06,2.232993e-06,0.0016461989,0.0016461725,0.0010012425,0.0005072938,0.0005072907,0.00027119156,2.2114909e-11,2.2112475e-11,2.2955481e-11,1.3350942e-07,1.3357194e-07,5e-08,0.0,0.0,0.0,0.0,0.0,0.0,0.0,0.0,0.0004313971,0.009002445,0.010209789,28803,0.031852543,0.016467895,0.033547565,0.0,0.009988265,0.00038347073,0.0,0.0,0.0,0.0,0,0,0,831,24,0,0,0,0,0,0,0
331091918,0.698106,0.0022301842,0.006162871,0.71596456,-0.007890429,0.07568376,-0.10656071,0.035059597,0.015626216,-0.88862187,-9.6004434e-05,-3.9803963e-05,-2.287045e-05,-6.9622634e-05,0.00025419533,-0.0019291212,0.27468154,7.9385565e-10,0.46999285,0.0,0.0,0.0,0.0,0.0,6.853059e-08,0.00022160515,0.015214824,2.294571e-06,6.4455003e-06,6.446853e-06,2.238218e-06,0.0016559536,0.0016559464,0.0010008744,0.0005162859,0.0005162833,0.00027113594,2.2034534e-11,2.2032154e-11,2.285422e-11,1.3335219e-07,1.3341476e-07,5e-08,0.0,0.0,0.0,0.0,0.0,0.0,0.0,0.0,0.00063502725,0.007419088,0.0075814067,28803,0.032133617,0.016466206,0.061719406,0.0,0.016490525,0.00038347073,0.0,0.0,0.0,0.0,0,0,0,831,24,0,0,0,0,0,0,0
331482716,0.7042356,-0.0004703392,0.0056241243,0.709944,-0.0402301,0.020078218,-0.10331739,0.023967087,0.025085757,-0.88214403,-9.6037686e-05,-4.011101e-05,-2.2436017e-05,-7.933459e-05,0.00025245434,-0.0019802977,0.27468154,7.9385565e-10,0.46999285,0.0,0.0,0.0,0.0,0.0,5.9948746e-08,0.00018873111,0.013003131,2.26789e-06,6.4572037e-06,6.4585e-06,2.2533402e-06,0.0016552533,0.0016552203,0.0010003002,0.0005181478,0.0005181467,0.0002710485,2.1867067e-11,2.1864744e-11,2.2650954e-11,1.3301556e-07,1.3307836e-07,5e-08,0.0,0.0,0.0,0.0,0.0,0.0,0.0,0.0,0.0008182443,0.008437509,0.007762566,28803,0.03219153,0.016463552,0.028574629,0.0,0.01849103,0.00038347073,0.0,0.0,0.0,0.0,0,0,0,831,24,0,0,0,0,0,0,0
331685584,0.70599955,-0.00015736182,0.0027188873,0.7082071,-0.04659347,0.00042743047,-0.100231975,0.014495448,0.022941014,-0.8793576,-9.605685e-05,-4.024759e-05,-2.2315802e-05,-8.355768e-05,0.0002518114,-0.0020065017,0.27468154,7.9385565e-10,0.46999285,0.0,0.0,0.0,0.0,0.0,5.9323913e-08,0.00019127027,0.011964595,2.261725e-06,6.4681294e-06,6.469469e-06,2.2592587e-06,0.0016773541,0.0016772994,0.0010000671,0.00052727625,0.0005272739,0.0002710089,2.1791593e-11,2.1789308e-11,2.2559028e-11,1.3283689e-07,1.3289971e-07,5e-08,0.0,0.0,0.0,0.0,0.0,0.0,0.0,0.0,0.0006346157,0.008238913,0.007767612,28803,0.03247384,0.016462348,0.026699167,0.0,0.014063905,0.00038347073,0.0,0.0,0.0,0.0,0,0,0,831,24,0,0,0,0,0,0,0
331888668,0.7078046,-0.002480327,0.0021414286,0.70640075,-0.039244536,-0.0037482518,-0.099922754,0.006055546,0.01989711,-0.8759112,-9.604152e-05,-4.035646e-05,-2.2200767e-05,-8.6747415e-05,0.00025035834,-0.0020338863,0.27468154,7.9385565e-10,0.46999285,0.0,0.0,0.0,0.0,0.0,5.7563792e-08,0.00019181274,0.011039816,2.2502984e-06,6.4586907e-06,6.4599667e-06,2.2602644e-06,0.0016652226,0.0016651769,0.0009998269,0.00051924103,0.0005192372,0.00027097203,2.1690184e-11,2.168795e-11,2.2450182e-11,1.3262371e-07,1.326862e-07,5e-08,0.0,0.0,0.0,0.0,0.0,0.0,0.0,0.0,0.00047460655,0.0065384926,0.006421216,28803,0.03222543,0.016461229,0.013237219,0.0,0.0092638675,0.00038347073,0.0,0.0,0.0,0.0,0,0,0,831,24,0,0,0,0,0,0,0
332086411,0.7091507,-0.00065931445,0.0025392012,0.7050522,-0.023586802,-0.005809257,-0.0843581,0.0012227662,0.016965663,-0.87106574,-9.6010444e-05,-4.0421946e-05,-2.2138613e-05,-8.848115e-05,0.000248575,-0.0020596038,0.27468154,7.9385565e-10,0.46999285,0.0,0.0,0.0,0.0,0.0,4.4655145e-08,0.00017954917,0.009892637,2.245732e-06,6.462843e-06,6.464109e-06,2.265072e-06,0.0016689902,0.0016689568,0.0009993267,0.00052752614,0.0005275216,0.00027092866,2.1612764e-11,2.1610578e-11,2.2363828e-11,1.3242737e-07,1.3248932e-07,5e-08,0.0,0.0,0.0,0.0,0.0,0.0,0.0,0.0,0.00033876588,0.004012909,0.0046233446,28803,0.0324815,0.01645991,0.0029179303,0.0,0.006570609,0.00038347073,0.0,0.0,0.0,0.0,0,0,0,831,24,0,0,0,0,0,0,0
332289635,0.70982236,0.00029645674,0.0020022467,0.70437795,-0.017986838,-0.013185783,-0.08608574,-0.0019842456,0.013647805,-0.86703056,-9.598222e-05,-4.0469353e-05,-2.2110133e-05,-8.950345e-05,0.00024677496,-0.0020843134,0.27468154,7.9385565e-10,0.46999285,0.0,0.0,0.0,0.0,0.0,4.0288242e-08,0.00017832317,0.009156102,2.243327e-06,6.462657e-06,6.463908e-06,2.2674128e-06,0.0016738805,0.0016738556,0.0009990076,0.0005320562,0.0005320519,0.00027088416,2.1532194e-11,2.1530066e-11,2.227929e-11,1.3223341e-07,1.3229466e-07,5e-08,0.0,0.0,0.0,0.0,0.0,0.0,0.0,0.0,0.00021366951,0.004493807,0.004122053,28803,0.03262067,0.01645856,0.0013688944,0.0,0.0041863574,0.00038347073,0.0,0.0,0.0,0.0,0,0,0,831,24,0,0,0,0,0,0,0
332492359,0.7099203,0.0015515229,-0.0002072257,0.7042804,-0.01027407,-0.0029660333,-0.099062115,-0.0037444693,0.011319291,-0.86625683,-9.595504e-05,-4.048642e-05,-2.2165026e-05,-8.9524e-05,0.00024488656,-0.002108606,0.27468154,7.9385565e-10,0.46999285,0.0,0.0,0.0,0.0,0.0,3.301103e-08,0.00016760666,0.009340513,2.2426748e-06,6.4599985e-06,6.461239e-06,2.2678075e-06,0.001684104,0.0016841011,0.0009988203,0.0005347357,0.0005347324,0.00027084755,2.1450997e-11,2.1448926e-11,2.2196588e-11,1.320402e-07,1.321004e-07,5e-08,0.0,0.0,0.0,0.0,0.0,0.0,0.0,0.0,0.00016056006,0.005977539,0.0047977823,28803,0.03270272,0.016457446,0.03081156,0.0,0.0026817508,0.00038347073,0.0,0.0,0.0,0.0,0,0,0,831,24,0,0,0,0,0,0,0
332685156,0.7081859,0.0022988673,0.00041363115,0.7060222,-0.00020107595,0.011461799,-0.11058606,-0.003885137,0.011806971,-0.86588305,-9.593452e-05,-4.0478364e-05,-2.228684e-05,-8.874204e-05,0.00024306981,-0.0021316207,0.27468154,7.9385565e-10,0.46999285,0.0,0.0,0.0,0.0,0.0,3.2520347e-08,0.00017728296,0.0095094945,2.2623099e-06,6.471981e-06,6.4732185e-06,2.2757893e-06,0.0017350852,0.0017350897,0.0009986653,0.0005678784,0.0005678768,0.00027081714,2.1393335e-11,2.1391314e-11,2.2159285e-11,1.3186352e-07,1.319227e-07,5e-08,0.0,0.0,0.0,0.0,0.0,0.0,0.0,0.0,0.00030839516,0.0069495332,0.005789975,28803,0.03370097,0.016456522,0.03565082,0.0,0.001962637,0.00038347073,0.0,0.0,0.0,0.0,0,0,0,831,24,0,0,0,0,0,0,0
332883033,0.7072461,0.0047322507,0.00071903656,0.70695126,0.0023485478,0.029135317,-0.11234942,-0.003798699,0.015950583,-0.86711884,-9.592984e-05,-4.044717e-05,-2.2312535e-05,-8.7117776e-05,0.00024152143,-0.0021553426,0.27468154,7.9385565e-10,0.46999285,0.0,0.0,0.0,0.0,0.0,4.0080472e-08,0.00017236196,0.009333068,2.254214e-06,6.4236024e-06,6.4249252e-06,2.2610227e-06,0.0016491651,0.0016491562,0.0009983397,0.0005240224,0.0005240224,0.00027078832,2.1264377e-11,2.1262474e-11,2.204772e-11,1.3161518e-07,1.3167289e-07,5e-08,0.0,0.0,0.0,0.0,0.0,0.0,0.0,0.0,0.00023434257,0.007174916,0.007045633,28803,0.032373518,0.016455647,0.006109251,0.0,0.0031564385,0.00038347073,0.0,0.0,0.0,0.0,0,0,0,831,24,0,0,0,0,0,0,0
333085983,0.7082356,-0.0010970138,0.0061673797,0.7059484,0.0012503417,0.02946387,-0.09556514,-0.004516455,0.022316722,-0.8675057,-9.594394e-05,-4.0437873e-05,-2.2279242e-05,-8.595168e-05,0.0002404763,-0.0021785544,0.27468154,7.9385565e-10,0.46999285,0.0,0.0,0.0,0.0,0.0,4.5500116e-08,0.00017252786,0.00885715,2.2499141e-06,6.4233463e-06,6.4243186e-06,2.2635618e-06,0.001672218,0.0016722032,0.000998062,0.0005279128,0.00052791246,0.00027075264,2.119466e-11,2.1192822e-11,2.196946e-11,1.3140472e-07,1.3146136e-07,5e-08,0.0,0.0,0.0,0.0,0.0,0.0,0.0,0.0,6.8118294e-05,0.0077506294,0.007206547,28803,0.032493465,0.016454563,0.00418074,0.0,0.0038139443,0.00038347073,0.0,0.0,0.0,0.0,0,0,0,831,24,0,0,0,0,0,0,0
333288937,0.70906717,0.0021282558,0.0025611022,0.70513314,-0.0045045707,0.024031421,-0.11165932,-0.006198977,0.02625489,-0.87011933,-9.5973104e-05,-4.0461156e-05,-2.2252563e-05,-8.564473e-05,0.00023995091,-0.002200194,0.27468154,7.9385565e-10,0.46999285,0.0,0.0,0.0,0.0,0.0,4.4785605e-08,0.0001789107,0.008678159,2.2461606e-06,6.4154e-06,6.4164706e-06,2.2656814e-06,0.0016916983,0.0016916799,0.000997857,0.00053213676,0.0005321357,0.0002707201,2.1118638e-11,2.1116872e-11,2.1893218e-11,1.3118482e-07,1.312404e-07,5e-08,0.0,0.0,0.0,0.0,0.0,0.0,0.0,0.0,0.000104120045,0.008200769,0.0074591353,28803,0.03262319,0.016453573,0.0038515537,0.0,0.0043363012,0.00038347073,0.0,0.0,0.0,0.0,0,0,0,831,24,0,0,0,0,0,0,0
333486828,0.7092662,0.00028023284,0.006678693,0.70490927,0.00017436821,0.021976573,-0.10854003,-0.007639566,0.029841568,-0.8718635,-9.60038e-05,-4.050332e-05,-2.2339555e-05,-8.577041e-05,0.00023952873,-0.002221403,0.27468154,7.9385565e-10,0.46999285,0.0,0.0,0.0,0.0,0.0,4.4464965e-08,0.00017614751,0.008551407,2.2444801e-06,6.400721e-06,6.4015944e-06,2.2657357e-06,0.0016991599,0.0016991427,0.0009976055,0.0005352089,0.00053520716,0.00027068768,2.1037389e-11,2.1035689e-11,2.181884e-11,1.3095423e-07,1.3100885e-07,5e-08,0.0,0.0,0.0,0.0,0.0,0.0,0.0,0.0,0.00013431185,0.008399983,0.0075057726,28803,0.032717213,0.016452588,0.025455756,0.0,0.0073804264,0.00038347073,0.0,0.0,0.0,0.0,0,0,0,831,24,0,0,0,0,0,0,0
333689941,0.7083413,-0.0005214175,0.003912695,0.70585907,-0.006259992,0.026957337,-0.10663369,-0.009927889,0.0324242,-0.87538636,-9.604151e-05,-4.056282e-05,-2.2438313e-05,-8.633503e-05,0.0002393432,-0.0022427444,0.27468154,7.9385565e-10,0.46999285,0.0,0.0,0.0,0.0,0.0,4.1746713e-08,0.00017064692,0.009492371,2.2417482e-06,6.373677e-06,6.3744824e-06,2.2568893e-06,0.0016757222,0.0016757066,0.0009972091,0.0005253441,0.00052534253,0.0002706485,2.094138e-11,2.0939769e-11,2.1729703e-11,1.3070093e-07,1.3075426e-07,5e-08,0.0,0.0,0.0,0.0,0.0,0.0,0.0,0.0,0.0003244842,0.008190835,0.0076024043,28803,0.0324143,0.016451398,0.015988741,0.0,0.008918033,0.00038347073,0.0,0.0,0.0,0.0,0,0,0,831,24,0,0,0,0,0,0,0
334085720,0.7068133,0.0019353481,0.0048947646,0.70738065,-0.0050162836,-0.0067999824,-0.111295015,-0.012538655,0.02944601,-0.8801112,-9.609328e-05,-4.0723724e-05,-2.2551863e-05,-8.856208e-05,0.00023855112,-0.0022805464,0.27468154,7.9385565e-10,0.46999285,0.0,0.0,0.0,0.0,0.0,4.1485322e-08,0.00016729925,0.009745976,2.2594488e-06,6.3611747e-06,6.361981e-06,2.264262e-06,0.0017093156,0.0017093085,0.0009964957,0.0005592516,0.0005592502,0.00027056388,2.0811707e-11,2.0810225e-11,2.1632597e-11,1.3028873e-07,1.3034064e-07,5e-08,0.0,0.0,0.0,0.0,0.0,0.0,0.0,0.0,0.00034892053,0.008830854,0.0080882255,28803,0.03344401,0.016448826,0.0072585684,0.0,0.0110345185,0.00038347073,0.0,0.0,0.0,0.0,0,0,0,831,24,0,0,0,0,0,0,0
334689332,0.70763445,-0.0022594212,0.0052978983,0.70655525,0.0042391946,-0.0062862425,-0.08609624,-0.01637341,0.019720694,-0.89052254,-9.613459e-05,-4.0877592e-05,-2.2644004e-05,-8.914181e-05,0.00023620935,-0.0023377794,0.27468154,7.9385565e-10,0.46999285,0.0,0.0,0.0,0.0,0.0,4.686872e-08,0.00017452663,0.0099609895,2.241674e-06,6.3050406e-06,6.3055227e-06,2.2525578e-06,0.0016506519,0.001650652,0.0009956755,0.00051727385,0.0005172737,0.00027044828,2.0581354e-11,2.0580053e-11,2.1403445e-11,1.2969167e-07,1.2974206e-07,5e-08,0.0,0.0,0.0,0.0,0.0,0.0,0.0,0.0,0.00015873938,0.0076463646,0.0068427175,28803,0.032164384,0.01644531,0.017041301,0.0,0.00435056,0.00038347073,0.0,0.0,0.0,0.0,0,0,0,831,24,0,0,0,0,0,0,0
334892313,0.70702094,0.0004685459,0.0057350616,0.70716923,0.00415977,-0.004300057,-0.09074598,-0.015369975,0.017773276,-0.89169693,-9.613306e-05,-4.0905088e-05,-2.2717386e-05,-8.8509034e-05,0.00023496918,-0.0023580748,0.27468154,7.9385565e-10,0.46999285,0.0,0.0,0.0,0.0,0.0,4.394652e-08,0.00016911805,0.00992041,2.2470338e-06,6.301757e-06,6.302306e-06,2.2538113e-06,0.0016674937,0.0016674978,0.0009954071,0.0005292685,0.0005292685,0.00027041376,2.0522702e-11,2.0521437e-11,2.1349726e-11,1.2950585e-07,1.2955613e-07,5e-08,0.0,0.0,0.0,0.0,0.0,0.0,0.0,0.0,0.00021288321,0.0061176377,0.006151526,28803,0.032535166,0.016444262,0.030632531,0.0,0.003606981,0.00038347073,0.0,0.0,0.0,0.0,0,0,0,831,24,0,0,0,0,0,0,0
335090172,0.7064913,0.0027199702,0.001433045,0.70771503,0.005216874,0.013356673,-0.09379624,-0.0145199215,0.01761703,-0.8928766,-9.612862e-05,-4.0915733e-05,-2.2798571e-05,-8.7466666e-05,0.00023372997,-0.0023767578,0.27468154,7.9385565e-10,0.46999285,0.0,0.0,0.0,0.0,0.0,4.6179604e-08,0.00017384815,0.009961255,2.2475158e-06,6.2962176e-06,6.296876e-06,2.250988e-06,0.0016660641,0.0016660655,0.0009951241,0.00053193746,0.00053193764,0.000270377,2.0465598e-11,2.0464333e-11,2.1288716e-11,1.2933394e-07,1.2938422e-07,5e-08,0.0,0.0,0.0,0.0,0.0,0.0,0.0,0.0,0.0002896803,0.0051138895,0.0058418685,28803,0.0326171,0.016443145,0.019451823,0.0,0.000965674,0.00038347073,0.0,0.0,0.0,0.0,0,0,0,831,24,0,0,0,0,0,0,0
336292854,0.7037971,0.0033248572,0.0058514285,0.7103693,0.01291943,0.00779425,-0.0955961,0.0052260095,0.021591201,-0.9117901,-9.6098665e-05,-4.121343e-05,-2.316487e-05,-8.720482e-05,0.00022664994,-0.002473665,0.27468154,7.9385565e-10,0.46999285,0.0,0.0,0.0,0.0,0.0,5.264341e-08,0.000186676,0.011641122,2.2611362e-06,6.2656113e-06,6.26579e-06,2.2463776e-06,0.0017060797,0.0017060677,0.0009941134,0.0005654734,0.00056547247,0.00027021344,2.0147637e-11,2.0146412e-11,2.0986603e-11,1.2842679e-07,1.2847845e-07,5e-08,0.0,0.0,0.0,0.0,0.0,0.0,0.0,0.0,0.0001716142,0.010990739,0.009390487,28803,0.03362954,0.01643817,0.003419955,0.0,0.008159189,0.00038347073,0.0,0.0,0.0,0.0,0,0,0,831,24,0,0,0,0,0,0,0
336490532,0.70420575,-0.0003143786,0.010048481,0.7099248,0.009221666,-0.0028616788,-0.08034682,0.006473096,0.020567687,-0.9169125,-9.6122945e-05,-4.1286603e-05,-2.3198498e-05,-8.8075016e-05,0.00022617824,-0.0024873633,0.27468154,7.9385565e-10,0.46999285,0.0,0.0,0.0,0.0,0.0,5.92948e-08,0.00018660813,0.011557552,2.2572988e-06,6.242745e-06,6.2424924e-06,2.2453974e-06,0.0016724757,0.0016724622,0.0009939953,0.00054538087,0.0005453793,0.0002701954,2.0079726e-11,2.0078514e-11,2.0932285e-11,1.282711e-07,1.2832275e-07,5e-08,0.0,0.0,0.0,0.0,0.0,0.0,0.0,0.0,0.00019394993,0.011089546,0.009785417,28803,0.033026658,0.016437622,0.00090802135,0.0,0.010144945,0.00038347073,0.0,0.0,0.0,0.0,0,0,0,831,24,0,0,0,0,0,0,0
336683344,0.70475686,0.003796212,0.0033926864,0.70943075,0.000934517,0.0015011254,-0.08639021,0.0062887417,0.018130261,-0.9228339,-9.614728e-05,-4.1349766e-05,-2.3167822e-05,-8.884249e-05,0.00022579267,-0.0024994996,0.27468154,7.9385565e-10,0.46999285,0.0,0.0,0.0,0.0,0.0,6.117749e-08,0.00018601489,0.011452284,2.2486045e-06,6.2248646e-06,6.2250115e-06,2.2405573e-06,0.0016469292,0.0016469212,0.00099385,0.0005243222,0.0005243211,0.00027017825,2.0022189e-11,2.0021011e-11,2.0870408e-11,1.2812349e-07,1.2817472e-07,5e-08,0.0,0.0,0.0,0.0,0.0,0.0,0.0,0.0,0.0002334321,0.010441099,0.0100170635,28803,0.032382764,0.0164371,0.014404258,0.0,0.0066127307,0.00038347073,0.0,0.0,0.0,0.0,0,0,0,831,24,0,0,0,0,0,0,0
336886296,0.7064974,-0.0010070706,0.0081503345,0.70766807,0.0051043406,-0.000911663,-0.06499978,0.0065708705,0.016833972,-0.92595154,-9.6154756e-05,-4.1405452e-05,-2.3111328e-05,-8.9346104e-05,0.00022492094,-0.0025127647,0.27468154,7.9385565e-10,0.46999285,0.0,0.0,0.0,0.0,0.0,6.291681e-08,0.0001807586,0.011055446,2.241104e-06,6.224861e-06,6.224582e-06,2.2447698e-06,0.0016699703,0.0016699577,0.0009937296,0.0005279562,0.00052795507,0.00027016067,1.9983327e-11,1.998219e-11,2.0821534e-11,1.279804e-07,1.2803147e-07,5e-08,0.0,0.0,0.0,0.0,0.0,0.0,0.0,0.0,0.00022850095,0.010024136,0.009225955,28803,0.032494787,0.016436566,0.014816703,0.0,0.009244224,0.00038347073,0.0,0.0,0.0,0.0,0,0,0,831,24,0,0,0,0,0,0,0
337089248,0.7080591,0.0039876327,0.0043965797,0.7061283,0.0022294337,-0.014775538,-0.07334226,0.006974731,0.011856044,-0.9293726,-9.616789e-05,-4.1480445e-05,-2.308514e-05,-9.042637e-05,0.00022416466,-0.002525403,0.27468154,7.9385565e-10,0.46999285,0.0,0.0,0.0,0.0,0.0,5.8217225e-08,0.00017795445,0.010547849,2.2296108e-06,6.207641e-06,6.2077274e-06,2.2440668e-06,0.0016589673,0.0016589523,0.0009935688,0.00051973824,0.00051973655,0.00027014397,1.9925702e-11,1.9924609e-11,2.0759795e-11,1.2781851e-07,1.2786937e-07,5e-08,0.0,0.0,0.0,0.0,0.0,0.0,0.0,0.0,0.00024313593,0.009252506,0.009319284,28803,0.032240886,0.016436057,0.00039138514,0.0,0.0072941477,0.00038347073,0.0,0.0,0.0,0.0,0,0,0,831,24,0,0,0,0,0,0,0
337490062,0.7096284,0.0039213966,0.0055260463,0.70454365,-0.007058617,-0.0008293136,-0.0719162,0.0049212463,0.008010069,-0.93679756,-9.6192394e-05,-4.1541858e-05,-2.3143892e-05,-9.0720045e-05,0.00022315395,-0.0025455148,0.27468154,7.9385565e-10,0.46999285,0.0,0.0,0.0,0.0,0.0,5.1647795e-08,0.00017630451,0.009510681,2.248451e-06,6.2133663e-06,6.213381e-06,2.2743397e-06,0.0017238857,0.0017238746,0.0009932404,0.000578839,0.0005788369,0.00027010174,1.9859761e-11,1.9858728e-11,2.0737185e-11,1.2755584e-07,1.2760584e-07,5e-08,0.0,0.0,0.0,0.0,0.0,0.0,0.0,0.0,0.00016022412,0.011592575,0.010462208,28803,0.034024637,0.016434772,0.0063094157,0.0,0.003218913,0.00038347073,0.0,0.0,0.0,0.0,0,0,0,831,24,0,0,0,0,0,0,0
337890907,0.71218437,0.0010980538,0.0051755505,0.7019726,-0.012024446,0.017578589,-0.06638291,-0.0004048583,0.012312465,-0.949589,-9.621033e-05,-4.158027e-05,-2.3155104e-05,-9.0606045e-05,0.0002223159,-0.002563365,0.27468154,7.9385565e-10,0.46999285,0.0,0.0,0.0,0.0,0.0,4.674268e-08,0.00016374355,0.008307715,2.2330373e-06,6.179075e-06,6.1788915e-06,2.2768259e-06,0.0016847183,0.0016847034,0.0009930102,0.0005447136,0.0005447119,0.00027006728,1.9754061e-11,1.97531e-11,2.0640151e-11,1.272901e-07,1.273391e-07,5e-08,0.0,0.0,0.0,0.0,0.0,0.0,0.0,0.0,5.383643e-05,0.01230066,0.0111495815,28803,0.03300645,0.016433723,0.013559999,0.0,0.005404325,0.00038347073,0.0,0.0,0.0,0.0,0,0,0,831,24,0,0,0,0,0,0,0
338083693,0.7129332,0.001285433,0.004501594,0.70121634,-0.008023619,0.017339414,-0.06121336,-0.0021963313,0.013730275,-0.9526437,-9.62089e-05,-4.1634146e-05,-2.3220402e-05,-9.1395115e-05,0.00022176532,-0.0025721102,0.27468154,7.9385565e-10,0.46999285,0.0,0.0,0.0,0.0,0.0,4.4953033e-08,0.00018162788,0.008128666,2.2139102e-06,6.151757e-06,6.1515525e-06,2.2626318e-06,0.0016348707,0.0016348556,0.0009928605,0.00050854246,0.0005085411,0.00027005095,1.9694068e-11,1.9693129e-11,2.056216e-11,1.271571e-07,1.2720572e-07,5e-08,0.0,0.0,0.0,0.0,0.0,0.0,0.0,0.0,0.00018798307,0.010397175,0.01034795,28803,0.03189175,0.016433228,0.013810007,0.0,0.006867569,0.00038347073,0.0,0.0,0.0,0.0,0,0,0,831,24,0,0,0,0,0,0,0
338286641,0.713126,0.00073508895,0.003869001,0.7010249,-0.0053226864,0.01927213,-0.054245386,-0.003478046,0.015120816,-0.95555896,-9.620709e-05,-4.1694362e-05,-2.3306997e-05,-9.2363e-05,0.00022129306,-0.002580951,0.27468154,7.9385565e-10,0.46999285,0.0,0.0,0.0,0.0,0.0,4.6458144e-08,0.0001904162,0.007409519,2.2023683e-06,6.1386713e-06,6.138406e-06,2.2523138e-06,0.0016304894,0.0016304736,0.0009927609,0.0004971574,0.0004971559,0.00027003366,1.964902e-11,1.9648092e-11,2.0498304e-11,1.2702854e-07,1.2707685e-07,5e-08,0.0,0.0,0.0,0.0,0.0,0.0,0.0,0.0,0.0002934293,0.010410019,0.009590072,28803,0.031532735,0.0164327,0.028275957,0.0,0.008482389,0.00038347073,0.0,0.0,0.0,0.0,0,0,0,831,24,0,0,0,0,0,0,0
338489591,0.7124114,0.0011247545,0.0061445264,0.7017343,-0.0044636135,0.0096861115,-0.056067992,-0.004703396,0.01567573,-0.9580327,-9.621418e-05,-4.1766496e-05,-2.3450908e-05,-9.356697e-05,0.00022116174,-0.0025887825,0.27468154,7.9385565e-10,0.46999285,0.0,0.0,0.0,0.0,0.0,4.9772506e-08,0.00020502946,0.007250565,2.2036354e-06,6.13576e-06,6.1354417e-06,2.2489944e-06,0.0016564605,0.0016564454,0.0009926684,0.0005094963,0.00050949474,0.0002700182,1.961619e-11,1.96153e-11,2.0460295e-11,1.2690629e-07,1.269542e-07,5e-08,0.0,0.0,0.0,0.0,0.0,0.0,0.0,0.0,0.00042950333,0.010959487,0.009658058,28803,0.03192164,0.016432231,0.034835417,0.0,0.009981647,0.00038347073,0.0,0.0,0.0,0.0,0,0,0,831,24,0,0,0,0,0,0,0
338687464,0.71181136,0.0005509292,0.0062249033,0.702343,-0.008842131,0.01051768,-0.048542183,-0.00692811,0.015637394,-0.9620737,-9.623622e-05,-4.184016e-05,-2.3579227e-05,-9.4896124e-05,0.00022153929,-0.002596024,0.27468154,7.9385565e-10,0.46999285,0.0,0.0,0.0,0.0,0.0,4.878234e-08,0.0002070832,0.006917944,2.2045901e-06,6.125531e-06,6.1251467e-06,2.2461559e-06,0.0016678284,0.0016678132,0.0009925718,0.0005184867,0.00051848503,0.0002700047,1.9576911e-11,1.9576039e-11,2.0423606e-11,1.2677746e-07,1.2682524e-07,5e-08,0.0,0.0,0.0,0.0,0.0,0.0,0.0,0.0,0.00047206978,0.01111791,0.009795647,28803,0.032202046,0.01643182,0.027599547,0.0,0.009300252,0.00038347073,0.0,0.0,0.0,0.0,0,0,0,831,24,0,0,0,0,0,0,0
338890408,0.7108886,-0.0011511953,0.006542209,0.70327324,6.489235e-05,0.011180935,-0.037719887,-0.008986288,0.015834097,-0.9651555,-9.626067e-05,-4.191819e-05,-2.3760496e-05,-9.619638e-05,0.00022192903,-0.002603351,0.27468154,7.9385565e-10,0.46999285,0.0,0.0,0.0,0.0,0.0,5.0217075e-08,0.0001979661,0.007643881,2.2018746e-06,6.0995844e-06,6.0990856e-06,2.237491e-06,0.0016364419,0.001636429,0.0009924158,0.0005099821,0.0005099806,0.00026998835,1.9520366e-11,1.9519542e-11,2.037462e-11,1.266342e-07,1.2668194e-07,5e-08,0.0,0.0,0.0,0.0,0.0,0.0,0.0,0.0,0.00056222704,0.010252979,0.009396529,28803,0.031936854,0.016431322,0.039366063,0.0,0.009471506,0.00038347073,0.0,0.0,0.0,0.0,0,0,0,831,24,0,0,0,0,0,0,0
339093351,0.7095136,0.0011035434,0.0023579441,0.70468706,-0.0029771791,0.017801955,-0.042739764,-0.010554975,0.016375251,-0.96843153,-9.6286305e-05,-4.1987845e-05,-2.3924627e-05,-9.729392e-05,0.00022239478,-0.0026094886,0.27468154,7.9385565e-10,0.46999285,0.0,0.0,0.0,0.0,0.0,5.271015e-08,0.0002000423,0.008337211,2.197013e-06,6.0816337e-06,6.0812463e-06,2.2235258e-06,0.0016071539,0.0016071433,0.0009922588,0.00049655273,0.00049655116,0.0002699703,1.9474795e-11,1.9474006e-11,2.0319186e-11,1.2651041e-07,1.2655845e-07,5e-08,0.0,0.0,0.0,0.0,0.0,0.0,0.0,0.0,0.0006247893,0.00951579,0.009036422,28803,0.031513553,0.016430773,0.046797764,0.0,0.008175738,0.00038347073,0.0,0.0,0.0,0.0,0,0,0,831,24,0,0,0,0,0,0,0
339286171,0.7079775,-7.705888e-05,0.0053238734,0.70621496,0.0048846724,0.022939816,-0.051523253,-0.010730886,0.018538214,-0.971307,-9.6303105e-05,-4.204436e-05,-2.4074232e-05,-9.806269e-05,0.00022259797,-0.0026150271,0.27468154,7.9385565e-10,0.46999285,0.0,0.0,0.0,0.0,0.0,4.6715844e-08,0.00019045068,0.008695627,2.2068573e-06,6.0938387e-06,6.0933226e-06,2.2232562e-06,0.0016582248,0.0016582151,0.0009921808,0.00052120944,0.00052120764,0.0002699557,1.9463004e-11,1.9462258e-11,2.0301698e-11,1.2641729e-07,1.2646564e-07,5e-08,0.0,0.0,0.0,0.0,0.0,0.0,0.0,0.0,0.00054948096,0.010526124,0.009014554,28803,0.032286484,0.016430328,0.030836359,0.0,0.008958674,0.00038347073,0.0,0.0,0.0,0.0,0,0,0,831,24,0,0,0,0,0,0,0
339484274,0.7073688,-0.0027122183,0.005990381,0.70681417,0.010337523,0.025649497,-0.035239022,-0.01031104,0.020801973,-0.974094,-9.632721e-05,-4.2125674e-05,-2.418617e-05,-9.9243465e-05,0.00022298213,-0.0026213587,0.27468154,7.9385565e-10,0.46999285,0.0,0.0,0.0,0.0,0.0,4.3433243e-08,0.00018875986,0.008752242,2.1997284e-06,6.0727607e-06,6.0720577e-06,2.2121444e-06,0.0016278154,0.0016278068,0.000992091,0.00050476997,0.0005047684,0.00026994228,1.9413865e-11,1.9413155e-11,2.0249377e-11,1.2630561e-07,1.2635441e-07,5e-08,0.0,0.0,0.0,0.0,0.0,0.0,0.0,0.0,0.00044418414,0.010101019,0.0085422,28803,0.031773232,0.01642992,0.02417178,0.0,0.011563122,0.00038347073,0.0,0.0,0.0,0.0,0,0,0,831,24,0,0,0,0,0,0,0
339686971,0.7070234,2.7465712e-06,0.007608511,0.70714927,0.004755005,0.015975483,-0.039475784,-0.009475301,0.022515224,-0.97585166,-9.635524e-05,-4.2201355e-05,-2.4219828e-05,-0.00010024955,0.00022339492,-0.002627413,0.27468154,7.9385565e-10,0.46999285,0.0,0.0,0.0,0.0,0.0,4.130924e-08,0.00018999788,0.008665518,2.2285144e-06,6.108843e-06,6.108133e-06,2.238559e-06,0.0017368114,0.0017368023,0.0009919682,0.00058022875,0.000580227,0.0002699283,1.9428036e-11,1.942734e-11,2.02866e-11,1.262245e-07,1.262743e-07,5e-08,0.0,0.0,0.0,0.0,0.0,0.0,0.0,0.0,0.0003309255,0.008944142,0.007941521,28803,0.034065463,0.016429495,0.00994013,0.0,0.014035929,0.00038347073,0.0,0.0,0.0,0.0,0,0,0,831,24,0,0,0,0,0,0,0
340082729,0.7077182,-0.00050233305,0.0075105405,0.70645475,-0.0017035055,0.0036511691,-0.024736822,-0.01253207,0.019549029,-0.9764782,-9.646626e-05,-4.242076e-05,-2.431291e-05,-0.00010349927,0.00022527766,-0.0026394918,0.27468154,7.9385565e-10,0.46999285,0.0,0.0,0.0,0.0,0.0,3.804351e-08,0.00016330434,0.008397005,2.2136417e-06,6.0458065e-06,6.0449293e-06,2.2283168e-06,0.0016187663,0.0016187628,0.0009917967,0.00051763107,0.0005176296,0.0002699039,1.9311459e-11,1.9310827e-11,2.0197916e-11,1.260029e-07,1.2605535e-07,5e-08,0.0,0.0,0.0,0.0,0.0,0.0,0.0,0.0,0.00042754505,0.007953431,0.0075649666,28803,0.032175466,0.016428752,0.0017283428,0.0,0.012276537,0.00038347073,0.0,0.0,0.0,0.0,0,0,0,831,24,0,0,0,0,0,0,0
340290730,0.70862746,0.0016514166,0.002813994,0.70557535,0.0010363064,0.013923068,-0.030046016,-0.014583638,0.018702252,-0.97824633,-9.651234e-05,-4.2489537e-05,-2.434784e-05,-0.000104420265,0.00022597547,-0.0026444544,0.27468154,7.9385565e-10,0.46999285,0.0,0.0,0.0,0.0,0.0,3.660085e-08,0.00017212432,0.007612469,2.2139732e-06,6.0482425e-06,6.047565e-06,2.2350484e-06,0.001640978,0.001640973,0.0009917105,0.0005257073,0.00052570604,0.00026989033,1.929095e-11,1.9290318e-11,2.017699e-11,1.2590621e-07,1.2596037e-07,5e-08,0.0,0.0,0.0,0.0,0.0,0.0,0.0,0.0,0.00038780252,0.007892917,0.0070793172,28803,0.032425504,0.016428338,0.021673666,0.0,0.006997993,0.00038347073,0.0,0.0,0.0,0.0,0,0,0,831,24,0,0,0,0,0,0,0
340493675,0.70886165,-7.5813325e-05,0.0070338105,0.7053125,0.0051691676,0.028156882,-0.028707841,-0.015671566,0.021812266,-0.98087424,-9.6558215e-05,-4.2537078e-05,-2.4413599e-05,-0.000104971376,0.00022668092,-0.0026486851,0.27468154,7.9385565e-10,0.46999285,0.0,0.0,0.0,0.0,0.0,3.7774747e-08,0.00018796731,0.0075706025,2.2029333e-06,6.033905e-06,6.032964e-06,2.2253357e-06,0.0016138607,0.0016138515,0.0009916467,0.0005035323,0.0005035314,0.00026987892,1.9252613e-11,1.9251954e-11,2.0125571e-11,1.2581302e-07,1.2586906e-07,5e-08,0.0,0.0,0.0,0.0,0.0,0.0,0.0,0.0,0.00032488664,0.008216673,0.006856544,28803,0.03173427,0.016427992,0.006588808,0.0,0.00622103,0.00038347073,0.0,0.0,0.0,0.0,0,0,0,831,24,0,0,0,0,0,0,0
340686474,0.70936227,-0.0007159217,0.005255048,0.70482415,0.008469612,0.03533037,-0.033628907,-0.01583508,0.026238602,-0.98399913,-9.659524e-05,-4.2578868e-05,-2.4458472e-05,-0.00010537028,0.00022715476,-0.002652364,0.27468154,7.9385565e-10,0.46999285,0.0,0.0,0.0,0.0,0.0,3.5872908e-08,0.0001931326,0.0074867206,2.2054007e-06,6.047244e-06,6.0462216e-06,2.231355e-06,0.001663729,0.0016637126,0.0009916073,0.0005242625,0.00052426115,0.00026987,1.9246096e-11,1.9245449e-11,2.0111244e-11,1.2573946e-07,1.257975e-07,5e-08,0.0,0.0,0.0,0.0,0.0,0.0,0.0,0.0,0.00022989092,0.009033626,0.007049712,28803,0.032380916,0.01642772,0.00953069,0.0,0.007038926,0.00038347073,0.0,0.0,0.0,0.0,0,0,0,831,24,0,0,0,0,0,0,0
341290302,0.7090731,0.0007772725,0.009705112,0.70506775,0.017002601,-0.009912841,-0.0163716,-0.010812748,0.02686241,-0.98759544,-9.675555e-05,-4.2866308e-05,-2.4773439e-05,-0.00010970771,0.00022935263,-0.0026634482,0.27468154,7.9385565e-10,0.46999285,0.0,0.0,0.0,0.0,0.0,3.955206e-08,0.00018985137,0.0075751087,2.223968e-06,6.0285647e-06,6.027209e-06,2.2487093e-06,0.0016726988,0.0016726803,0.0009913598,0.00055275916,0.00055275677,0.00026984277,1.9163731e-11,1.9163148e-11,2.007739e-11,1.2547348e-07,1.2553716e-07,5e-08,0.0,0.0,0.0,0.0,0.0,0.0,0.0,0.0,0.0007114606,0.0061629703,0.0069669876,28803,0.0332493,0.016426891,0.058319114,0.0,0.013871102,0.00038347073,0.0,0.0,0.0,0.0,0,0,0,831,24,0,0,0,0,0,0,0
341493181,0.707095,0.0017103662,0.0045942925,0.70710164,0.008610874,0.0011685798,-0.025277177,-0.011666529,0.022511752,-0.9908938,-9.68424e-05,-4.2962707e-05,-2.4999297e-05,-0.000111593734,0.0002310083,-0.0026650059,0.27468154,7.9385565e-10,0.46999285,0.0,0.0,0.0,0.0,0.0,3.887938e-08,0.00018919319,0.0077582397,2.2190436e-06,6.0035436e-06,6.0023426e-06,2.230799e-06,0.0016284928,0.0016284822,0.0009913055,0.00051806273,0.00051806075,0.00026983212,1.9117638e-11,1.9117064e-11,2.002625e-11,1.2538575e-07,1.2545084e-07,5e-08,0.0,0.0,0.0,0.0,0.0,0.0,0.0,0.0,0.00082741707,0.009115888,0.007694906,28803,0.032188874,0.016426567,0.045696557,0.0,0.010769795,0.00038347073,0.0,0.0,0.0,0.0,0,0,0,831,24,0,0,0,0,0,0,0
341691287,0.70532,-0.0011932589,0.0063611,0.7088596,0.0037234803,0.0019144103,-0.016692208,-0.012898707,0.0204507,-0.99442005,-9.690892e-05,-4.3034248e-05,-2.5192267e-05,-0.00011285863,0.00023213428,-0.0026665216,0.27468154,7.9385565e-10,0.46999285,0.0,0.0,0.0,0.0,0.0,3.3845627e-08,0.00017819222,0.008487958,2.2233558e-06,6.006448e-06,6.004935e-06,2.2233257e-06,0.001648876,0.0016488667,0.0009912401,0.0005207361,0.00052073447,0.00026982333,1.9101696e-11,1.9101139e-11,1.9999915e-11,1.2531328e-07,1.2537966e-07,5e-08,0.0,0.0,0.0,0.0,0.0,0.0,0.0,0.0,0.00073039276,0.009715468,0.007865695,28803,0.032271825,0.0164263,0.05303929,0.0,0.009751459,0.00038347073,0.0,0.0,0.0,0.0,0,0,0,831,24,0,0,0,0,0,0,0
342086779,0.7027521,-0.0018707224,0.0072600497,0.7113954,0.00920237,-0.0060128677,-0.00966802,-0.013249433,0.014473912,-0.9974823,-9.699522e-05,-4.3188906e-05,-2.5485178e-05,-0.000115357434,0.00023325032,-0.002669798,0.27468154,7.9385565e-10,0.46999285,0.0,0.0,0.0,0.0,0.0,4.88036e-08,0.00019793063,0.00960913,2.2252912e-06,6.001245e-06,5.9995814e-06,2.2083016e-06,0.0016644183,0.0016644056,0.0009911291,0.00052332797,0.00052332657,0.00026980718,1.9060836e-11,1.9060382e-11,1.994235e-11,1.2517084e-07,1.2523873e-07,5e-08,0.0,0.0,0.0,0.0,0.0,0.0,0.0,0.0,0.0005372492,0.008024857,0.0068665883,28803,0.03235204,0.016425809,0.02997483,0.0,0.011525893,0.00038347073,0.0,0.0,0.0,0.0,0,0,0,831,24,0,0,0,0,0,0,0
342690544,0.7049094,0.0012281997,0.0045381146,0.70928186,0.008419263,0.020924704,-0.0051662168,-0.010629139,0.0098891035,-1.0018704,-9.7115255e-05,-4.3349773e-05,-2.5514453e-05,-0.00011812555,0.00023482581,-0.0026742213,0.27468154,7.9385565e-10,0.46999285,0.0,0.0,0.0,0.0,0.0,4.9450374e-08,0.00018504693,0.009722308,2.2203742e-06,5.980047e-06,5.97861e-06,2.2172685e-06,0.0016616798,0.0016616589,0.000990987,0.0005376417,0.0005376398,0.0002697854,1.8988262e-11,1.8987806e-11,1.9885368e-11,1.2494702e-07,1.2501786e-07,5e-08,0.0,0.0,0.0,0.0,0.0,0.0,0.0,0.0,0.0002609754,0.005358208,0.0049683927,28803,0.032791484,0.016425146,0.0019597248,0.0,0.006342392,0.00038347073,0.0,0.0,0.0,0.0,0,0,0,831,24,0,0,0,0,0,0,0
342883339,0.7062008,-0.00035854618,0.00780214,0.70796865,0.007695843,0.011685487,-0.0062569357,-0.010357681,0.0110802,-1.001058,-9.7156226e-05,-4.3413813e-05,-2.5531202e-05,-0.00011923924,0.0002352546,-0.002675426,0.27468154,7.9385565e-10,0.46999285,0.0,0.0,0.0,0.0,0.0,5.441267e-08,0.00018464668,0.009023199,2.2106062e-06,5.9695963e-06,5.967945e-06,2.216011e-06,0.0016478129,0.0016477983,0.0009909349,0.00052491267,0.0005249105,0.0002697793,1.8961353e-11,1.89609e-11,1.9854646e-11,1.2488354e-07,1.2495482e-07,5e-08,0.0,0.0,0.0,0.0,0.0,0.0,0.0,0.0,0.00021140154,0.0062612942,0.0046365988,28803,0.032400973,0.01642496,0.003807916,0.0,0.009408917,0.00038347073,0.0,0.0,0.0,0.0,0,0,0,831,24,0,0,0,0,0,0,0
343086368,0.7074747,0.002100115,0.003011576,0.7067291,0.0023862815,0.020402739,-0.009095479,-0.010610934,0.011703534,-1.002914,-9.720085e-05,-4.3480424e-05,-2.5556341e-05,-0.00012047167,0.00023575212,-0.002676141,0.27468154,7.9385565e-10,0.46999285,0.0,0.0,0.0,0.0,0.0,5.125326e-08,0.00017025761,0.008840059,2.205913e-06,5.969458e-06,5.968036e-06,2.220041e-06,0.0016642597,0.0016642449,0.0009909078,0.0005291788,0.0005291767,0.00026977342,1.8945996e-11,1.894551e-11,1.9835071e-11,1.248212e-07,1.2489316e-07,5e-08,0.0,0.0,0.0,0.0,0.0,0.0,0.0,0.0,0.00020733594,0.0067314026,0.0047351443,28803,0.032532375,0.01642478,0.01860156,0.0,0.0088887485,0.00038347073,0.0,0.0,0.0,0.0,0,0,0,831,24,0,0,0,0,0,0,0
343294285,0.7075283,-0.0010185494,0.008264007,0.7066361,0.0037766437,0.013104526,-0.008762718,-0.01106373,0.012408729,-1.0027404,-9.7243894e-05,-4.357401e-05,-2.5664118e-05,-0.00012212085,0.00023614366,-0.0026767736,0.27468154,7.9385565e-10,0.46999285,0.0,0.0,0.0,0.0,0.0,5.2165557e-08,0.00018272833,0.00886154,2.2003169e-06,5.954193e-06,5.952436e-06,2.214718e-06,0.0016389273,0.0016389161,0.0009908634,0.0005176304,0.00051762845,0.00026976794,1.8913749e-11,1.8913263e-11,1.9804054e-11,1.2474912e-07,1.2482157e-07,5e-08,0.0,0.0,0.0,0.0,0.0,0.0,0.0,0.0,0.0003769442,0.0054241274,0.00483305,28803,0.03217544,0.016424613,0.027867155,0.0,0.012438973,0.00038347073,0.0,0.0,0.0,0.0,0,0,0,831,24,0,0,0,0,0,0,0
343487381,0.707742,-0.0005908519,0.003587331,0.70646167,0.003495143,0.012830759,0.002491214,-0.011561733,0.011680527,-1.0040087,-9.72727e-05,-4.3658587e-05,-2.575365e-05,-0.00012367519,0.00023642398,-0.0026771724,0.27468154,7.9385565e-10,0.46999285,0.0,0.0,0.0,0.0,0.0,5.4032178e-08,0.00019229013,0.008863432,2.2037436e-06,5.9576287e-06,5.9559547e-06,2.2199401e-06,0.00166855,0.0016685385,0.0009908394,0.00053318636,0.0005331846,0.00026976317,1.8904982e-11,1.8904479e-11,1.9797419e-11,1.2468935e-07,1.2476238e-07,5e-08,0.0,0.0,0.0,0.0,0.0,0.0,0.0,0.0,0.00044331918,0.005948128,0.0046598,28803,0.032655336,0.016424468,0.03140533,0.0,0.013225032,0.00038347073,0.0,0.0,0.0,0.0,0,0,0,831,24,0,0,0,0,0,0,0
343684939,0.7075738,0.00075177214,0.0043110405,0.70662606,0.0034720877,0.0031955293,-0.010748991,-0.01161416,0.009233995,-1.0049244,-9.7305834e-05,-4.3769578e-05,-2.5878875e-05,-0.00012570735,0.00023676791,-0.0026768907,0.27468154,7.9385565e-10,0.46999285,0.0,0.0,0.0,0.0,0.0,5.525867e-08,0.00020767906,0.008588713,2.1948385e-06,5.936086e-06,5.934491e-06,2.2099669e-06,0.0016402244,0.0016402162,0.0009908269,0.00051245943,0.0005124578,0.0002697591,1.8869113e-11,1.886861e-11,1.9758778e-11,1.2461842e-07,1.2469192e-07,5e-08,0.0,0.0,0.0,0.0,0.0,0.0,0.0,0.0,0.0005000955,0.0068161977,0.0051118997,28803,0.03201433,0.016424345,0.035068125,0.0,0.013748836,0.00038347073,0.0,0.0,0.0,0.0,0,0,0,831,24,0,0,0,0,0,0,0
343882816,0.7071776,0.00029029525,0.0072943256,0.7069984,0.0047426685,-0.0034789103,-0.007104045,-0.011837521,0.0057537165,-1.005634,-9.734686e-05,-4.387689e-05,-2.6025935e-05,-0.00012764655,0.00023730291,-0.0026767764,0.27468154,7.9385565e-10,0.46999285,0.0,0.0,0.0,0.0,0.0,5.2147062e-08,0.0002085384,0.0086050425,2.19586e-06,5.9285694e-06,5.9268787e-06,2.2084885e-06,0.0016420105,0.0016420023,0.0009907795,0.00051657116,0.0005165697,0.00026975546,1.8849578e-11,1.8849089e-11,1.9742244e-11,1.2455061e-07,1.2462434e-07,5e-08,0.0,0.0,0.0,0.0,0.0,0.0,0.0,0.0,0.00058899226,0.005572422,0.005060255,28803,0.03214251,0.016424233,0.035825588,0.0,0.014273648,0.00038347073,0.0,0.0,0.0,0.0,0,0,0,831,24,0,0,0,0,0,0,0
344090824,0.7069423,-0.0012809074,0.0029171524,0.70726407,0.001690249,-0.007941623,0.0032723236,-0.0134369545,0.00089030556,-1.0060213,-9.739925e-05,-4.398274e-05,-2.6134663e-05,-0.00012961369,0.00023813697,-0.002676495,0.27468154,7.9385565e-10,0.46999285,0.0,0.0,0.0,0.0,0.0,4.4296275e-08,0.00020273587,0.009020123,2.1923634e-06,5.9185495e-06,5.916803e-06,2.2037018e-06,0.00163485,0.0016348431,0.0009907272,0.00051312504,0.0005131237,0.00026974978,1.8827261e-11,1.8826761e-11,1.9716137e-11,1.2448245e-07,1.2455654e-07,5e-08,0.0,0.0,0.0,0.0,0.0,0.0,0.0,0.0,0.000572117,0.005425931,0.004556881,28803,0.03203512,0.016424062,0.03375332,0.0,0.012151241,0.00038347073,0.0,0.0,0.0,0.0,0,0,0,831,24,0,0,0,0,0,0,0
344684414,0.7052533,0.001998134,0.00247313,0.7089483,0.0070767757,0.018185014,-0.0038389745,-0.012092702,-0.0044101514,-1.0098599,-9.754547e-05,-4.419569e-05,-2.6551532e-05,-0.00013354268,0.00024038053,-0.0026748497,0.27468154,7.9385565e-10,0.46999285,0.0,0.0,0.0,0.0,0.0,3.3773244e-08,0.00017819191,0.01064015,2.188079e-06,5.9097156e-06,5.908207e-06,2.1887186e-06,0.0016663285,0.0016663164,0.000990627,0.00052340125,0.0005234001,0.00026973584,1.8784843e-11,1.8784328e-11,1.965177e-11,1.2431983e-07,1.2439487e-07,5e-08,0.0,0.0,0.0,0.0,0.0,0.0,0.0,0.0,0.0004956855,0.0055874633,0.0039149057,28803,0.03235431,0.016423637,0.037765194,0.0,0.008834174,0.00038347073,0.0,0.0,0.0,0.0,0,0,0,831,24,0,0,0,0,0,0,0
344887417,0.70464486,0.0010190124,0.004911557,0.7095425,0.010433932,0.020198181,0.0080741495,-0.012433252,-0.0026379398,-1.0098578,-9.761179e-05,-4.4244043e-05,-2.6706432e-05,-0.00013447287,0.00024146713,-0.0026746525,0.27468154,7.9385565e-10,0.46999285,0.0,0.0,0.0,0.0,0.0,2.8935496e-08,0.000174611,0.011419212,2.1912326e-06,5.9019794e-06,5.900389e-06,2.1879634e-06,0.0016639275,0.0016639181,0.000990575,0.0005304326,0.00053043145,0.00026973104,1.8766351e-11,1.8765824e-11,1.9641344e-11,1.24263e-07,1.2433843e-07,5e-08,0.0,0.0,0.0,0.0,0.0,0.0,0.0,0.0,0.00054877886,0.0041532535,0.0037812814,28803,0.03257091,0.01642349,0.042066105,0.0,0.009817869,0.00038347073,0.0,0.0,0.0,0.0,0,0,0,831,24,0,0,0,0,0,0,0
345085217,0.7037037,0.0036939075,0.0057113674,0.710461,-3.4788325e-05,0.026199158,-0.0055735754,-0.014134603,-0.0004134075,-1.0094563,-9.7694465e-05,-4.4294167e-05,-2.6846144e-05,-0.00013544985,0.00024288242,-0.0026738516,0.27468154,7.9385565e-10,0.46999285,0.0,0.0,0.0,0.0,0.0,3.441828e-08,0.00017576062,0.011251967,2.195603e-06,5.892725e-06,5.891295e-06,2.1861827e-06,0.0016675703,0.0016675591,0.0009905552,0.0005333885,0.0005333876,0.0002697258,1.8747198e-11,1.8746648e-11,1.9630872e-11,1.2420698e-07,1.2428269e-07,5e-08,0.0,0.0,0.0,0.0,0.0,0.0,0.0,0.0,0.00054031675,0.0050539756,0.003982244,28803,0.03266154,0.016423332,0.03372013,0.0,0.012172571,0.00038347073,0.0,0.0,0.0,0.0,0,0,0,831,24,0,0,0,0,0,0,0
345283341,0.70315385,0.0033558914,0.0028771008,0.7110241,-0.0041758455,0.03458121,-0.0013774162,-0.017782815,0.0034738148,-1.0114082,-9.7778524e-05,-4.433434e-05,-2.6951426e-05,-0.00013627016,0.00024419036,-0.0026727372,0.27468154,7.9385565e-10,0.46999285,0.0,0.0,0.0,0.0,0.0,3.0265358e-08,0.00017133538,0.011570263,2.1983328e-06,5.8798837e-06,5.8784485e-06,2.1853677e-06,0.0016529633,0.0016529531,0.0009905038,0.00053137983,0.0005313789,0.00026972126,1.872481e-11,1.8724257e-11,1.9619863e-11,1.2414988e-07,1.2422552e-07,5e-08,0.0,0.0,0.0,0.0,0.0,0.0,0.0,0.0,0.00050903985,0.0046820734,0.004424017,28803,0.032599982,0.016423194,0.020658027,0.0,0.011052754,0.00038347073,0.0,0.0,0.0,0.0,0,0,0,831,24,0,0,0,0,0,0,0
345491100,0.70357555,0.0001546379,0.0046137925,0.7106055,-0.00409368,0.038394623,0.0014040004,-0.021655934,0.009945544,-1.0123667,-9.785306e-05,-4.4377914e-05,-2.7004919e-05,-0.0001370881,0.000245356,-0.0026719288,0.27468154,7.9385565e-10,0.46999285,0.0,0.0,0.0,0.0,0.0,2.7050305e-08,0.00016613812,0.011584284,2.1936644e-06,5.871853e-06,5.870198e-06,2.1833212e-06,0.0016446797,0.0016446704,0.0009904597,0.0005243065,0.00052430516,0.00026971532,1.8706982e-11,1.8706403e-11,1.9599485e-11,1.240949e-07,1.2417061e-07,5e-08,0.0,0.0,0.0,0.0,0.0,0.0,0.0,0.0,0.00040176662,0.0043655504,0.0038930387,28803,0.032382276,0.016423011,0.008506882,0.0,0.008304043,0.00038347073,0.0,0.0,0.0,0.0,0,0,0,831,24,0,0,0,0,0,0,0
345683884,0.704703,-0.00045978517,0.0033140243,0.7094946,0.0016896658,0.039426185,0.0045420025,-0.023615433,0.015728865,-1.0124805,-9.7896605e-05,-4.4425742e-05,-2.7022568e-05,-0.00013787263,0.0002459607,-0.0026715728,0.27468154,7.9385565e-10,0.46999285,0.0,0.0,0.0,0.0,0.0,4.6143448e-08,0.00017610227,0.011018935,2.2043284e-06,5.8861965e-06,5.884492e-06,2.201199e-06,0.0016940387,0.0016940302,0.0009904238,0.0005598355,0.00055983406,0.00026971046,1.8713824e-11,1.8713238e-11,1.962019e-11,1.2405525e-07,1.2413095e-07,5e-08,0.0,0.0,0.0,0.0,0.0,0.0,0.0,0.0,0.00028145313,0.0032483712,0.002781979,28803,0.033461463,0.016422864,0.00040878193,0.0,0.008346313,0.00038347073,0.0,0.0,0.0,0.0,0,0,0,831,24,0,0,0,0,0,0,0
345886830,0.70566934,-0.0063356496,0.014891851,0.7083565,-0.0022508253,0.032965835,0.10227239,-0.024784302,0.020669278,-1.0023115,-9.7943295e-05,-4.4510765e-05,-2.7068063e-05,-0.00013889302,0.00024618654,-0.0026783329,0.27468154,7.9385565e-10,0.46999285,0.0,0.0,0.0,0.0,0.0,1.9949313e-07,0.00030558484,0.012240749,2.2011773e-06,5.872572e-06,5.8703313e-06,2.2044494e-06,0.0016592996,0.0016592902,0.0009904028,0.0005470041,0.0005470026,0.0002697057,1.8688944e-11,1.8688372e-11,1.9607668e-11,1.2400973e-07,1.240853e-07,5e-08,0.0,0.0,0.0,0.0,0.0,0.0,0.0,0.0,0.0002541875,0.0038502368,0.0040805317,28803,0.033075772,0.016422719,0.009183415,0.0,0.015678603,0.00038347073,0.0,0.0,0.0,0.0,0,0,0,831,24,0,0,0,0,0,0,0
346089766,0.70719993,-0.00051107677,0.003205601,0.7070062,0.0020145725,0.0039029547,0.58181494,-0.026551872,0.018464442,-0.90929765,-9.799325e-05,-4.4632547e-05,-2.6945618e-05,-0.00013929933,0.00024545714,-0.0027069354,0.27468154,7.9385565e-10,0.46999285,0.0,0.0,0.0,0.0,0.0,2.3063292e-07,0.00033638807,0.01092504,2.1834471e-06,5.857379e-06,5.855659e-06,2.1960443e-06,0.0015576849,0.0015576689,0.0009912185,0.00050727354,0.00050727226,0.00026970703,1.8660292e-11,1.8659753e-11,1.9565193e-11,1.2397184e-07,1.2404739e-07,5e-08,0.0,0.0,0.0,0.0,0.0,0.0,0.0,0.0,0.00037320534,0.023314917,0.021627925,28803,0.031851936,0.01642276,0.082818024,0.0,0.012838113,0.00038347073,0.0,0.0,0.0,0.0,0,0,0,831,24,0,0,0,0,0,0,0
346287629,0.71349156,-0.002777273,0.0031939207,0.70065117,0.008416975,0.008844787,0.512376,-0.026612261,0.016914504,-0.78667945,-9.803055e-05,-4.470993e-05,-2.6901049e-05,-0.00013932739,0.00024505585,-0.0027207711,0.27468154,7.9385565e-10,0.46999285,0.0,0.0,0.0,0.0,0.0,1.7958227e-07,0.00030040357,0.012568065,2.1634555e-06,5.8887927e-06,5.8869764e-06,2.2181055e-06,0.0015907069,0.0015906956,0.0009910949,0.00051461573,0.0005146144,0.00026973514,1.8675667e-11,1.8675141e-11,1.955634e-11,1.239638e-07,1.2403926e-07,5e-08,0.0,0.0,0.0,0.0,0.0,0.0,0.0,0.0,0.00047049084,0.020420482,0.020664278,28803,0.03208162,0.016423615,0.040336665,0.0,0.010376969,0.00038347073,0.0,0.0,0.0,0.0,0,0,0,831,24,0,0,0,0,0,0,0
346490564,0.7136987,-0.0010911505,0.0038547134,0.7004415,0.013745981,0.015553614,0.6913245,-0.025604067,0.01646421,-0.65407425,-9.806783e-05,-4.4769506e-05,-2.703741e-05,-0.00013931066,0.0002447609,-0.0027288552,0.27468154,7.9385565e-10,0.46999285,0.0,0.0,0.0,0.0,0.0,1.4286924e-07,0.00028312101,0.011720107,2.1635274e-06,5.9239205e-06,5.9222e-06,2.2198144e-06,0.0015987338,0.0015987261,0.0009912926,0.0005200008,0.0005199994,0.00026976125,1.868937e-11,1.868886e-11,1.9547468e-11,1.2396337e-07,1.2403885e-07,5e-08,0.0,0.0,0.0,0.0,0.0,0.0,0.0,0.0,0.00033503785,0.01058625,0.015271505,28803,0.032249033,0.01642441,0.03193677,0.0,0.0074812407,0.00038347073,0.0,0.0,0.0,0.0,0,0,0,831,24,0,0,0,0,0,0,0
346683438,0.71410453,0.001954579,0.002899313,0.70003045,0.016192565,0.017684648,0.618432,-0.023761043,0.017523186,-0.5320891,-9.811058e-05,-4.4811834e-05,-2.716677e-05,-0.00013985367,0.0002450618,-0.0027177602,0.27468154,7.9385565e-10,0.46999285,0.0,0.0,0.0,0.0,0.0,1.1548135e-07,0.00026520388,0.011415747,2.16289e-06,5.9596578e-06,5.9581293e-06,2.2221827e-06,0.0016224886,0.00162248,0.0009908901,0.00052350166,0.0005235004,0.00026976343,1.8700453e-11,1.8699962e-11,1.9538498e-11,1.2396447e-07,1.2404023e-07,5e-08,0.0,0.0,0.0,0.0,0.0,0.0,0.0,0.0,0.00047029383,0.007009021,0.0013067885,28803,0.03235741,0.016424477,0.0317904,0.0,0.0066273995,0.00038347073,0.0,0.0,0.0,0.0,0,0,0,831,24,0,0,0,0,0,0,0
346891359,0.7148186,-0.0013516693,0.0051065,0.69929004,0.016389126,0.02093647,0.60662955,-0.022288317,0.020633942,-0.42106754,-9.816292e-05,-4.484529e-05,-2.7250475e-05,-0.000140671,0.00024565632,-0.0026991565,0.27468154,7.9385565e-10,0.46999285,0.0,0.0,0.0,0.0,0.0,8.9772215e-08,0.00026151014,0.011281656,2.1652515e-06,5.9968206e-06,5.995054e-06,2.2296551e-06,0.0016495094,0.0016495002,0.0009909053,0.00053674314,0.00053674163,0.00026975616,1.871222e-11,1.8711754e-11,1.9539013e-11,1.2396472e-07,1.2404081e-07,5e-08,0.0,0.0,0.0,0.0,0.0,0.0,0.0,0.0,0.0004174761,0.019733798,0.015313049,28803,0.032764077,0.016424255,0.016600156,0.0,0.0068344628,0.00038347073,0.0,0.0,0.0,0.0,0,0,0,831,24,0,0,0,0,0,0,0
347084379,0.7167074,-0.0023750397,0.0048228763,0.6973534,0.020937476,0.017515918,0.6138275,-0.020515453,0.02289892,-0.31947106,-9.82072e-05,-4.48819e-05,-2.726152e-05,-0.00014142407,0.00024624277,-0.0026832893,0.27468154,7.9385565e-10,0.46999285,0.0,0.0,0.0,0.0,0.0,9.2189396e-08,0.0002816022,0.010976814,2.1548667e-06,6.0126576e-06,6.0108036e-06,2.2317245e-06,0.0016313584,0.0016313497,0.0009910824,0.0005233063,0.0005233051,0.00026975715,1.870417e-11,1.8703733e-11,1.9519764e-11,1.239626e-07,1.240391e-07,5e-08,0.0,0.0,0.0,0.0,0.0,0.0,0.0,0.0,0.0002624765,0.023196595,0.021764066,28803,0.032351375,0.016424285,0.008029437,0.0,0.0050609633,0.00038347073,0.0,0.0,0.0,0.0,0,0,0,831,24,0,0,0,0,0,0,0
347287098,0.71900576,-0.002308053,0.009361647,0.69493735,0.034925673,0.014803815,0.64864916,-0.016345482,0.0246585,-0.20292825,-9.824493e-05,-4.493301e-05,-2.7240263e-05,-0.00014233119,0.00024696192,-0.0026682345,0.27468154,7.9385565e-10,0.46999285,0.0,0.0,0.0,0.0,0.0,1.3046579e-07,0.0003148183,0.010661755,2.1478384e-06,6.0340562e-06,6.0321286e-06,2.2398738e-06,0.0016477038,0.0016476987,0.0009913386,0.00052701205,0.0005270111,0.0002697666,1.8704687e-11,1.870428e-11,1.9511137e-11,1.2395579e-07,1.2403288e-07,5e-08,0.0,0.0,0.0,0.0,0.0,0.0,0.0,0.0,0.00015825854,0.023849366,0.023959735,28803,0.032465722,0.016424574,0.012080721,0.0,0.010650167,0.00038347073,0.0,0.0,0.0,0.0,0,0,0,831,24,0,0,0,0,0,0,0
347490328,0.72197586,-0.00091641955,0.009279428,0.69185543,0.02884588,-0.031210994,0.64814353,-0.012215115,0.018795338,-0.0838614,-9.830422e-05,-4.5033856e-05,-2.7248901e-05,-0.00014370935,0.00024832974,-0.0026506595,0.27468154,7.9385565e-10,0.46999285,0.0,0.0,0.0,0.0,0.0,1.5323212e-07,0.00034730404,0.009826218,2.1383491e-06,6.046143e-06,6.044253e-06,2.2505194e-06,0.0016629983,0.0016629659,0.0009916201,0.0005299031,0.0005299017,0.00026978558,1.8698553e-11,1.8698189e-11,1.9502587e-11,1.2394064e-07,1.2401831e-07,5e-08,0.0,0.0,0.0,0.0,0.0,0.0,0.0,0.0,0.00025801637,0.025026815,0.025942396,28803,0.032554645,0.016425151,0.025042092,0.0,0.013214366,0.00038347073,0.0,0.0,0.0,0.0,0,0,0,831,24,0,0,0,0,0,0,0
347687889,0.7222998,0.005779871,0.0042729424,0.6915428,0.020882038,-0.018113753,0.6530435,-0.009662192,0.010515719,0.030237813,-9.837959e-05,-4.5097786e-05,-2.7444474e-05,-0.00014512008,0.00025022402,-0.002627699,0.27468154,7.9385565e-10,0.46999285,0.0,0.0,0.0,0.0,0.0,3.5403925e-06,0.000965413,0.016662965,2.1377289e-06,6.048157e-06,6.046925e-06,2.2528407e-06,0.0016719217,0.0016719023,0.0009919492,0.0005321946,0.0005321925,0.00026981343,1.8686601e-11,1.8686249e-11,1.9494123e-11,1.2391341e-07,1.239915e-07,5e-08,0.0,0.0,0.0,0.0,0.0,0.0,0.0,0.0,0.000454676,0.02989041,0.030072242,28803,0.032624945,0.016425999,0.024143111,0.0,0.010053266,0.00038347073,0.0,0.0,0.0,0.0,0,0,0,831,24,0,0,0,0,0,0,0
347890848,0.72190666,0.029004227,-0.033111688,0.6905891,0.019079866,-0.028148605,0.20109397,-0.008624505,0.0025289617,0.040478952,-9.844754e-05,-4.512707e-05,-2.7699461e-05,-0.00014638608,0.00025165442,-0.0026016065,0.27468154,7.9385565e-10,0.46999285,0.0,0.0,0.0,0.0,0.0,5.1514494e-06,0.0016524371,0.0220259,2.1638175e-06,6.0466145e-06,6.0455122e-06,2.2853962e-06,0.0018264967,0.0018264642,0.0009833638,0.0005787299,0.00057872676,0.00026961253,1.8686023e-11,1.8685676e-11,1.9524845e-11,0.0,0.0,0.0,0.0,0.0,0.0,0.0,0.0,0.0,0.0,0.0,0.0007872686,0.054328065,0.051691614,28803,0.034021415,0.016419882,0.13205968,0.0,0.010080866,0.00038347073,0.0,0.0,0.0,0.0,0,0,0,831,24,0,0,0,0,0,0,0
348890437,0.7185155,-0.0029978445,0.0027058825,0.6954991,-0.010717846,0.012118805,0.073975205,-0.016498895,0.0077463654,-0.003769454,-9.850824e-05,-4.5255558e-05,-2.8574643e-05,-0.00014564753,0.000252137,-0.00257804,0.27468154,7.9385565e-10,0.46999285,0.0,0.0,0.0,0.0,0.0,7.168874e-07,0.00031643023,0.0051424038,2.1193127e-06,4.6809105e-06,4.6797904e-06,2.212162e-06,0.0023867376,0.0023863476,0.0012410064,0.00059176446,0.0005917283,0.00028226775,1.8263696e-11,1.8263271e-11,1.9436026e-11,0.0,0.0,5e-08,0.0,0.0,0.0,0.0,0.0,0.0,0.0,0.0,0.0005421345,0.010815168,0.010356502,28675,0.03440193,0.016800826,0.036428638,0.0,0.006809968,0.00038347073,0.0,0.0,0.0,0.0,0,0,0,895,24,0,0,0,0,0,0,0
349291291,0.718442,-0.0033879685,0.002622262,0.6955737,-0.009614414,0.010549579,0.097873464,-0.01695355,0.0077708657,0.0012706114,-9.840489e-05,-4.5380093e-05,-2.8861681e-05,-0.00014564753,0.000252137,-0.0025087816,0.27468154,7.9385565e-10,0.46999285,0.0,0.0,0.0,0.0,0.0,3.2612016e-07,0.00018351396,0.0029982107,2.074962e-06,3.8404232e-06,3.8397807e-06,2.16857e-06,0.0021313045,0.0021310446,0.0013394471,0.00057397416,0.0005739401,0.00029773667,1.8178143e-11,1.8177612e-11,1.9402197e-11,0.0,0.0,5e-08,0.0,0.0,0.0,0.0,0.0,0.0,0.0,0.0,0.0006391453,0.014213815,0.0093872035,28675,0.033880882,0.017255047,0.035835344,0.0,0.007101468,0.00038347073,0.0,0.0,0.0,0.0,0,0,0,895,24,0,0,0,0,0,0,0
349483870,0.7184057,-0.0034726716,0.0026166632,0.6956107,-0.00851143,0.009777724,0.10401186,-0.016916167,0.0077397497,0.0033042352,-9.836456e-05,-4.5425906e-05,-2.8979399e-05,-0.00014564753,0.000252137,-0.0024592795,0.27468154,7.9385565e-10,0.46999285,0.0,0.0,0.0,0.0,0.0,2.2385777e-07,0.0001487508,0.0024137076,2.062693e-06,3.5716905e-06,3.571199e-06,2.157246e-06,0.0020831563,0.0020829344,0.0013444222,0.000590862,0.0005908287,0.00030273153,1.8202564e-11,1.8201995e-11,1.9406853e-11,0.0,0.0,5e-08,0.0,0.0,0.0,0.0,0.0,0.0,0.0,0.0,0.00059363747,0.015666459,0.010341398,28675,0.034375727,0.017399183,0.03431448,0.0,0.0068656504,0.00038347073,0.0,0.0,0.0,0.0,0,0,0,895,24,0,0,0,0,0,0,0
349691871,0.7183415,-0.0035694696,0.0025972305,0.6956767,-0.008354293,0.008269626,0.10701142,-0.016568173,0.00741831,0.005253763,-9.8320306e-05,-4.5475143e-05,-2.9123581e-05,-0.00014564753,0.000252137,-0.0023952469,0.27468154,7.9385565e-10,0.46999285,0.0,0.0,0.0,0.0,0.0,1.4919273e-07,0.00011779929,0.001997499,2.041975e-06,3.2797132e-06,3.2793625e-06,2.1366898e-06,0.0019695074,0.0019693319,0.001331929,0.00056920794,0.0005691808,0.0003056668,1.8231574e-11,1.8230964e-11,1.9390491e-11,0.0,0.0,5e-08,0.0,0.0,0.0,0.0,0.0,0.0,0.0,0.0,0.0005634623,0.018034844,0.012017648,28675,0.033740018,0.01748333,0.03392395,0.0,0.006364267,0.00038347073,0.0,0.0,0.0,0.0,0,0,0,895,24,0,0,0,0,0,0,0
350290533,0.7182747,-0.0038090474,0.0025543172,0.6957445,-0.003602227,0.0060633463,0.10496946,-0.015821453,0.00689094,0.0067957398,-9.823435e-05,-4.557141e-05,-2.9468496e-05,-0.00014564753,0.000252137,-0.0021959082,0.27468154,7.9385565e-10,0.46999285,0.0,0.0,0.0,0.0,0.0,4.8066678e-08,7.99752e-05,0.0015488506,2.0271355e-06,2.8133084e-06,2.8131672e-06,2.1244452e-06,0.0019018232,0.0019017112,0.0012551891,0.00060866977,0.00060864893,0.00030320275,1.8428653e-11,1.842794e-11,1.941397e-11,0.0,0.0,5e-08,0.0,0.0,0.0,0.0,0.0,0.0,0.0,0.0,0.0003990794,0.017105976,0.012662231,28675,0.034890093,0.017412718,0.03199905,0.0,0.0051952163,0.00038347073,0.0,0.0,0.0,0.0,0,0,0,895,24,0,0,0,0,0,0,0
350493469,0.7182154,-0.0038795567,0.0025093858,0.6958055,-0.0026320654,0.0048506134,0.103518374,-0.015318577,0.006450825,0.0069687627,-9.820966e-05,-4.560084e-05,-2.9599823e-05,-0.00014564753,0.000252137,-0.002129554,0.27468154,7.9385565e-10,0.46999285,0.0,0.0,0.0,0.0,0.0,3.2597686e-08,6.2753075e-05,0.0013192861,2.0108228e-06,2.666342e-06,2.6662449e-06,2.1074943e-06,0.001787431,0.0017873457,0.0012346468,0.0005590736,0.000559059,0.00030111,1.84781e-11,1.8477352e-11,1.9385974e-11,0.0,0.0,5e-08,0.0,0.0,0.0,0.0,0.0,0.0,0.0,0.0,0.00041260468,0.016206788,0.012071948,28675,0.03343849,0.017352521,0.03156424,0.0,0.0043009166,0.00038347073,0.0,0.0,0.0,0.0,0,0,0,895,24,0,0,0,0,0,0,0
350691406,0.7181972,-0.0039471965,0.0024740146,0.6958241,-0.0012405158,0.0046858373,0.10533404,-0.014882364,0.006217374,0.0070993924,-9.8192475e-05,-4.5623496e-05,-2.9718098e-05,-0.00014564753,0.000252137,-0.0020646178,0.27468154,7.9385565e-10,0.46999285,0.0,0.0,0.0,0.0,0.0,2.221971e-08,4.622856e-05,0.0011108431,2.0046868e-06,2.5762802e-06,2.5762088e-06,2.10157e-06,0.0017567553,0.0017566854,0.0012176041,0.0005500551,0.000550043,0.0002990669,1.8543415e-11,1.8542641e-11,1.937914e-11,0.0,0.0,5e-08,0.0,0.0,0.0,0.0,0.0,0.0,0.0,0.0,0.00040312574,0.014607049,0.010954631,28675,0.033167727,0.01729355,0.030230675,0.0,0.003957523,0.00038347073,0.0,0.0,0.0,0.0,0,0,0,895,24,0,0,0,0,0,0,0
350884125,0.7181669,-0.0039843908,0.002462148,0.6958552,-7.341515e-05,0.0043531214,0.112801,-0.014465289,0.006046375,0.007694126,-9.818041e-05,-4.5642755e-05,-2.9834815e-05,-0.00014564753,0.000252137,-0.0020039214,0.27468154,7.9385565e-10,0.46999285,0.0,0.0,0.0,0.0,0.0,1.5272875e-08,3.4048157e-05,0.00093039236,1.9957172e-06,2.5064683e-06,2.5064162e-06,2.0923815e-06,0.0017202927,0.0017202382,0.0012031426,0.0005359265,0.0005359165,0.0002972607,1.8603431e-11,1.8602633e-11,1.9363487e-11,0.0,0.0,5e-08,0.0,0.0,0.0,0.0,0.0,0.0,0.0,0.0,0.0004110841,0.012488226,0.00960688,28675,0.032739013,0.01724125,0.029154731,0.0,0.0034909518,0.00038347073,0.0,0.0,0.0,0.0,0,0,0,895,24,0,0,0,0,0,0,0
351087283,0.7181493,-0.004040727,0.0024281656,0.6958731,0.0005889589,0.004281848,0.119894855,-0.014104682,0.0059697973,0.00969123,-9.817299e-05,-4.5660756e-05,-2.9947078e-05,-0.00014564753,0.000252137,-0.0019386564,0.27468154,7.9385565e-10,0.46999285,0.0,0.0,0.0,0.0,0.0,1.0359925e-08,2.5793901e-05,0.0008049939,1.9918868e-06,2.456887e-06,2.456847e-06,2.0887023e-06,0.0017213803,0.0017213384,0.0011918686,0.00053944887,0.00053944014,0.0002956042,1.8669368e-11,1.866855e-11,1.935854e-11,0.0,0.0,5e-08,0.0,0.0,0.0,0.0,0.0,0.0,0.0,0.0,0.00037880402,0.012386073,0.009066859,28675,0.032846447,0.017193144,0.030518256,0.0,0.0032471027,0.00038347073,0.0,0.0,0.0,0.0,0,0,0,895,24,0,0,0,0,0,0,0
351487873,0.71808654,-0.004142181,0.002418016,0.69593734,0.0025715232,0.0035888045,0.13052349,-0.013391901,0.0058780108,0.013553342,-9.817036e-05,-4.5695302e-05,-3.0155466e-05,-0.00014564753,0.000252137,-0.0018010726,0.27468154,7.9385565e-10,0.46999285,0.0,0.0,0.0,0.0,0.0,4.888003e-09,1.612519e-05,0.00061785005,1.9942497e-06,2.3836344e-06,2.3836085e-06,2.091578e-06,0.0017167347,0.0017167103,0.0011740591,0.000558541,0.00055853516,0.00029303372,1.8784889e-11,1.8784033e-11,1.9367521e-11,0.0,0.0,5e-08,0.0,0.0,0.0,0.0,0.0,0.0,0.0,0.0,0.00033787425,0.012854657,0.00974242,28675,0.03342269,0.017118229,0.028113374,0.0,0.0032231177,0.00038347073,0.0,0.0,0.0,0.0,0,0,0,895,24,0,0,0,0,0,0,0
351690826,0.7180454,-0.0042080567,0.0023975647,0.69597954,0.003333883,0.0033912463,0.13247262,-0.013045948,0.0057556466,0.015505472,-9.817576e-05,-4.5712404e-05,-3.0264118e-05,-0.00014564753,0.000252137,-0.0017252491,0.27468154,7.9385565e-10,0.46999285,0.0,0.0,0.0,0.0,0.0,3.407248e-09,1.3546315e-05,0.0006148256,1.9952502e-06,2.3523125e-06,2.3522928e-06,2.09268e-06,0.0017031874,0.0017031694,0.0011672274,0.0005570914,0.00055708695,0.00029199687,1.8834781e-11,1.8833912e-11,1.9369804e-11,0.0,0.0,5e-08,0.0,0.0,0.0,0.0,0.0,0.0,0.0,0.0,0.0003254606,0.013974872,0.01064178,28675,0.03337931,0.017087916,0.028551456,0.0,0.0028187563,0.00038347073,0.0,0.0,0.0,0.0,0,0,0,895,24,0,0,0,0,0,0,0
