timestamp,magnetometer_ga[0],magnetometer_ga[1],magnetometer_ga[2]
317876476,-0.03374945,-0.49842027,0.07150425
317889163,0.0067161964,-0.8044988,0.12608023
318015799,-0.07918456,-0.21734251,0.47835815
318028549,-0.04455488,-0.20325021,0.4790446
318041431,-0.061293803,-0.16961016,0.5080341
318054298,-0.085691586,-0.22835049,0.48078734
318066852,-0.07039571,-0.24808449,0.49523637
318079400,-0.07412736,-0.20286869,0.4977457
318091948,-0.08906819,-0.19838248,0.4756908
318104581,-0.08250062,-0.1978257,0.50146484
318117536,-0.10302936,-0.18600886,0.4934645
318130288,-0.088554874,-0.20927759,0.4991817
318142832,-0.073685266,-0.20735365,0.49392903
318155455,-0.09585883,-0.20176832,0.4686353
318168003,-0.04318953,-0.17245771,0.49760106
318180723,-0.062603526,-0.20770255,0.5069998
318193401,-0.062399037,-0.21680352,0.5009324
318206336,-0.06538023,-0.21983978,0.50703204
318219161,-0.09515525,-0.20172787,0.47616076
318231726,-0.08273729,-0.17292514,0.48804158
318244432,-0.10818267,-0.20269156,0.5043318
318257009,-0.11171465,-0.20926537,0.5011783
318269772,-0.07887185,-0.22346328,0.50759
318282486,-0.07818016,-0.21821529,0.47173157
318295129,-0.07372723,-0.17971122,0.497451
318307707,-0.10394777,-0.20598236,0.5150641
318320306,-0.085647024,-0.1983157,0.48814356
318332915,-0.07403739,-0.21149941,0.50128967
318345633,-0.056483626,-0.19883111,0.47048718
318358303,-0.06852497,-0.16187482,0.49357092
318371311,-0.09789792,-0.19815578,0.51771635
318383937,-0.06198896,-0.21840397,0.4887084
318396484,-0.07945149,-0.23767056,0.5118553
318434737,-0.10716877,-0.20043963,0.508003
318447382,-0.06940114,-0.20765711,0.48943633
318460260,-0.09519148,-0.21205555,0.5013902
318472813,-0.06812184,-0.1740751,0.48192832
318485391,-0.06382524,-0.1746632,0.47638842
318497981,-0.042874485,-0.2093917,0.5044468
318510543,-0.07805027,-0.25185686,0.49411654
318523354,-0.07472752,-0.1970366,0.49263734
318536173,-0.09878532,-0.19631904,0.47014445
318548811,-0.094901115,-0.16393545,0.49921167
318561531,-0.1116399,-0.19570671,0.50600123
318574157,-0.08176242,-0.2271582,0.4949883
318586723,-0.06603881,-0.21772808,0.4846356
318599387,-0.10034071,-0.20247152,0.46753672
318637800,-0.0736286,-0.23318906,0.48917377
318650367,-0.053966306,-0.21916297,0.5033183
318662917,-0.07232494,-0.1946553,0.46852776
318675507,-0.084802054,-0.20168741,0.48380122
318688639,-0.09700906,-0.19931513,0.5096914
318701190,-0.08859318,-0.2066693,0.4913002
318713738,-0.091928065,-0.22325765,0.49379727
318726285,-0.08173735,-0.1956196,0.4706935
318738899,-0.08266054,-0.19298989,0.49269587
318751574,-0.066082664,-0.19981106,0.52160084
318764309,-0.08914951,-0.19974089,0.48251522
318777240,-0.08001621,-0.23129645,0.50377244
318790118,-0.07366567,-0.21146809,0.48118946
318802668,-0.10099065,-0.223842,0.48879743
318815216,-0.08134179,-0.20682038,0.51516324
318827762,-0.093844414,-0.21134928,0.47710225
318840416,-0.10391153,-0.22774257,0.48983252
318853582,-0.09137109,-0.19026563,0.48033985
318903935,-0.064308666,-0.21251169,0.4947678
318916505,-0.07544493,-0.21606462,0.5084651
318929374,-0.081126355,-0.1948995,0.4748926
318954844,-0.07667806,-0.19643344,0.5010023
318967391,-0.07668408,-0.24280855,0.49041286
319030975,-0.051285814,-0.24811836,0.48917067
319043548,-0.061717033,-0.19568694,0.51026726
319056209,-0.06776114,-0.18103455,0.48494208
319068757,-0.074278444,-0.20537138,0.4993308
319081462,-0.11083193,-0.20653571,0.5158592
319094114,-0.08986657,-0.1980414,0.4872177
319107081,-0.08144127,-0.21646148,0.5124167
319132394,-0.056699447,-0.16909729,0.49969465
319144943,-0.064544044,-0.16517033,0.50342613
319157561,-0.08170641,-0.21552414,0.47919244
319170220,-0.060040023,-0.20940016,0.5026689
319183157,-0.08885682,-0.1953691,0.49123624
319195851,-0.08128966,-0.21043101,0.46640798
319208447,-0.103233434,-0.17007194,0.49949503
319233671,-0.08450839,-0.24504946,0.51463187
319246355,-0.10094089,-0.20971404,0.4957148
319259189,-0.060371652,-0.19091393,0.46392986
319272049,-0.042713832,-0.18778011,0.5020597
319284651,-0.08391314,-0.16715166,0.49796137
319297202,-0.06203891,-0.21547173,0.5150901
319309810,-0.07432763,-0.21264338,0.4701741
319322513,-0.06915506,-0.18317448,0.50206953
319335192,-0.116128,-0.19557002,0.5054226
319348080,-0.09003385,-0.20828977,0.50125664
319361027,-0.08810251,-0.23114659,0.50559837
319386147,-0.08496701,-0.17552407,0.4976442
319398712,-0.08333979,-0.18614554,0.49422434
319411328,-0.08964857,-0.20653069,0.49111205
319437054,-0.0754802,-0.20116045,0.47814032
319449629,-0.08899062,-0.22048065,0.49136978
319462227,-0.10522778,-0.20528361,0.48934633
319474778,-0.10785232,-0.19803764,0.48770267
319487408,-0.1023555,-0.20961243,0.51457816
319500071,-0.0838665,-0.21948996,0.49404785
319538428,-0.08643759,-0.17563602,0.47682348
319550979,-0.04593443,-0.17360795,0.5171546
319563529,-0.08955796,-0.18789704,0.5056979
319576374,-0.06999668,-0.22707891,0.48393947
319589400,-0.08204315,-0.2224074,0.49635798
319601972,-0.087997414,-0.20111905,0.48568314
319614522,-0.100966536,-0.2025276,0.5089623
319627099,-0.101335675,-0.2294659,0.5066554
319639670,-0.07492452,-0.18604554,0.48698154
319652375,-0.043198135,-0.19413795,0.4872283
319665030,-0.052009642,-0.19170679,0.4722504
319678103,-0.08959927,-0.18243742,0.50916445
319690794,-0.092202075,-0.20890358,0.5167932
319703362,-0.09905544,-0.21865852,0.49281347
319715912,-0.08026348,-0.20932086,0.4912389
319728551,-0.09169065,-0.17405722,0.48496902
319741182,-0.10395758,-0.18148345,0.50479245
319754077,-0.08952866,-0.20082529,0.5143341
319804674,-0.07271392,-0.15623304,0.47898048
319817241,-0.08181216,-0.17336375,0.51025736
319829906,-0.089949794,-0.22911507,0.49420196
319842951,-0.08881472,-0.21856727,0.5098927
319855518,-0.09575558,-0.21355411,0.4821612
319868068,-0.083132125,-0.19586569,0.47679693
319880677,-0.08715724,-0.17967547,0.503934
319906035,-0.06216364,-0.21400018,0.5033676
319919029,-0.052192155,-0.19477344,0.4986628
319931716,-0.09960022,-0.2110975,0.47196248
319944310,-0.08347146,-0.19320121,0.5052745
319956871,-0.06461446,-0.17649877,0.49824163
319969491,-0.0937442,-0.22042327,0.501977
319982176,-0.085088864,-0.24179722,0.49677566
319994849,-0.09211579,-0.18233523,0.47626743
320007771,-0.07221429,-0.15358923,0.5036221
320020545,-0.09213633,-0.19051763,0.51127553
320033098,-0.09639756,-0.22550106,0.4916582
320045645,-0.046974335,-0.20911174,0.50457126
320058322,-0.08776075,-0.19586475,0.47691658
320070993,-0.069600664,-0.1705761,0.48398978
320083897,-0.10114697,-0.19293909,0.50191563
320096659,-0.07324279,-0.23641309,0.5122721
320109207,-0.09714055,-0.2081443,0.47634646
320121764,-0.08764474,-0.18846324,0.47827673
320134407,-0.07832525,-0.15712307,0.49500194
320147084,-0.08439815,-0.18453072,0.48318925
320159780,-0.07568816,-0.22605933,0.51778156
320172747,-0.06806696,-0.21045293,0.48841834
320210496,-0.073204316,-0.20800951,0.47575685
320223344,-0.098599546,-0.23293573,0.51002824
320236342,-0.1190084,-0.23319122,0.514157
320248902,-0.09740404,-0.19447248,0.47626972
320261801,-0.082237735,-0.23834333,0.49049744
320274383,-0.07330218,-0.17504038,0.4839697
320286934,-0.08881764,-0.16666731,0.51013786
320312110,-0.08478111,-0.21710294,0.47094765
320325208,-0.08243222,-0.20287904,0.49572378
320337804,-0.069306776,-0.18001658,0.49261034
320350362,-0.09374731,-0.20395938,0.502238
320362913,-0.09062744,-0.22773254,0.5177874
320375462,-0.07896669,-0.22806396,0.48226452
320388268,-0.09149409,-0.20717089,0.5017577
320401229,-0.07293428,-0.18222234,0.49747398
320413765,-0.07549116,-0.17701982,0.47905925
320426625,-0.06920559,-0.17402364,0.51740396
320439189,-0.07875151,-0.23077224,0.49749115
320451755,-0.05467902,-0.19952801,0.4965609
320464345,-0.06890362,-0.19221684,0.48096773
320476988,-0.085679755,-0.19116567,0.4686995
320489915,-0.08170885,-0.1687468,0.5126812
320502619,-0.10339714,-0.22203621,0.5132341
320515180,-0.09273757,-0.2340725,0.50625813
320527726,-0.0919446,-0.22129697,0.49518505
320540403,-0.07953879,-0.20689818,0.47480127
320553060,-0.057912495,-0.17634138,0.5016422
320578822,-0.057454005,-0.23488478,0.4853547
320591554,-0.06417392,-0.20525822,0.49455556
320604159,-0.07446112,-0.1677198,0.47028038
320616707,-0.057533078,-0.18372777,0.50308514
320629269,-0.0938342,-0.22721869,0.5095298
320641979,-0.105525285,-0.21734655,0.50321865
320655005,-0.09098531,-0.24142225,0.5145352
320667723,-0.08145676,-0.21774971,0.4804311
320680278,-0.097143695,-0.19209898,0.4766097
320717965,-0.072662376,-0.22507623,0.51903605
320730680,-0.059365764,-0.19643155,0.50155824
320743665,-0.098743,-0.21616904,0.4887829
320756408,-0.0767939,-0.16881736,0.4996285
320768956,-0.0892705,-0.20275553,0.49266967
320781505,-0.08276272,-0.2422715,0.51236504
321809427,-0.088298075,-0.16269714,0.5220105
321821977,-0.09090265,-0.21899807,0.50759745
321834527,-0.114766724,-0.24575262,0.5132262
321847204,-0.08845545,-0.21576022,0.5130287
321859896,-0.08554806,-0.22913294,0.49093294
321872740,-0.08691092,-0.20143126,0.50545263
321885372,-0.056298453,-0.18462478,0.46604237
321898230,-0.04975248,-0.21355505,0.48253456
321910778,-0.08102486,-0.18402378,0.49965996
321923372,-0.09351009,-0.19019507,0.49342564
321935923,-0.082677744,-0.21636057,0.50523376
322075657,-0.097473174,-0.24968947,0.63740206
322088220,-0.052410778,-0.20268601,0.42824963
322100888,-0.05452859,-0.12629339,0.6503613
322113530,-0.08614546,-0.28608337,0.5632589
322126620,-0.16274667,-0.3540368,0.6121864
322151961,-0.14487928,-0.2225261,0.5772516
322164507,-0.13911977,-0.15222579,0.5487956
322291470,-0.12731682,-0.2529724,0.70104885
322304059,-0.01263341,-0.32509577,0.72920156
322316598,-0.13944997,-0.3204293,0.68745637
322329225,-0.030215869,-0.11664253,0.6292708
322341909,-0.06212158,-0.44276193,0.7439302
322380387,-0.055887952,-0.4016145,0.66458887
322532241,-0.036589853,-0.280737,0.75367695
322545139,-0.12504774,-0.30139315,0.69923854
322557741,-0.18382613,-0.2785936,0.76135135
322570319,-0.030676331,-0.3701488,0.7566761
322582997,-0.16715278,-0.3785322,0.72677386
322595661,0.008485356,-0.38136554,0.79863584
322608267,-0.14102602,-0.6148255,0.7087769
322684381,-0.019899782,-0.34795868,0.86192775
322697452,-0.0630119,-0.37270346,0.851932
322710002,-0.09346742,-0.6534788,0.88926834
322722657,-0.06929661,-0.45291078,0.88008547
322747887,-0.07597927,-0.26439616,0.88615894
322760624,-0.037041005,-0.4153621,0.7804445
322773546,-0.09604685,-0.42163742,0.8061732
322786254,0.06249562,-0.35782254,0.71506345
322874914,-0.12941149,-0.51580495,0.9101266
322887691,-0.1119113,-0.48110905,0.8505342
322900239,-0.051978167,-0.44414186,0.82465136
323027075,-0.078838654,-0.41515023,0.71561086
323039798,-0.16968828,-0.51781523,0.7953241
323052435,-0.07691328,-0.37689844,0.79811865
323064981,-0.05703126,-0.25383258,0.74944246
323128662,1.8890458e-05,-0.48306718,0.7990823
323141392,-0.17413597,-0.45326087,0.6582131
323153944,-0.09072527,-0.30216858,0.5814723
323166534,-0.12793355,-0.4525343,0.5863835
323255262,-0.0886913,-0.39465132,0.92114836
323268041,-0.104091905,-0.4973608,0.7601572
323280886,-0.080502406,-0.6299249,0.7553826
323382374,-0.031209568,-0.27529833,0.7792357
323394938,-0.1225269,-0.24925986,0.74286836
323407631,-0.20100388,-0.43327513,0.638555
323521989,-0.09176286,-0.50494957,0.6463612
323534614,-0.07729255,-0.34611294,0.685713
323547166,-0.084286354,-0.4068259,0.6291393
323559737,-0.1363735,-0.37166685,0.70664954
323597816,-0.14126204,-0.2718963,0.6842016
323610855,-0.15525974,-0.4197665,0.7383261
323623499,-0.15416622,-0.41001692,0.7353146
323636065,-0.15143138,-0.5253545,0.63894194
323648611,-0.1741162,-0.5525229,0.64546114
323737301,-0.09388283,-0.2829037,0.7133214
323749996,-0.11001511,-0.5594553,0.7579733
323763185,-0.13842987,-0.4016684,0.6795143
323775820,-0.124624446,-0.44143558,0.6526207
323826112,-0.24768497,-0.41395345,0.57303596
323838774,-0.037808083,-0.29551184,0.6783937
323851952,-0.20383711,-0.34569567,0.7099016
323864506,-0.15985961,-0.4610542,0.71384364
323927896,-0.18986468,-0.48764202,0.7244681
323940612,-0.07509027,-0.3360076,0.64512616
323953176,-0.039378393,-0.43933636,0.6548489
323965747,-0.1740432,-0.3402775,0.62823606
323978429,-0.12673703,-0.5165742,0.66348916
324029447,-0.12596811,-0.38014072,0.7653844
324041995,-0.07797449,-0.46377224,0.67637324
324054588,-0.0712649,-0.30505294,0.74570245
324067326,-0.1662045,-0.37963858,0.70266575
324219467,0.040137254,-0.31320965,0.6830891
324232130,-0.2334559,-0.32958737,0.64372903
324244784,-0.13147205,-0.33942413,0.68363273
324257851,-0.060833402,-0.21843061,0.7689615
324346530,-0.14146376,-0.23060824,0.57908404
324359210,-0.036311954,-0.18675126,0.71925896
324371761,-0.113850266,-0.4957764,0.6915023
324384451,-0.13803512,-0.49472246,0.6796702
324524019,-0.067848295,-0.5805805,0.66978
324536675,-0.08333769,-0.4451628,0.66047525
324549332,-0.09335161,-0.36162952,0.679836
324562075,-0.21401945,-0.4398649,0.7101123
324587581,-0.05508032,-0.19019984,0.67447436
324600411,-0.17986454,-0.45078927,0.650789
324612958,-0.11802452,-0.3956511,0.6312995
324625509,-0.18142146,-0.3809268,0.67049897
324638101,-0.11041851,-0.54071724,0.71416223
324650835,-0.13455085,-0.305306,0.6979227
324663833,-0.11199605,-0.40483597,0.71341217
324676407,-0.16367052,-0.21171524,0.66752714
324689096,-0.17702816,-0.39804122,0.6790349
324701660,-0.04995162,-0.37534112,0.69895804
324726784,-0.112624094,-0.28594598,0.6662622
324739618,-0.07635145,-0.37244838,0.71768343
324752473,-0.14506368,-0.36078018,0.6814879
324765069,-0.085952334,-0.3511244,0.6358125
324790396,-0.044194445,-0.41690925,0.7261729
324802947,-0.20355794,-0.4142822,0.64209366
324815743,-0.1492597,-0.5089981,0.72296906
324828509,-0.121833846,-0.2032352,0.7401813
324841400,-0.24268813,-0.5350793,0.6973463
324853950,-0.18932462,-0.3873766,0.6125735
324866519,-0.09826729,-0.4905078,0.6596672
324879139,-0.21885125,-0.49290636,0.7050955
324891730,-0.23727775,-0.3196878,0.7203769
324904434,-0.017345978,-0.39776304,0.75855696
324917537,-0.12158763,-0.46084636,0.6751385
324930134,-0.10547186,-0.47060728,0.6762572
324942712,-0.21668278,-0.40545613,0.7006298
324955263,-0.08558583,-0.45566604,0.7049096
324967823,-0.08910443,-0.50314254,0.64515936
324980550,-0.025056457,-0.41827115,0.70665336
324993466,-0.23561548,-0.43591604,0.69182706
325006136,-0.18402551,-0.29869205,0.6560396
325031399,-0.20816246,-0.5382793,0.67347467
325043944,-0.20382342,-0.50482607,0.71984893
325056638,-0.10052246,-0.42842168,0.73797596
325069342,-0.09955626,-0.32085648,0.7900299
325082512,-0.061274715,-0.39096668,0.6728588
325095066,-0.05738718,-0.40434474,0.7016478
325107671,-0.14157024,-0.35315266,0.6989706
325171084,-0.10112312,-0.14448057,0.6663372
325183772,-0.13456449,-0.39715815,0.6103068
325196335,-0.07148285,-0.43045542,0.6974247
325221603,-0.078244984,-0.43857682,0.5881242
325234478,-0.048421353,-0.35480624,0.54834425
325247403,-0.06256095,-0.342193,0.63656765
325285097,-0.13820484,-0.6127727,0.6495349
325297698,-0.18680789,-0.39292043,0.7231206
325310369,-0.16170876,-0.42081553,0.7247937
325323341,-0.13809142,-0.40064546,0.6622055
325335981,-0.32457465,-0.25112277,0.679458
325348692,-0.12900406,-0.4794354,0.7206038
325361298,-0.15130411,-0.5407394,0.7614015
325386615,-0.19103436,-0.32073432,0.7338704
325399616,-0.21123369,-0.31905147,0.7093204
325412170,-0.25575614,-0.24657573,0.69563794
325424721,-0.085676685,-0.4910015,0.72362983
325437269,-0.122119315,-0.32906538,0.6642833
325450017,-0.15989085,-0.39221957,0.59441924
325462739,-0.061403256,-0.35507467,0.78350097
325475550,-0.19525664,-0.34198272,0.6222234
325488254,-0.13789588,-0.43230382,0.6901748
325500900,-0.10446425,-0.21107128,0.6582643
325513533,-0.12932698,-0.32139978,0.5590883
325526097,-0.13312037,-0.4630042,0.68882364
325538795,-0.14470886,-0.4855458,0.75156784
325551574,-0.032682896,-0.63770247,0.6587934
325564509,-0.27539998,-0.23741081,0.6355654
325577063,-0.014109604,-0.35015777,0.6866624
325589618,-0.13057403,-0.30790204,0.7081237
325602206,0.039669756,-0.50118136,0.7777995
325614930,-0.073540814,-0.25774455,0.6704222
325627517,-0.17799291,-0.40830776,0.71561635
325640210,-0.15270804,-0.380701,0.71279716
325653308,-0.092943124,-0.42513257,0.6233656
325665997,-0.20511362,-0.42932314,0.59512895
325678560,-0.11065732,-0.32368693,0.6787262
325691115,0.007007448,-0.58765304,0.678577
325703696,-0.1457733,-0.3149378,0.61899614
325716429,-0.17832975,-0.44688034,0.75498
325729247,-0.215106,-0.39536676,0.6570637
325741936,-0.07048045,-0.47758573,0.7020608
325754606,-0.070576824,-0.35409376,0.7323384
325767153,-0.13039276,-0.23466066,0.75947887
325779887,-0.11875436,-0.16145882,0.72583264
325792444,-0.13134725,-0.38155293,0.6065898
325805101,-0.20558012,-0.40870407,0.66756344
325818197,-0.03372139,-0.32727668,0.7903245
325830763,-0.11746689,-0.410433,0.68435663
325843339,-0.12350101,-0.6756076,0.69148093
325855886,-0.0938216,-0.45939395,0.60833
325868570,-0.08214433,-0.49578807,0.71565586
325881461,-0.19533136,-0.36584574,0.6728744
325894142,-0.23980275,-0.6171421,0.6660048
325907026,-0.16989967,-0.40684566,0.624448
325919592,-0.051808614,-0.39714175,0.6661867
325932157,-0.14063853,-0.47403368,0.76501566
325944707,-0.21505545,-0.49013934,0.7526774
325957384,-0.13233328,-0.36669758,0.6449589
325970285,-0.100816615,-0.46480033,0.6406177
325983230,-0.03796763,-0.46851575,0.7805447
326033511,-0.17222317,-0.39274052,0.65301514
326046129,-0.15786077,-0.4927502,0.65704614
326059023,-0.12209828,-0.45852244,0.6403304
326071815,-0.08503656,-0.46277034,0.6810038
326084494,-0.05333288,-0.40277037,0.68315655
326097055,-0.24854277,-0.4972145,0.7337853
326109671,-0.1842684,-0.48750308,0.7762813
326122433,-0.01435973,-0.37047336,0.6965587
326135191,-0.18221462,-0.5023832,0.7592533
326147857,-0.08267922,-0.36394587,0.7161637
326198371,-0.179234,-0.37444207,0.63115525
326211115,-0.20283704,-0.4852627,0.803495
326224019,-0.16055867,-0.5141718,0.77251166
326236719,-0.082583405,-0.46150842,0.7081236
326249345,-0.057112627,-0.41254038,0.65641636
326261951,-0.14945857,-0.38876724,0.63980377
326274498,-0.17560974,-0.40255043,0.82627594
326287237,-0.07173727,-0.40285653,0.71877617
326300362,-0.1572611,-0.39580095,0.62890977
326312915,-0.1386732,-0.43304816,0.65555483
326325465,-0.041328155,-0.50191325,0.71862274
326338015,-0.21964522,-0.48014998,0.63858515
326350686,-0.14359573,-0.36931685,0.7025299
326363291,-0.1529344,-0.4919292,0.65412855
326375974,-0.19407235,-0.43668976,0.6781657
326389069,-0.051104527,-0.47961375,0.7402389
326401742,-0.17429993,-0.31409281,0.6719723
326414306,-0.17507875,-0.7387956,0.69295466
326426870,-0.2097686,-0.49346665,0.652935
326439525,-0.21190467,-0.33303776,0.6768709
326452094,-0.15952119,-0.49530774,0.67434746
326465008,0.020472601,-0.3453902,0.5360029
326477709,-0.08718724,-0.39369488,0.60630727
326502941,-0.0030726555,-0.47345605,0.61473167
326515502,-0.104280874,-0.4433237,0.7427316
326528200,0.01166234,-0.39356485,0.78720117
326540884,-0.084445894,-0.39142752,0.6647182
326553848,-0.16631615,-0.47941944,0.72313106
326566509,-0.07572713,-0.56306505,0.63200516
326579062,-0.082279265,-0.53198093,0.7824561
326591643,-0.06503977,-0.5502618,0.7558374
326604369,-0.11938583,-0.75139034,0.6345964
326617235,-0.12884098,-0.46517947,0.7512976
326629952,-0.14645046,-0.36854348,0.66473025
326642656,-0.1164376,-0.5652189,0.62016827
326655204,-0.15225305,-0.5204184,0.5969484
326667751,-0.08325315,-0.48065662,0.59790623
326680413,-0.20283173,-0.38800353,0.6255276
326705901,-0.11375375,-0.32212695,0.68340117
326718740,-0.04331382,-0.30151224,0.72993284
326731425,-0.17904285,-0.39001492,0.6927786
326743985,-0.06070095,-0.46634394,0.69127786
326756542,-0.16497433,-0.40927252,0.5883317
326769358,-0.20211844,-0.4382712,0.565668
326782220,-0.16007045,-0.384804,0.5983981
326794834,-0.20903502,-0.33543167,0.6468486
326832723,-0.1586284,-0.4655172,0.6881835
326845346,-0.051201865,-0.51255393,0.65964746
326858129,-0.07594363,-0.41362914,0.6612677
326871035,-0.08121263,-0.42031398,0.6374651
326883625,-0.17647058,-0.52223986,0.62114465
326896270,-0.009552232,-0.34637916,0.63704705
326908807,-0.014462074,-0.3226742,0.73843235
326921655,-0.05530185,-0.33654776,0.64868647
326934205,-0.22734354,-0.49697724,0.6744224
326947309,-0.15497455,-0.4199154,0.73658204
326985148,-0.17306748,-0.3225432,0.73496836
326997740,-0.120830916,-0.37879652,0.67820233
327010305,-0.09534342,-0.46753553,0.7027594
327022970,-0.17003658,-0.48078513,0.6248443
327035859,-0.14041555,-0.30113828,0.6686351
327048797,-0.040317383,-0.37537375,0.66708064
327061361,-0.14236932,-0.5007738,0.6439875
327086480,-0.17598735,-0.48261786,0.6471605
327099034,-0.23552799,-0.40580073,0.662296
327111778,-0.09457422,-0.34489256,0.62711
327124874,-0.061848726,-0.52746934,0.68774706
327137424,-0.0910893,-0.52638113,0.7340702
327149973,-0.24717212,-0.37560102,0.6742322
327162520,-0.09644598,-0.33019462,0.66214776
327175137,-0.17425662,-0.39038557,0.6239578
327187949,-0.2254239,-0.38783035,0.7352203
327200856,-0.111643694,-0.3923598,0.75041133
327213449,-0.13942009,-0.45003045,0.74042594
327226229,-0.0703013,-0.6156453,0.76469284
327238773,-0.16312109,-0.2788301,0.66579705
327251505,-0.16037156,-0.5179623,0.61257243
327264340,-0.14732003,-0.31565318,0.6156601
327276913,-0.16351093,-0.3111397,0.5986599
327289584,-0.018940708,-0.3338015,0.61501473
327302308,-0.14770448,-0.57286066,0.7034016
327314859,-0.13121957,-0.42613462,0.540399
327327399,-0.085169055,-0.6209183,0.76978874
327340172,0.024516223,-0.25621787,0.6182618
327353039,-0.1443692,-0.40067646,0.73415744
327365910,-0.17329192,-0.30169407,0.72051805
327378477,-0.14327179,-0.29157493,0.63096297
327391159,-0.10697322,-0.4960966,0.65802014
327403712,-0.080679245,-0.6150153,0.5705137
327416267,-0.16432247,-0.30333883,0.622384
327428872,-0.17256102,-0.19172946,0.6480832
327441665,-0.16922459,-0.306902,0.71202826
327454567,-0.010859456,-0.41409025,0.75784796
327504999,-0.18540396,-0.33232918,0.7051543
327517648,-0.21754889,-0.48504522,0.74003303
327530692,-0.16713445,-0.40217784,0.71413934
327543289,-0.14490901,-0.35026717,0.6906987
327555869,-0.18117718,-0.34520313,0.74985343
327568545,-0.16825268,-0.46630546,0.61936814
327581212,0.007501494,-0.46616155,0.64820933
327593767,-0.17344536,-0.3325161,0.64463466
327606502,-0.08574006,-0.40594876,0.58471256
327619548,-0.038738947,-0.42302445,0.75651497
327632171,-0.13988166,-0.70216,0.7347845
327644734,-0.10465075,-0.51081896,0.61844254
327657291,-0.0812724,-0.5662775,0.7090528
327669957,-0.13715306,-0.35949516,0.66112113
327682625,-0.11107401,-0.4126667,0.6582216
327720767,-0.0955154,-0.4127683,0.63952684
327733443,-0.042840432,-0.48755673,0.69020635
327745996,-0.16325103,-0.49120882,0.63232374
327758674,-0.13123086,-0.3959558,0.6522972
327771906,-0.10040249,-0.18803544,0.6613355
327784459,-0.13290901,-0.4558456,0.74875146
327797005,-0.15098323,-0.48906553,0.74556804
327809557,-0.114946045,-0.5511261,0.75017756
327822150,-0.12549603,-0.59125674,0.6813881
327834787,-0.07155413,-0.291049,0.54807514
327847488,-0.14582703,-0.4639732,0.69007593
327860655,-0.074877985,-0.44685692,0.6827875
327873222,-0.0037179075,-0.47366244,0.60231274
327885782,-0.10358602,-0.39781708,0.617847
327923710,-0.21983927,-0.37546757,0.6215862
327936599,-0.16771504,-0.3464493,0.75176877
327949406,-0.15901525,-0.5808382,0.620794
327961994,-0.12799978,-0.37429813,0.6585127
327974551,-0.06572084,-0.5265752,0.7242339
327987165,0.021491967,-0.38924086,0.6834509
327999708,-0.08704663,-0.42875713,0.72764903
328025333,-0.12506798,-0.38748333,0.7231278
328038062,-0.09851431,-0.72495633,0.6471152
328050611,-0.18490958,-0.48529863,0.64147425
328063199,-0.17372224,-0.34351248,0.701158
328075805,-0.057797484,-0.41549894,0.6251311
328088621,-0.14377035,-0.3732034,0.6284244
328101499,-0.11646796,-0.3795944,0.7114748
328114348,-0.11972052,-0.18374228,0.70706034
328126918,-0.10826925,-0.36327282,0.7113098
328139471,-0.13037622,-0.45151016,0.72480774
328152033,0.010659926,-0.45792392,0.6494264
328164756,-0.120346546,-0.39733228,0.7595999
328177620,0.07682738,-0.4528953,0.6772851
328190493,-0.18260334,-0.3391564,0.6809242
328203053,-0.17069358,-0.58767426,0.7243608
328215618,-0.23864153,-0.2854676,0.6240246
328228177,-0.1544031,-0.37552953,0.68862367
328240767,-0.027332613,-0.5827031,0.66467994
328253414,-0.09381714,-0.4024353,0.6412397
328266447,-0.20915142,-0.3442683,0.68990093
328279226,0.005927435,-0.42574796,0.61388284
328291782,-0.093919925,-0.4116168,0.67205644
328304360,-0.011231381,-0.5113209,0.6559214
328342283,-0.12559555,-0.34818032,0.61207306
328355240,-0.036918264,-0.39662233,0.6591937
328367823,-0.13016994,-0.45034772,0.7074965
328380412,-0.18179803,-0.4867266,0.7131959
328392989,-0.10128105,-0.4549051,0.7683536
328405666,-0.120451316,-0.45324835,0.63525176
328418345,-0.035601377,-0.26179126,0.67072123
328431347,-0.06679834,-0.38577792,0.7037084
328443960,-0.18430848,-0.40469366,0.7130742
328456511,-0.1407831,-0.44662336,0.69948304
328469092,-0.0498369,-0.4076002,0.66714066
328481785,-0.044763744,-0.5563827,0.62971586
328494563,-0.12316786,-0.45195985,0.64133126
328507394,-0.13724737,-0.43588537,0.6468461
328520106,-0.1669818,-0.44981992,0.62366515
328532744,-0.05131753,-0.41727424,0.6582591
328545293,-0.11291425,-0.38777786,0.59075934
328557989,-0.15598956,-0.5243296,0.6997201
328570597,-0.0050956933,-0.3188781,0.6402737
328583229,-0.15590946,-0.41690087,0.6486194
328596186,-0.12686369,-0.3828439,0.65192896
328608862,-0.14990467,-0.4594381,0.677241
328621410,-0.016419811,-0.1809603,0.6808292
328633966,-0.108938985,-0.36215216,0.6343742
328646784,-0.014576733,-0.44387832,0.6925807
328659393,-0.15227321,-0.38330936,0.72068334
328672427,-0.16779777,-0.35926658,0.70323646
328684985,0.005374885,-0.35261318,0.6713487
328697546,-0.028596954,-0.44526967,0.6931204
328710123,-0.17135434,-0.3701347,0.75762206
328722789,-0.115262024,-0.34645805,0.7766941
328735456,-0.19929436,-0.3271819,0.65041673
328748286,-0.0744417,-0.2666844,0.6683617
328761169,-0.18650703,-0.49577707,0.66458803
328773899,-0.14015853,-0.51361257,0.6692572
328786450,-0.18660203,-0.44347733,0.7391291
328799002,-0.10117025,-0.44044518,0.6813907
328811785,-0.0783193,-0.53161883,0.69421643
328824718,-0.13051593,-0.45042968,0.61448777
328862633,-0.07269421,-0.4610586,0.68813455
328875191,-0.002148423,-0.2730961,0.67030656
328887737,-0.055690307,-0.43078274,0.71457237
328926323,-0.035515547,-0.2852882,0.6857086
328938900,-0.06852675,-0.40349084,0.6268617
328951462,-0.19219363,-0.3381469,0.68692327
328964062,-0.13368195,-0.4344283,0.58062327
328976616,-0.09103961,-0.33658546,0.56347233
328989423,-0.030781958,-0.39194366,0.62130535
329002206,-0.13554788,-0.32994777,0.75940585
329014789,-0.15282455,-0.3460493,0.72257406
329027517,-0.12083525,-0.26684582,0.68966246
329040061,-0.12781423,-0.3715917,0.6429412
329052797,-0.036670975,-0.39037615,0.62734544
329091134,-0.16628008,-0.38293207,0.609153
329103706,-0.09285296,-0.25903454,0.71565264
329116270,0.041279323,-0.59450585,0.7536711
329128841,-0.14082356,-0.41967857,0.62521315
329141526,-0.10728396,-0.39191946,0.6508126
329154389,-0.018197326,-0.45768628,0.6413891
329167108,-0.1579334,-0.32599998,0.6631407
329179975,-0.19701666,-0.8485735,0.592412
329192561,-0.21706453,-0.343738,0.6328119
329205118,-0.08575797,-0.45562726,0.6084058
329230248,-0.18134329,-0.24850503,0.67503184
329243144,-0.038843814,-0.29601997,0.68764967
329255864,0.04645127,-0.40625057,0.6857629
329268438,-0.14868437,-0.5495173,0.68578213
329281206,-0.1279026,-0.48509488,0.62816674
329293757,-0.0013696795,-0.45226336,0.63823885
329306344,-0.081586376,-0.354634,0.6577361
329331953,-0.121753626,-0.4723119,0.80002093
329344636,-0.0550642,-0.46347198,0.62874347
329357181,-0.0977707,-0.45278525,0.6956582
329369845,-0.01442116,-0.32604042,0.6573337
329408081,-0.071435496,-0.3505952,0.6046896
329420795,-0.15334174,-0.4351226,0.63283926
329433392,0.009498181,-0.5141198,0.60268795
329445943,-0.15803061,-0.3452289,0.69348717
329458681,-0.1577126,-0.40570167,0.6557054
329471233,-0.080242224,-0.4642808,0.6336924
329484039,-0.07678202,-0.3655372,0.7316268
329496828,-0.15008904,-0.4740237,0.71490395
329509503,-0.04944932,-0.46087044,0.72337484
329522110,-0.06907602,-0.34181768,0.7062419
329534654,-0.19659431,-0.3971238,0.74557865
329547446,-0.062152114,-0.3318557,0.7686821
329560063,-0.0669204,-0.30787477,0.7139519
329572990,-0.18501075,-0.3889296,0.6610589
329585919,-0.09142389,-0.44347838,0.66229284
329598467,-0.10317546,-0.40467963,0.6388675
329611028,-0.17265503,-0.63872486,0.62269115
329623586,-0.09601575,-0.454934,0.6593278
329636191,-0.05901835,-0.30198136,0.61663866
329661814,-0.1513862,-0.29507926,0.6018647
329674405,-0.18191297,-0.19423564,0.6229858
329687015,-0.04917705,-0.48963302,0.6672404
329699566,-0.10580564,-0.43808898,0.62660366
329712328,-0.07254963,-0.44745162,0.6760003
329724922,-0.13357857,-0.2567567,0.67179936
329738051,-0.11907643,-0.5896766,0.74176955
329750724,-0.15646003,-0.3647335,0.6726323
329763274,-0.13563204,-0.43701455,0.6444239
329775851,-0.26677072,-0.5346704,0.79897815
329788398,-0.0036887673,-0.41392645,0.86614716
329801072,-0.2467852,-0.39845663,0.65285677
329813984,-0.07648425,-0.3842866,0.6955432
329826662,-0.17068242,-0.59331954,0.7123287
329839304,-0.1693047,-0.3137013,0.6410863
329851867,-0.14739178,-0.31083775,0.6549681
329864473,0.00067286816,-0.38923004,0.55558294
329889976,-0.099145584,-0.34429973,0.6335208
329902834,-0.21535492,-0.3780333,0.5337181
329915679,-0.15334919,-0.54324085,0.55580026
329928234,-0.19372737,-0.3404619,0.59373754
329940809,-0.058996994,-0.21359979,0.6037508
329953380,-0.18049207,-0.26923886,0.6590701
329965968,-0.036813665,-0.25703755,0.67260426
329979070,-0.11435138,-0.324328,0.689175
329991633,-0.0205991,-0.5163323,0.7874775
330004177,-0.05422765,-0.38586298,0.63620275
330016848,-0.1437724,-0.35265458,0.66187954
330029413,-0.15506378,-0.4609107,0.6109301
330042125,-0.1986811,-0.6490158,0.65442884
330054742,-0.21940398,-0.39683107,0.6960056
330067679,-0.027624166,-0.45419982,0.6669568
330080396,-0.034226153,-0.6078071,0.7439271
330092945,-0.12641212,-0.41906223,0.6362205
330105487,-0.08952961,-0.6397922,0.65865177
330118310,-0.052529063,-0.48082247,0.6711739
330130865,-0.10762953,-0.48414084,0.70200306
330144031,-0.123114884,-0.40275598,0.6590737
330156583,-0.114235245,-0.38233784,0.66833514
330181685,-0.0036946244,-0.4028006,0.60035825
330194298,-0.16140899,-0.4277468,0.65525544
330206953,-0.084289394,-0.33467704,0.68486875
330219758,-0.084125824,-0.50128984,0.7820941
330232649,-0.24038571,-0.38335478,0.7371158
330245260,-0.07397938,-0.45011276,0.59627897
330257817,-0.23512116,-0.43791333,0.68362707
330270595,1.2679204e-05,-0.47883826,0.6775584
330283162,-0.18337762,-0.46558338,0.7015251
330295809,-0.1876956,-0.40641043,0.7310496
330308757,-0.094160974,-0.47008306,0.6700955
330334036,-0.16977519,-0.310001,0.68057054
330346589,-0.08563007,-0.47244665,0.6198613
330359181,-0.07049028,-0.5185182,0.6917917
330384838,-0.07910655,-0.3855324,0.7491889
330397505,-0.032256965,-0.33931845,0.67852086
330410141,-0.094387144,-0.50202924,0.7223616
330422692,-0.108100295,-0.4047447,0.7304157
330435294,-0.06998855,-0.5175295,0.69406503
330447985,-0.083374605,-0.37106496,0.6635724
330460665,-0.24131314,-0.3559692,0.6929023
330473615,-0.16196582,-0.45159134,0.7352707
330511498,-0.1590276,-0.32664138,0.69949406
330524222,-0.07173982,-0.3498004,0.6746103
330536792,-0.18703933,-0.3907025,0.64268804
330549940,-0.11607905,-0.45724028,0.80088156
330575034,-0.07530923,-0.6308583,0.6856956
330587666,-0.1708071,-0.47467628,0.5674607
330600258,-0.014321967,-0.37308082,0.62681943
330638515,-0.12553187,-0.42482153,0.6289195
330651405,-0.09791108,-0.33082813,0.7518173
330663954,-0.061562996,-0.39364624,0.6415767
330676500,-0.070295386,-0.6253736,0.7198161
330689064,-0.28244892,-0.44907218,0.6834728
330701708,-0.13905412,-0.4620342,0.6875239
330714633,-0.20795469,-0.43981814,0.744799
330727299,-0.106109485,-0.59892917,0.62991315
330739910,-0.17628384,-0.641309,0.6609478
330752658,-0.1608608,-0.5167445,0.63144076
330765211,-0.10061236,-0.55782807,0.64566624
330777898,-0.22832015,-0.4047959,0.6676211
330790765,-0.18903616,-0.5158797,0.76588786
330803598,-0.12322398,-0.4932108,0.7015164
330816273,-0.10660331,-0.5949996,0.7379259
330853944,-0.174801,-0.41064858,0.74730974
330866575,-0.10835146,-0.51919115,0.7736852
330879533,-0.13586016,-0.44348815,0.6080931
330892240,-0.17956634,-0.45108414,0.7256178
330904831,-0.0644863,-0.28824767,0.65391135
330917382,-0.13255632,-0.5729365,0.741344
330930066,-0.24142282,-0.4344646,0.62444377
330942688,-0.13984418,-0.51847786,0.62068677
330955436,-0.105404824,-0.41905755,0.63734496
330968344,-0.09017483,-0.36202988,0.657324
330981233,-0.1744145,-0.22945686,0.7148713
330993789,-0.08299614,-0.35174495,0.75385576
331006388,-0.06328797,-0.68652034,0.6864881
331018952,-0.14733526,-0.40142703,0.672414
331032041,-0.12811995,-0.46614245,0.6242161
331044673,-0.08101958,-0.53868836,0.6767401
331057225,-0.16455236,-0.474178,0.6860617
331069772,-0.23902011,-0.46851677,0.70017856
331082324,-0.11225314,-0.51266176,0.6129424
331094904,-0.14786594,-0.28887907,0.63928515
331107753,-0.15239969,-0.23385377,0.6758223
331120608,-0.12028672,-0.38512117,0.6436282
331133221,-0.21786954,-0.24744944,0.689276
331145901,-0.12554254,-0.48682067,0.69638455
331158564,-0.19984128,-0.45311332,0.60755736
331171246,-0.12135279,-0.34123057,0.6332396
331183869,-0.13280548,-0.4140575,0.6069222
331196683,-0.16043304,-0.38479987,0.65101504
331209379,-0.06253158,-0.38415998,0.66738766
331222076,-0.15273668,-0.45718056,0.6819153
331234623,-0.10756755,-0.26678815,0.67461073
331247276,-0.11444159,-0.40404823,0.652366
331259817,-0.19508018,-0.47438052,0.67398596
331272540,-0.072354175,-0.30974114,0.62631154
331285474,-0.042759176,-0.55689096,0.63900805
331298131,-0.11214537,-0.37369624,0.614993
331310811,-0.0496151,-0.4544572,0.67071706
331323371,-0.07719603,-0.53958005,0.58885515
331335957,-0.08268397,-0.51023203,0.64999425
331348723,-0.1565469,-0.3771304,0.62444717
331361649,-0.10108561,-0.34188768,0.641002
331374255,-0.12187429,-0.48606792,0.6548167
331387133,-0.14509965,-0.48485032,0.67341405
331399681,-0.05070361,-0.53934723,0.7620682
331412232,-0.1152612,-0.48335975,0.7433407
331424779,-0.121453896,-0.4392025,0.65282124
331437415,-0.11441326,-0.43674654,0.61670387
331450600,-0.11221935,-0.51158166,0.709963
331463157,-0.10059583,-0.3173755,0.6331837
331475704,-0.18251745,-0.58714926,0.71809834
331488250,-0.14779423,-0.43514076,0.65545744
331526351,-0.0836229,-0.4277941,0.6733151
331539170,-0.09390129,-0.43757394,0.5928273
331551914,0.0111160865,-0.39947432,0.54457384
331564471,-0.14889064,-0.2868207,0.5810462
331577018,-0.064881764,-0.3340284,0.6760058
331589648,-0.1281982,-0.3700627,0.64187944
331602398,-0.10501451,-0.33211884,0.69334906
331615523,-0.13637681,-0.40813786,0.69583195
331628118,-0.09404339,-0.4984377,0.7157032
331640668,-0.14584742,-0.42711258,0.6695981
331653216,-0.07708184,-0.29767728,0.6125542
331665804,-0.11752281,-0.46846503,0.7112412
331678425,-0.12959537,-0.37463266,0.648181
331691344,-0.10836922,-0.4350163,0.65312946
331704173,-0.10266455,-0.5263473,0.7402257
331716939,-0.18256345,-0.3214959,0.6442919
331754608,-0.1144477,-0.40886813,0.58630925
331767231,-0.23315243,-0.4428899,0.71811724
331780190,-0.16794285,-0.48526007,0.64884394
331792918,-0.1490043,-0.4784402,0.6460609
331830653,-0.119333796,-0.35470042,0.6967964
331843346,-0.18025637,-0.41537595,0.75024205
331856006,-0.14033474,-0.48333853,0.69514066
331868983,-0.1266305,-0.3362722,0.62126213
331894219,-0.12271956,-0.5070109,0.6258989
331906793,0.0053898674,-0.3591374,0.70337635
331919458,-0.08522055,-0.33897984,0.74082375
331932134,-0.07424667,-0.46896636,0.69637525
331945310,-0.07191158,-0.52746177,0.6890257
331957867,-0.091743596,-0.4573053,0.7113135
331970477,-0.1304536,-0.49577987,0.66473156
332008405,-0.0461375,-0.5919558,0.7339098
332021228,-0.12562017,-0.46113536,0.725091
332033852,-0.07492386,-0.44767332,0.6866374
332046661,-0.15482517,-0.38374922,0.69076073
332071761,-0.1668929,-0.38576475,0.70496315
332084475,-0.0509939,-0.4130962,0.708764
332097371,-0.17814888,-0.4440317,0.66213655
332110146,-0.060047347,-0.35762012,0.6475196
332122704,-0.09973382,-0.47742754,0.6274122
332135267,-0.08024237,-0.386353,0.6226089
332147909,-0.054616906,-0.44264844,0.7132504
332160480,-0.14417121,-0.44618726,0.7286356
332173226,-0.2765981,-0.554739,0.72501945
332186134,-0.20892903,-0.5270906,0.70452356
332198761,-0.19562939,-0.4101353,0.6091244
332211436,-0.18151829,-0.37534156,0.5676726
332224007,-0.12981087,-0.47474486,0.63298327
332236575,-0.15026204,-0.49588874,0.6961388
332249394,-0.15520115,-0.3855923,0.7112203
332262218,-0.07070976,-0.42494503,0.6325454
332274914,-0.046622075,-0.47703686,0.67472035
332287549,-0.076079056,-0.44677198,0.67263305
332300106,-0.13344443,-0.5061061,0.6383534
332312662,-0.14326794,-0.351168,0.575166
332325573,-0.13496518,-0.4698429,0.68831396
332338386,-0.03132487,-0.6145207,0.76672465
332351251,-0.22600208,-0.52225846,0.7726494
332363808,-0.1173188,-0.6152647,0.7052157
332376357,-0.19443022,-0.36372265,0.73039
332388974,-0.1350699,-0.42104542,0.6305337
332401538,-0.118338,-0.5006429,0.746369
332414153,-0.16424072,-0.50499266,0.7930473
332426980,-0.16753866,-0.5589462,0.6703987
332439797,-0.11333035,-0.3976945,0.61458355
332452494,-0.14284858,-0.52375597,0.65092355
332465041,-0.15973958,-0.5123887,0.6371998
332477719,-0.060266666,-0.2743314,0.6215447
332490307,-0.14371826,-0.55664694,0.7350046
332502983,-0.11778162,-0.46613547,0.6774849
332528650,-0.15875676,-0.5552651,0.6545748
332541192,-0.109381445,-0.5170708,0.7269841
332553739,-0.08698977,-0.498898,0.7339712
332566387,-0.15412056,-0.417531,0.6871049
332579080,-0.09156197,-0.40698433,0.807022
332592326,-0.10541043,-0.37885526,0.61562544
332604900,-0.036086515,-0.48923647,0.68924683
332617448,-0.10475309,-0.51890534,0.74907666
332629994,-0.15380898,-0.36742708,0.63876295
332642543,-0.092716284,-0.44096032,0.6376141
332655205,-0.08501691,-0.4230973,0.61278486
332681017,-0.06331818,-0.4624891,0.65573716
332693572,-0.11541409,-0.44978642,0.578651
332706120,-0.025042098,-0.51105285,0.6277839
332718667,-0.15935656,-0.44882455,0.62724704
332731341,-0.075345404,-0.45429832,0.62215877
332743958,-0.16833217,-0.4392041,0.6260394
332756654,-0.05050968,-0.3126867,0.7014113
332782506,-0.069154955,-0.47551423,0.6462974
332795074,-0.15054943,-0.3869586,0.6647805
332807620,-0.06928358,-0.43043378,0.7014717
332820168,-0.17594527,-0.50181043,0.7102001
332832786,-0.034026254,-0.48313287,0.6827702
332845753,-0.08902291,-0.3903332,0.5828412
332858395,-0.1817188,-0.49021003,0.66216767
332883684,-0.18070558,-0.24646218,0.7435586
332896340,-0.12658775,-0.46679547,0.6065808
332934503,-0.04669357,-0.37508065,0.66962534
332947124,-0.11734684,-0.37469217,0.6631871
332959874,-0.18717174,-0.4550579,0.68708783
332972420,-0.21015464,-0.49221572,0.65204966
332997662,-0.18503,-0.5443976,0.65158087
333010695,-0.17514215,-0.5127962,0.6649899
333023302,-0.091182806,-0.4819733,0.664251
333035839,-0.16623224,-0.414364,0.62732935
333048407,-0.14896771,-0.7133167,0.70956194
333061309,-0.112414435,-0.3250049,0.6930478
333074103,-0.14968435,-0.369273,0.6587517
333086705,-0.1936081,-0.38803044,0.6724899
333099414,-0.09208138,-0.46169573,0.5954263
333112177,-0.120487995,-0.32814872,0.6272356
333124790,-0.14777517,-0.33509877,0.631668
333137363,-0.12955333,-0.38850296,0.6113688
333149991,-0.07459895,-0.36309636,0.69265443
333163032,-0.03721539,-0.45504314,0.6397497
333175666,-0.12857287,-0.5135116,0.6622271
333188339,-0.059557054,-0.48782766,0.63965994
333200903,-0.080868155,-0.4161453,0.686222
333213450,-0.11346113,-0.46639568,0.6810343
333226106,-0.06417794,-0.48791066,0.7278903
333238675,-0.08052384,-0.33169714,0.74608517
333251697,-0.17655332,-0.32853964,0.68356144
333264340,-0.13483861,-0.4125604,0.6776927
333276904,-0.09335995,-0.494282,0.6583474
333289552,-0.14087464,-0.49961632,0.6516912
333302146,-0.107804,-0.5335884,0.6389817
333314826,-0.07593772,-0.35862362,0.61639214
333327590,-0.19775052,-0.4516877,0.6650909
333340467,-0.19156948,-0.5306582,0.7676854
333353080,-0.10187423,-0.4408833,0.5740442
333365640,-0.08385843,-0.3850365,0.6597957
333378202,-0.18149705,-0.47053954,0.68793803
333391063,-0.11132382,-0.44559824,0.6569973
333403858,-0.1614733,-0.5085352,0.6273684
333416599,-0.123706356,-0.42869645,0.60885763
333429201,-0.060231287,-0.51538545,0.6518629
333441824,-0.062184352,-0.38086852,0.60496277
333454374,-0.0948175,-0.34085625,0.6253371
333467134,-0.07917688,-0.5230003,0.76618636
333479690,-0.07126297,-0.44450602,0.6789718
333492655,-0.14864694,-0.5912491,0.76030636
333505492,-0.15881664,-0.481994,0.6595992
333530589,-0.16936532,-0.45777085,0.70164996
333543126,-0.08967327,-0.42649248,0.6818023
333594310,-0.08571622,-0.4751389,0.7158518
333606855,-0.08768833,-0.46037486,0.6594563
333619405,-0.13861045,-0.48124796,0.6170047
333631951,-0.0020099196,-0.4543654,0.6364943
333644621,-0.042488117,-0.32237342,0.6384484
333657520,-0.099673204,-0.40203893,0.6888941
333670271,-0.14708199,-0.288019,0.7732033
333682823,-0.22781359,-0.34790438,0.6362027
333695379,-0.106752425,-0.51078534,0.6505845
333708013,-0.06348573,-0.46619982,0.61432236
333720882,-0.07317051,-0.48302594,0.7281065
333733631,-0.2956613,-0.506754,0.7493587
333746509,-0.11474494,-0.54220784,0.6445396
333759183,0.023128169,-0.36997107,0.7125619
333771729,-0.1505959,-0.3471168,0.67977506
333784332,-0.13494524,-0.32127103,0.68664044
333796880,-0.120799,-0.40922526,0.7531902
333809493,-0.14916666,-0.5350693,0.7262572
333822456,-0.17219564,-0.20339485,0.6839888
333835133,-0.06955992,-0.37440404,0.69137686
333847735,-0.14022003,-0.3556962,0.64113444
333860353,-0.12094672,-0.40899897,0.7433972
333872912,-0.11532084,-0.41323727,0.68177503
333885588,-0.11705541,-0.5141365,0.57215965
333923857,-0.19089794,-0.34756285,0.77789664
333936415,-0.1857352,-0.63318735,0.66638577
333949174,-0.15116204,-0.26789644,0.6496223
333961825,-0.15372102,-0.46831492,0.6868585
333974391,-0.021243371,-0.44530728,0.6862154
333987343,-0.057523645,-0.42351577,0.6909104
334000256,-0.12222225,-0.29047385,0.7062063
334012822,-0.07419108,-0.34091836,0.614045
334025375,-0.11241334,-0.4297787,0.6152916
334037946,-0.06630986,-0.43620294,0.6405254
334050705,-0.08191938,-0.49367753,0.7189688
334063465,-0.10917813,-0.4063293,0.64335024
334076203,-0.08850664,-0.5437322,0.6726571
334088784,-0.07410042,-0.36896166,0.63972104
334101365,-0.10492279,-0.37489012,0.5747016
334126615,-0.2031584,-0.64904433,0.75280017
334139428,-0.11206881,-0.40948626,0.652948
334152273,-0.19773279,-0.5025977,0.6414146
334164924,-0.15158807,-0.4048643,0.62990016
334177471,-0.0838981,-0.38904434,0.6409361
334190164,-0.14378685,-0.41391408,0.6852855
334202740,-0.099100344,-0.376628,0.71848375
334228368,-0.11464688,-0.4398699,0.65850025
334241245,-0.043097287,-0.44803846,0.72285706
334253795,-0.10980927,-0.38495833,0.75179195
334266369,-0.16968888,-0.5340776,0.7288045
334304209,-0.111523196,-0.36907545,0.6959179
334317134,-0.21676888,-0.5336689,0.67457104
334329848,-0.1360399,-0.3752249,0.5898918
334342400,-0.12103932,-0.4331519,0.6624088
334354948,-0.12802312,-0.18787874,0.6382787
334367607,-0.16463163,-0.4307934,0.6594292
334380483,-0.13609868,-0.4929073,0.6281111
334393195,-0.077415355,-0.38878733,0.58506906
334405935,-0.0068057673,-0.4289177,0.6728379
334418693,-0.19029382,-0.3438099,0.7493877
334431243,-0.12592694,-0.41182807,0.68426335
334443793,-0.08590751,-0.63270164,0.73190695
334456421,-0.13688003,-0.4239137,0.6160174
334469082,-0.13781208,-0.48982096,0.68314284
334494884,-0.24790077,-0.5199861,0.7020979
334507431,0.012955303,-0.41848373,0.66759783
334519981,-0.0917167,-0.43230447,0.6646767
334532547,-0.23130558,-0.549416,0.72955143
334558148,-0.061081428,-0.3998232,0.634448
334570846,-0.1022738,-0.439488,0.7296232
334583559,-0.0402001,-0.48482406,0.60176325
334596120,-0.17235237,-0.32864594,0.6638572
334608672,-0.0881058,-0.5917862,0.66120756
334621342,-0.12385334,-0.3367309,0.5879068
334634001,-0.18701443,-0.40753505,0.6516948
334647053,-0.03014985,-0.46692863,0.63482803
334659838,-0.1518332,-0.50779366,0.6615695
334672407,-0.10126838,-0.46387854,0.6563413
334684955,-0.06934392,-0.4211981,0.62887025
334697531,-0.06657644,-0.4334519,0.6850869
334710155,-0.15337516,-0.5316703,0.6578335
334723195,-0.13733743,-0.24847934,0.6544027
334735753,-0.055100802,-0.5100928,0.67619574
334748478,0.039788105,-0.39885214,0.7123914
334761063,-0.11852208,-0.33750919,0.7285311
334773610,-0.16655944,-0.48022577,0.67697954
334786364,-0.13937029,-0.3772469,0.6807703
334799422,-0.11551199,-0.55369985,0.68672436
334811972,-0.12316527,-0.4506451,0.5745423
334824569,-0.10065987,-0.32633513,0.6274621
334837122,-0.14629322,-0.500095,0.64044064
334849668,-0.12084247,-0.31662846,0.66807765
334862398,-0.18093525,-0.46796402,0.7517408
334874987,-0.22973773,-0.5586954,0.7422072
334888015,-0.06177547,-0.38117322,0.62612265
334900876,-0.15905009,-0.34656072,0.601526
334913448,-0.13552245,-0.4447775,0.6796062
334925993,-0.08096665,-0.54502994,0.63901335
334938546,-0.17519145,-0.66484267,0.66912925
334951120,-0.08146291,-0.43622538,0.7139449
334963949,-0.07260616,-0.46745625,0.69184136
334976756,-0.065195225,-0.4302303,0.71340716
334989586,-0.19574416,-0.43972033,0.68532974
335002144,-0.08157954,-0.41058162,0.65716326
335014724,-0.053039555,-0.60117036,0.68073136
335027272,-0.05906558,-0.36930498,0.65388775
335040078,-0.13689287,-0.49228907,0.63928694
335052868,-0.08733021,-0.45543498,0.6959717
335065655,-0.018344259,-0.44518322,0.63153005
335078205,-0.062349033,-0.46083474,0.65206856
335090756,-0.08011935,-0.50521415,0.70104575
335103356,-0.10635246,-0.4668996,0.5615437
335116155,-0.13667278,-0.4576895,0.5875309
335128944,-0.114229776,-0.31888163,0.6124004
335141651,-0.11144601,-0.30463544,0.6672509
335154278,-0.03017959,-0.41685092,0.73717856
335166830,-0.13762292,-0.40045863,0.6450776
335179550,-0.05615572,-0.42212135,0.6648708
335509374,-0.13420074,-0.2822654,0.7018237
335521932,-0.08813376,-0.3045167,0.5858864
335534586,-0.100434616,-0.47067395,0.7417008
336029675,-0.08348903,-0.423629,0.617701
336042240,-0.21943682,-0.44827566,0.5989064
336105660,-0.15869418,-0.6084672,0.5938491
336118488,-0.09509059,-0.34906346,0.60387504
336131042,-0.17591111,-0.3525267,0.60747594
336143595,-0.08938688,-0.44487786,0.63557684
336156136,-0.030723024,-0.36263302,0.6496442
336168834,-0.121479645,-0.32088426,0.6549813
336181689,-0.05046353,-0.29945323,0.6198737
336194453,-0.10322005,-0.35040924,0.66479814
336219707,-0.11903121,-0.46313843,0.6381191
336232264,-0.10208765,-0.40170386,0.6474307
336244987,-0.28094319,-0.38551804,0.7235325
336283405,-0.23864509,-0.5751148,0.72418284
336295956,0.038318302,-0.43081233,0.5805555
336308505,-0.05878353,-0.39885002,0.6856929
336333770,-0.065743946,-0.48419258,0.69288725
336346405,-0.16256143,-0.35988137,0.7186864
336359424,-0.10910375,-0.39821148,0.6482024
336397360,-0.08517154,-0.4702619,0.5591919
336409907,-0.19285639,-0.3796812,0.72035503
336422632,-0.10704774,-0.45630184,0.66427356
336435485,-0.20662953,-0.39318222,0.7001591
336448327,-0.113846034,-0.36463657,0.6911462
336460874,-0.04540052,-0.35226738,0.6831541
336473422,-0.1371677,-0.43149775,0.76220566
336486007,-0.08000964,-0.34247202,0.63636124
336498635,-0.17611974,-0.28152114,0.7359349
336511355,-0.120263636,-0.51029444,0.66388214
336524336,-0.08211789,-0.48025373,0.64686763
336536925,-0.010287166,-0.5019029,0.7209156
336549475,-0.10378986,-0.378253,0.62385815
336562148,-0.1249357,-0.40213093,0.5677917
336574737,-0.22025655,-0.42351016,0.6122246
336587428,-0.21380547,-0.39051378,0.6255852
336600372,-0.16453901,-0.40580344,0.74041307
336613277,-0.05950475,-0.3215523,0.63526917
336625834,-0.23375909,-0.505974,0.71355444
336638400,-0.02295636,-0.5230182,0.68573904
336663530,-0.120841585,-0.45048103,0.6569102
336676207,-0.12551302,-0.3640233,0.7271919
336689285,-0.03294497,-0.35666546,0.6696901
336701873,-0.075862326,-0.55565006,0.68773174
336714583,-0.10349826,-0.42133507,0.6548621
336727149,-0.12238765,-0.50837684,0.63132966
336739703,-0.1776931,-0.46247405,0.65717137
336752500,-0.07801204,-0.467223,0.65733576
336765360,-0.110998176,-0.47283146,0.72952396
336777942,-0.14599146,-0.5795944,0.6705918
336803114,-0.2140646,-0.38172743,0.702806
336815883,-0.11010224,-0.46323144,0.6987143
336828443,-0.05020274,-0.49586573,0.6756531
336841238,-0.120019756,-0.45055434,0.72107995
336879370,-0.09196974,-0.409708,0.5860571
336891938,0.032831103,-0.45531657,0.64163476
336904549,-0.13606718,-0.52138215,0.6254676
336942900,-0.07765473,-0.35746923,0.7272025
336955437,-0.101073064,-0.38400665,0.69542354
336967985,-0.124161184,-0.37105206,0.6914074
336980832,-0.12829345,-0.45639807,0.6720627
336993464,-0.18422921,-0.31334937,0.7840856
337006251,-0.13208687,-0.3870583,0.64647
337019170,-0.16065013,-0.39251447,0.66923547
337031723,-0.04786507,-0.4291801,0.7013705
337044275,-0.02728739,-0.47705284,0.67197883
337056822,-0.08658171,-0.40877745,0.65534574
337069434,-0.18886326,-0.4317111,0.6182371
337082137,-0.11857911,-0.45419514,0.66674715
337095207,-0.10183797,-0.4289625,0.71523637
337107751,-0.14819483,-0.3510927,0.66688824
337120343,-0.02364293,-0.2947836,0.6324057
337132902,-0.10627934,-0.2766381,0.6330716
337145532,-0.16172409,-0.38266197,0.7371752
337158337,-0.0032422761,-0.43318042,0.6844415
337171228,-0.11823284,-0.34624934,0.6598767
337184072,-0.12934388,-0.5782951,0.62707776
337196642,-0.18335706,-0.5090603,0.6332292
337209216,-0.19637528,-0.48383924,0.6273441
337221772,-0.21783644,-0.48451692,0.7863545
337234321,-0.044491187,-0.44360065,0.64012593
337247140,-0.1539722,-0.38993496,0.7079367
337259952,-0.14600356,-0.48430252,0.749273
337272654,-0.1772331,-0.2975593,0.6851348
337310439,-0.15754509,-0.43961912,0.65274304
337323226,-0.103639185,-0.434664,0.58902436
337336057,-0.048165977,-0.32128018,0.6600527
337348956,-0.102494135,-0.3568166,0.6926379
337361503,-0.13735288,-0.46188632,0.61132115
337374049,-0.11427514,-0.43485638,0.6827779
337386627,-0.15071782,-0.436708,0.62343866
337399357,-0.15246865,-0.39410183,0.5817559
337412156,-0.13448283,-0.33814162,0.63673776
337424838,-0.1115783,-0.5662215,0.6672586
337437559,-0.14848137,-0.5018956,0.6687454
337450110,-0.08068817,-0.49772203,0.69330645
337462660,-0.18621767,-0.46079084,0.68468255
337475394,-0.18926516,-0.39334336,0.6963459
337488144,-0.07750325,-0.3557435,0.6590146
337500982,-0.089431986,-0.3383893,0.6171714
337513650,-0.045021176,-0.31325576,0.6735082
337526228,-0.032975964,-0.32715404,0.605721
337538942,-0.117117636,-0.30824822,0.6439515
337551512,-0.090457596,-0.4493966,0.70324445
337564227,-0.062093746,-0.4203325,0.68611866
337577073,-0.1727149,-0.5479549,0.63881
337589806,-0.124420434,-0.3689221,0.7242593
337602509,-0.08818199,-0.5711643,0.7341711
337615056,-0.16617587,-0.38816175,0.7002644
337640412,-0.09827969,-0.5066058,0.6496141
337653171,-0.11894252,-0.52892846,0.5973911
337665843,-0.1311555,-0.46323547,0.72363776
337678532,-0.039502606,-0.35182542,0.60979694
337716326,-0.08356943,-0.34781727,0.6022574
337729031,-0.11601246,-0.37220675,0.684343
337741694,-0.118710004,-0.42117083,0.63335174
337817785,-0.10697018,-0.3660126,0.66885835
337830848,-0.100319244,-0.42745706,0.70982695
337843438,-0.078099184,-0.49203697,0.6868383
337855989,-0.12764622,-0.41609347,0.7730752
337868580,-0.114286706,-0.28340086,0.7503179
337881388,-0.23897344,-0.5919462,0.62969095
337893944,-0.15999302,-0.5391599,0.61408955
337906854,-0.20983174,-0.6496325,0.6693339
337919620,-0.17586808,-0.35298422,0.5483892
337932201,-0.25247666,-0.42336568,0.5868404
337944757,-0.14105415,-0.53437257,0.54471046
337970008,-0.1597443,-0.3470252,0.7485453
337982811,-0.11739204,-0.53359723,0.7668369
337995780,0.02058555,-0.26964754,0.71513844
338021024,-0.11872049,-0.31328392,0.7451813
338033580,-0.10520524,-0.23086667,0.7648284
338046213,-0.1532825,-0.4180095,0.6500552
338071738,-0.17131901,-0.35273048,0.62151754
338084647,-0.17436305,-0.44147885,0.6439864
338097199,-0.14448564,-0.46920374,0.67735815
338134932,-0.10619018,-0.43020195,0.6144939
338147693,-0.06372261,-0.41214105,0.600917
338160596,-0.124190904,-0.49691862,0.6606166
338173229,-0.15911978,-0.3265991,0.62956405
338185776,-0.14868791,-0.37693873,0.686077
338198340,-0.20179482,-0.42275357,0.7271235
338211037,-0.008511325,-0.3905576,0.671737
338223706,0.0034749082,-0.20353234,0.7642281
338236647,-0.22222643,-0.47505653,0.677687
338249342,-0.15136953,-0.52823305,0.70032066
338261989,-0.13246721,-0.46479487,0.74495876
338274539,-0.13777043,-0.3923204,0.6796467
338287276,-0.022841403,-0.45399138,0.65390104
338299845,-0.07471238,-0.4407737,0.7243643
338325478,-0.16915746,-0.3644115,0.7063947
338338116,-0.22139989,-0.510607,0.63051146
338350663,-0.09306997,-0.33493066,0.6894856
338363236,-0.10880928,-0.42521003,0.5569195
338375942,-0.15669566,-0.29556772,0.6147409
338388611,-0.1355773,-0.24558851,0.673114
338401644,-0.19471914,-0.30894288,0.7213507
338414250,-0.15126428,-0.38081577,0.69148666
338426800,-0.08364624,-0.5147797,0.6863702
338439475,-0.10349034,-0.33009747,0.6541964
338452042,-0.050417382,-0.58700955,0.6160024
338464707,-0.16398327,-0.47574982,0.5495412
338477385,-0.036651082,-0.38297144,0.6811509
338490361,-0.22116515,-0.6203499,0.5886233
338502958,-0.24915886,-0.51507217,0.7078256
338515616,0.0031346306,-0.4918894,0.6374569
338528168,-0.10228987,-0.39395884,0.6089259
338540968,0.0246258,-0.44809827,0.76439774
338553799,-0.06493126,-0.4457751,0.6246846
338566425,-0.13420133,-0.5192969,0.7018756
338579366,-0.113953434,-0.4306573,0.7112551
338591918,-0.1917402,-0.4082877,0.69325006
338604465,-0.11042623,-0.3707674,0.6926185
338617025,-0.17698449,-0.47891852,0.68646353
338629574,-0.18595149,-0.47805166,0.71781987
338642311,-0.12752342,-0.50461936,0.70729566
338655205,-0.10298961,-0.5006294,0.7231257
338667943,-0.21183231,-0.35409728,0.7040824
338680491,-0.13483807,-0.43434474,0.69983745
338693047,-0.16511704,-0.5715411,0.6114057
338705806,-0.16069432,-0.48405442,0.6396583
338718687,-0.15186562,-0.30514652,0.5977175
338731384,-0.13934296,-0.40835047,0.65628815
338744225,-0.16279699,-0.15251905,0.7273576
338756787,-0.13003398,-0.2985196,0.6628008
338781916,-0.15455237,-0.34985152,0.6900571
338794621,-0.104007386,-0.40988377,0.6310186
338807426,-0.0448705,-0.42409617,0.5831994
338820125,-0.08407519,-0.46760985,0.6890831
338870599,-0.08513258,-0.29413667,0.7778205
338883306,-0.03564916,-0.34011596,0.68582726
338896418,-0.19067582,-0.43324342,0.6704954
338908986,-0.03704398,-0.21310651,0.6697428
338921539,-0.15539621,-0.38097945,0.6610193
338934085,-0.18001454,-0.4229183,0.61899453
338946682,-0.079800956,-0.42924377,0.6632288
338959451,-0.15056677,-0.49507296,0.6662363
338972344,-0.15207194,-0.43495956,0.6372241
338985019,-0.16382904,-0.43015987,0.6475475
338997582,-0.106616735,-0.48182872,0.71686256
339010216,-0.1385046,-0.48480365,0.6303115
339022822,-0.07865271,-0.49780488,0.60015124
339035477,-0.07309982,-0.42248932,0.69998485
339048304,-0.02851462,-0.52787817,0.66402113
339061159,-0.20746997,-0.5163303,0.681931
339073860,-0.10710418,-0.32682887,0.6911979
339086411,-0.16511345,-0.354999,0.58891207
339111612,-0.10949773,-0.47069946,0.65907717
339124461,-0.052883226,-0.38453832,0.70089567
339137196,-0.12888077,-0.3845422,0.6214951
339162481,-0.24730799,-0.42470717,0.5968741
339175028,-0.09705315,-0.42094168,0.624343
339187779,-0.17034361,-0.50213206,0.7282751
339226011,-0.048536964,-0.3575254,0.69118685
339238661,-0.08719189,-0.44901952,0.6177935
339251408,-0.11324417,-0.37030917,0.5962557
339263972,-0.1235631,-0.40115783,0.6190256
339276524,-0.17349684,-0.4232954,0.6267664
339289165,-0.08685571,-0.5372446,0.7116271
339302154,-0.26880664,-0.49978715,0.6702722
339314989,-0.1364198,-0.40317518,0.63286895
339327552,-0.101802334,-0.3476824,0.67896086
339340107,-0.1159349,-0.3900202,0.74440366
339377989,-0.2052723,-0.5287641,0.65282893
339390993,-0.17876065,-0.4567496,0.65800196
339403544,-0.13713285,-0.34720767,0.7149003
339416115,-0.057415254,-0.33523372,0.73728883
339428711,-0.04201561,-0.322348,0.6431741
339441397,-0.14675288,-0.32966194,0.65682524
339454076,-0.16115247,-0.53875625,0.76686776
339467044,-0.105133526,-0.4586024,0.62567306
339479670,-0.11596232,-0.40692782,0.6357553
339492274,-0.10084423,-0.36049214,0.63183945
339504833,-0.15888241,-0.22795153,0.6318332
339517474,-0.10933857,-0.22485091,0.690098
339530212,-0.15252425,-0.32960242,0.64189637
339543124,-0.1531309,-0.20574045,0.71499723
339555787,-0.120973006,-0.36641565,0.7234129
339568486,-0.16997607,-0.6416705,0.61976695
339581040,-0.19424799,-0.519281,0.6263364
339593628,-0.0998334,-0.35387442,0.6690529
339606413,-0.12407021,-0.5812984,0.6393942
339619226,-0.0916718,-0.5999598,0.7496687
339631897,-0.057459105,-0.42852712,0.641114
339644509,-0.12834865,-0.5225617,0.6656
339657107,-0.15031356,-0.5439966,0.62279725
339669676,-0.1441497,-0.4691355,0.5604061
339682374,-0.08071019,-0.47566852,0.61748976
339695053,-0.06305985,-0.39191318,0.6784369
339708217,-0.051773284,-0.19396837,0.75198007
339720772,-0.045183253,-0.5047132,0.6649216
339733361,-0.0897803,-0.49135706,0.65750027
339745911,-0.1651031,-0.37686816,0.6989926
339758588,-0.13817863,-0.32463208,0.73609453
339771217,-0.026320957,-0.3446935,0.6130623
339784247,-0.118995145,-0.39134657,0.7571364
339796798,-0.14164609,-0.35987532,0.7719066
339809498,-0.1606507,-0.51396984,0.6803784
339834625,-0.095193565,-0.29969043,0.7567519
339847429,-0.15761675,-0.41327924,0.7253263
339860267,-0.110641055,-0.3730622,0.7328373
339898375,-0.16202092,-0.33280048,0.61784977
339910921,-0.15277599,-0.49475077,0.59645444
339923538,-0.0692865,-0.41339183,0.67952716
339936098,-0.12725513,-0.4780937,0.6847789
339949223,-0.10333873,-0.64249486,0.6747601
339961789,-0.14113033,-0.48933646,0.69533825
339974372,-0.08261258,-0.36660662,0.68838215
339986920,-0.14740184,-0.51087475,0.7112882
339999614,-0.15547948,-0.43011004,0.65691227
340012209,-0.11902385,-0.38892168,0.7151658
340024833,-0.068742275,-0.4469616,0.6893295
340037768,-0.17625737,-0.41634747,0.7252955
340063186,-0.09163503,-0.45344803,0.7022033
340075756,-0.10621015,-0.49488708,0.6494565
340088357,0.0065597845,-0.48181912,0.61629003
340101125,-0.10621941,-0.41850924,0.58366203
340113918,-0.10535751,-0.3437025,0.6666596
340126617,-0.15148853,-0.28773946,0.72140205
340139175,-0.20774668,-0.54645944,0.6829641
340151771,-0.2590807,-0.46486363,0.6528928
340164547,0.020188274,-0.44347987,0.71519524
340177100,0.001056725,-0.3961013,0.67869896
340189857,-0.16664287,-0.37168697,0.6506956
340202746,-0.22228812,-0.36274114,0.70505327
340215583,-0.18091178,-0.45316562,0.6499152
340228144,-0.16122389,-0.39038196,0.7284817
340240690,-0.20423107,-0.5224787,0.65420616
340253238,-0.17152289,-0.3984582,0.62753034
340265827,-0.13742639,-0.43413037,0.66186917
340278802,-0.18173547,-0.25795424,0.7079446
340291494,-0.11517952,-0.57864356,0.6921072
340304042,-0.08143337,-0.5151029,0.6781816
340316722,-0.109679565,-0.32227525,0.62995505
340329270,-0.14877094,-0.3749279,0.67085576
340341938,-0.086713,-0.32967418,0.6552681
340354632,-0.11907414,-0.4065775,0.752672
340367589,-0.12900776,-0.44437587,0.6765348
340380412,-0.13002115,-0.24335822,0.6728186
340392959,-0.21016602,-0.45270908,0.70847905
340405512,-0.19058505,-0.44930828,0.6406885
340418253,-0.33009613,-0.49235365,0.6768444
340431064,-0.16541466,-0.391556,0.7695212
340443823,-0.22601052,-0.4075943,0.6402167
340456397,-0.10628758,-0.44365165,0.73361874
340468946,-0.15248474,-0.42383146,0.6829626
340481631,-0.21340318,-0.55906755,0.64730084
340494179,-0.13948862,-0.37119442,0.69070107
340506936,-0.10979369,-0.52599174,0.6506301
340519962,-0.039606817,-0.37862504,0.6851132
340532561,-0.2200474,-0.5899634,0.58357805
340545202,-0.12508425,-0.38839224,0.657924
340557771,-0.099720076,-0.56379265,0.7039246
340570363,-0.12855095,-0.47443846,0.7158621
340583104,-0.061458156,-0.40605113,0.72153825
340595885,-0.19962998,-0.4016293,0.63420534
340608705,-0.061917365,-0.33307728,0.6713157
340621481,0.018018147,-0.5088065,0.70870286
340634026,-0.21688563,-0.37774038,0.6399899
340646576,-0.16140446,-0.43275183,0.7103512
340671742,-0.0985614,-0.510146,0.7176354
340684672,-0.26801166,-0.43369925,0.71450555
340697566,-0.16744813,-0.4286227,0.6738941
340710119,0.030758558,-0.50571984,0.6602376
340722670,-0.13109346,-0.5549628,0.68514687
340735224,-0.22957906,-0.54232407,0.6734161
340747874,-0.0072889295,-0.36298913,0.7133856
340760636,-0.17821287,-0.46301672,0.71188724
340773493,-0.025579099,-0.3728525,0.6950393
340786249,-0.09686967,-0.44133425,0.69770515
340798799,-0.088656954,-0.3517152,0.70746034
340811424,0.019857913,-0.31443995,0.6097786
340823974,-0.12627307,-0.45723203,0.6467421
340836719,-0.20589083,-0.2651052,0.72692555
340849718,-0.17248319,-0.25743547,0.67483586
340862322,-0.16926444,-0.428439,0.6820881
340900044,-0.11887114,-0.51090443,0.68016046
340912733,-0.23722388,-0.46097806,0.64928627
340925556,-0.1792836,-0.37091175,0.613129
340938402,-0.12769142,-0.47456715,0.58825326
340951316,-0.227201,-0.28721467,0.6624563
340963868,-0.10718148,-0.33526394,0.653306
340976426,-0.14298333,-0.5198095,0.7620872
340988998,-0.24717066,-0.4352332,0.66301495
341001550,-0.13467969,-0.4050784,0.6421655
341014670,-0.15473148,-0.52156967,0.6163302
341027220,-0.09966822,-0.47877255,0.6108121
341039782,-0.100292996,-0.3904384,0.7187187
341052360,-0.11254767,-0.41927528,0.72642004
341065068,-0.0034188111,-0.5100117,0.66597223
341077638,-0.032174736,-0.38196722,0.7381907
341115876,-0.08448048,-0.4110832,0.66762066
341128437,-0.0011947916,-0.33608878,0.65684605
341141041,-0.10541677,-0.4965821,0.7492983
341153742,-0.10012571,-0.4475545,0.68249035
341166396,-0.13528185,-0.39342612,0.6816053
341179574,-0.09699954,-0.41813663,0.7307949
341192127,-0.19283342,-0.50549114,0.5963845
341204677,-0.11143033,-0.30249014,0.6770296
341217300,-0.09384822,-0.5150676,0.6327547
341229853,-0.0702975,-0.47238645,0.6312322
341242517,-0.15962587,-0.43861842,0.6831319
341255239,-0.06289312,-0.40310985,0.69772947
341268154,-0.05057515,-0.35925436,0.7069058
341281059,-0.15955819,-0.2532971,0.7440222
341293607,-0.087034635,-0.5107155,0.6378823
341306156,-0.1435488,-0.4670565,0.6874974
341318703,-0.037542142,-0.5009944,0.6560768
341331341,-0.19781747,-0.17899027,0.68180394
341344272,-0.094218194,-0.4203908,0.67489725
341356996,-0.16873926,-0.2937676,0.63801384
341369622,-0.1014729,-0.4224107,0.66240937
341382205,-0.05064671,-0.46624827,0.73510253
341394752,-0.14691228,-0.40574315,0.5703464
341407427,-0.22889192,-0.47861826,0.6379422
341420146,-0.032706544,-0.46688876,0.6940619
341433082,-0.107742175,-0.21859695,0.6337907
341470978,-0.130858,-0.34542146,0.6321
341483655,-0.05702973,-0.4841478,0.64946026
341496440,-0.11593807,-0.2617269,0.73357356
341509300,-0.06034243,-0.42130318,0.58352447
341521866,-0.13715576,-0.47251981,0.76120293
341534412,-0.17165817,-0.5249551,0.661076
341547043,-0.11887771,-0.48327804,0.680711
341572418,-0.09057352,-0.48230818,0.60202366
341585239,-0.21803983,-0.3262166,0.64809024
341597933,-0.18553726,-0.43186086,0.6941502
341610573,-0.07877773,-0.4313606,0.6328334
341623122,-0.11078729,-0.4214661,0.65634936
341635711,-0.07670161,-0.3575208,0.6139297
341648414,-0.09635709,-0.4488009,0.71016383
341686712,-0.07079948,-0.5006604,0.7177403
341699256,-0.122858524,-0.50023144,0.61537147
341711932,-0.07382758,-0.3449499,0.694489
341724635,-0.2197895,-0.6016801,0.66178954
341737203,-0.13157214,-0.35031998,0.60327226
341750322,-0.15275939,-0.36570916,0.5950608
341762869,-0.13842732,-0.39883912,0.6349196
341800624,-0.049419407,-0.3387106,0.6875787
341813309,-0.09091127,-0.44789588,0.69693744
341826076,-0.01658419,-0.45827663,0.66134125
341838912,-0.05026111,-0.4990282,0.6583621
341851699,0.021951348,-0.46647936,0.66708916
341864252,-0.0036319867,-0.31794554,0.6061959
341876812,0.0093896445,-0.33766732,0.6228904
341915120,-0.12945218,-0.497051,0.7914961
341927713,-0.17245466,-0.525472,0.69463503
341940285,-0.26827282,-0.6258893,0.7253268
341952838,-0.11478687,-0.59181565,0.68134385
341990872,-0.10067561,-0.53286695,0.6953553
342003838,-0.023687905,-0.43505383,0.7249415
342016627,-0.041642345,-0.47821262,0.61185026
342029200,-0.028117029,-0.4687448,0.608464
342041747,-0.07620257,-0.396312,0.6386194
342054330,-0.17418861,-0.39715308,0.6626306
342066974,-0.09790314,-0.4612552,0.65129757
342079887,-0.14336856,-0.61900675,0.6058015
342092866,-0.11159645,-0.4359676,0.58002067
342105429,-0.15188806,-0.3327397,0.57741153
342117976,-0.081943564,-0.3472771,0.5989523
342130526,-0.1162736,-0.31554538,0.5842118
342143076,-0.24690662,-0.4212422,0.6963337
342155769,-0.10890724,-0.33243078,0.68718565
342168722,-0.117571324,-0.35218894,0.67093027
342193911,-0.053550176,-0.4725473,0.6015381
342206495,-0.11298431,-0.4816388,0.674304
342219316,-0.033660494,-0.52614856,0.67426497
342244849,-0.13952184,-0.32641536,0.6380132
342257512,-0.16880527,-0.45902053,0.6768387
342270133,-0.15212198,-0.49594423,0.68580246
342282682,-0.22764334,-0.28954563,0.6441072
342295431,-0.12541504,-0.49504972,0.6967801
342307991,-0.062184617,-0.42122838,0.7270307
342320966,-0.12263427,-0.4656337,0.56326586
342333585,-0.13188165,-0.41308084,0.6847236
342346368,-0.07158573,-0.35485223,0.6172979
342358947,-0.10132571,-0.4810128,0.66115314
342371497,-0.12625656,-0.39459834,0.64535624
342384044,-0.074452244,-0.28627107,0.6581526
342396741,-0.049603444,-0.35269812,0.68083364
342409714,-0.054730263,-0.30065265,0.6561923
342422389,-0.14518468,-0.38599682,0.63616854
342434933,-0.08895401,-0.42859137,0.65472484
342447685,-0.14381711,-0.28782073,0.6545372
342460255,-0.16693147,-0.35130662,0.5750596
342472875,-0.21346144,-0.36288664,0.65218824
342485963,-0.2745605,-0.5663628,0.6649677
342498697,-0.11136229,-0.39107165,0.7046045
342511249,-0.14458425,-0.42250165,0.61906475
342523798,-0.20683962,-0.5127684,0.6179347
342536390,-0.13452521,-0.46222892,0.65139085
342561902,-0.12882827,-0.48611146,0.6725659
342574590,-0.07274245,-0.37545532,0.62561154
342587294,-0.014055618,-0.48977387,0.6155627
342599841,-0.099910446,-0.47681043,0.74208975
342612402,-0.109896675,-0.55325025,0.69255793
342625121,-0.121952154,-0.46359134,0.6835404
342637834,-0.08225166,-0.4375823,0.66918844
342650701,-0.22415282,-0.45272037,0.7062146
342663371,-0.0052561094,-0.38451612,0.6537367
342675934,-0.038460054,-0.48535225,0.63325477
342688486,-0.15735702,-0.50788605,0.67024523
342701178,-0.1324719,-0.45815584,0.7342589
342713832,-0.14712833,-0.37272123,0.66614324
342726645,-0.14414813,-0.47591385,0.726698
342739450,-0.14600141,-0.34479037,0.6714258
342752187,-0.09499031,-0.3852431,0.6731255
342764742,-0.12942247,-0.4001623,0.7002425
342777434,-0.10796204,-0.28663945,0.64114714
342790041,-0.0965375,-0.3515791,0.7585885
342802654,-0.20283823,-0.33982918,0.65935844
342815585,-0.077016,-0.63678336,0.75126535
342828322,-0.15965481,-0.4027506,0.6855608
342840871,-0.06750714,-0.45491427,0.66333866
342866032,-0.09972213,-0.4726297,0.6375261
342878746,-0.16269255,-0.4800813,0.65202534
342891639,-0.017819302,-0.31150833,0.6096635
342904381,-0.0590734,-0.41356653,0.6212594
342980645,-0.20261137,-0.30537277,0.68469965
342993214,-0.09235419,-0.37878188,0.6294167
343005771,-0.064157054,-0.43928987,0.7150417
343018322,-0.10678204,-0.31828493,0.69744927
343031081,-0.14463016,-0.41931236,0.66729784
343043628,-0.1372369,-0.33974585,0.6237768
343056615,-0.068616755,-0.29997152,0.6011292
343069286,-0.097857155,-0.44582966,0.61415285
343082064,-0.06208477,-0.40205973,0.60770035
343094656,-0.11160085,-0.38073927,0.6802458
343107206,-0.092838034,-0.48598796,0.670022
343119756,-0.06324926,-0.3898744,0.69433236
343132441,-0.17543478,-0.45574233,0.61188316
343170824,-0.24265584,-0.40596497,0.6835402
343183371,-0.072991446,-0.33891058,0.7019838
343195922,-0.12087044,-0.11789021,0.6815179
343208513,-0.18213385,-0.27846116,0.6304293
343221724,-0.03453797,-0.2473845,0.70352286
343234269,-0.12210035,-0.5081081,0.62940866
343246867,-0.057252917,-0.43699163,0.7014755
343271966,-0.17917348,-0.35308436,0.6593622
343284619,-0.034596797,-0.23559931,0.74174464
343297316,-0.11518945,-0.40373057,0.73731863
343322960,-0.14356095,-0.4508871,0.63304067
343335522,-0.12464235,-0.37388396,0.7095984
343348070,-0.12443513,-0.52060527,0.692209
343360737,-0.046898425,-0.5514513,0.6646282
343373415,-0.11923355,-0.38306674,0.688384
343386353,-0.08651536,-0.4392814,0.71634865
343399009,-0.22637749,-0.41827032,0.6266337
343424199,-0.15947397,-0.44562244,0.6260047
343436974,-0.24240293,-0.37462917,0.6734097
343449570,-0.13305023,-0.4758509,0.6607473
343462668,-0.1259606,-0.41490224,0.70927894
343475215,-0.17668378,-0.33896366,0.6390365
343488001,-0.22003563,-0.3991758,0.6491585
343500553,-0.07782566,-0.48612124,0.61950344
343525710,-0.09597262,-0.35398602,0.62242216
343538435,-0.11975319,-0.37784857,0.6210434
343551313,-0.087195754,-0.42221192,0.6735921
343563900,-0.102767445,-0.27922407,0.74885935
343576460,-0.060638852,-0.6070999,0.6416875
343589045,-0.094027296,-0.5292968,0.6588776
343601712,-0.006254692,-0.35327238,0.7042549
343614522,-0.11248329,-0.46621957,0.61006737
343627391,-0.10629487,-0.4540911,0.63437605
343640097,-0.098536834,-0.48053968,0.59352773
343652642,-0.12889351,-0.64185786,0.6891372
343665189,-0.10720911,-0.36361215,0.62234
343677915,-0.10976308,-0.5079683,0.60368127
343690696,-0.05989729,-0.46895924,0.64602274
343703473,-0.052709024,-0.37295702,0.59751576
343716305,-0.10368001,-0.39123708,0.57025903
343728859,-0.06690607,-0.44651648,0.6683704
343741406,-0.2254951,-0.54381275,0.7079126
343753970,-0.15902235,-0.43729728,0.7212431
343766599,-0.1973663,-0.34736696,0.71051216
343779452,-0.13605236,-0.43524987,0.6353187
343792452,-0.042266563,-0.43579787,0.66423583
343804998,-0.12011663,-0.38916466,0.6959236
343817715,-0.014521466,-0.29865062,0.6657513
343830301,-0.038319983,-0.46349317,0.7546399
343842852,-0.067017645,-0.25704765,0.6444478
343855402,-0.09503398,-0.38175565,0.6989798
343868070,-0.08547066,-0.42873237,0.7063395
343881235,-0.06391791,-0.28272536,0.6949715
343893785,-0.11818931,-0.4471366,0.6562245
343944456,-0.24422808,-0.40459564,0.6268719
343957404,-0.012930229,-0.348479,0.68754154
343969955,-0.14298144,-0.42597684,0.5955017
343982504,-0.10277298,-0.45514628,0.6716607
344032934,-0.17378713,-0.46808735,0.65112936
344046055,-0.22830352,-0.40771312,0.6440361
344058692,-0.12768386,-0.30004102,0.6652846
344071243,-0.11211966,-0.4275597,0.6128357
344083794,-0.1180059,-0.39304897,0.67411697
344096448,-0.18778527,-0.44704726,0.67200273
344109170,-0.06266434,-0.47089687,0.7007193
344122046,-0.18411459,-0.4667248,0.69680226
344134671,-0.13693604,-0.34847242,0.68728757
344147477,-0.042119693,-0.45384124,0.6297199
344160049,-0.2108351,-0.42197245,0.6647751
344172598,-0.128747,-0.5458998,0.7101257
344185146,-0.0023521227,-0.42690656,0.70959276
344197837,-0.14243887,-0.5393081,0.71639544
344211009,-0.22780216,-0.52289844,0.6796263
344223562,-0.13700116,-0.441956,0.6594688
344236155,-0.004636106,-0.38599268,0.6904646
344248701,-0.13841802,-0.32243127,0.75618446
344261289,-0.072000355,-0.454556,0.6520946
344274065,-0.07615175,-0.536765,0.7231155
344299668,-0.1668561,-0.40094805,0.6574938
344312399,-0.016662218,-0.52096236,0.67898494
344324979,-0.107874475,-0.35631645,0.7336542
344337526,-0.05396516,-0.47574836,0.6807447
344350180,-0.1477615,-0.44906658,0.6083309
344362999,-0.112416245,-0.40775448,0.63772506
344375678,-0.09709287,-0.5208147,0.62767714
344400828,-0.010700801,-0.48728538,0.6113936
344413588,-0.1628458,-0.526789,0.7092668
344426164,-0.12816864,-0.49396324,0.6393999
344438819,-0.14403297,-0.45175034,0.70594037
344451967,-0.06852273,-0.48823652,0.6154299
344464517,-0.109681815,-0.44022202,0.6190516
344477063,-0.036277793,-0.48620015,0.6831095
344502335,-0.11543454,-0.49288785,0.7356977
344514924,-0.12073325,-0.30230796,0.6589111
344527870,-0.10566184,-0.477497,0.6922007
344540594,-0.012314972,-0.22753997,0.5804316
344565745,-0.11557027,-0.48796305,0.6916145
344578480,-0.10594917,-0.36772996,0.66083795
344591207,-0.054083258,-0.4449017,0.5797051
344604035,-0.005965417,-0.3895368,0.6799785
344616911,-0.06651392,-0.48984256,0.6021761
344629499,-0.06612824,-0.38809404,0.7140434
344642047,-0.18488,-0.47460967,0.6833743
344654596,-0.20010303,-0.49799848,0.71828306
344667149,-0.18337525,-0.64792675,0.6236618
344679947,-0.041128986,-0.40603802,0.6464322
344692783,-0.087182105,-0.4692338,0.67244685
344705453,0.000451385,-0.41073495,0.6296456
344718188,-0.1058433,-0.5466133,0.7074304
344730739,-0.19742566,-0.43074852,0.6933032
344743308,-0.113986604,-0.4977076,0.6696583
344756047,-0.17173487,-0.46110287,0.60094243
344806837,-0.06854527,-0.23275933,0.6727947
344819384,-0.012763932,-0.44432002,0.7401562
344832042,-0.13251576,-0.4690771,0.649179
344844700,-0.09522462,-0.36279452,0.59293354
344857640,-0.07109408,-0.3092752,0.6869871
344870342,-0.14316306,-0.4734692,0.6884106
344883102,0.04158957,-0.65649015,0.7720151
344895649,-0.08015243,-0.39097798,0.67053604
344908305,-0.027555695,-0.43033388,0.61683017
344920851,-0.10426101,-0.4653153,0.6744949
344984378,-0.04268811,-0.55066514,0.65523374
344996923,-0.025912875,-0.41447446,0.5566257
345009726,-0.115612246,-0.504306,0.5841867
345022637,-0.17110462,-0.49096546,0.70338124
345035208,-0.07290181,-0.4527135,0.68336695
345047860,-0.10280259,-0.5340367,0.60757583
345060429,-0.042953618,-0.46484366,0.55547005
345073010,-0.083847836,-0.30001846,0.67000246
345085701,-0.069225736,-0.4832955,0.72990316
345098374,-0.065722376,-0.52276736,0.67998344
345111380,-0.06461627,-0.45339134,0.60934496
345123934,-0.1701701,-0.41906035,0.6360488
345149122,-0.1631659,-0.34334448,0.6806539
345161815,-0.08649964,-0.490868,0.6706484
345174483,-0.122138456,-0.43534517,0.6437016
345187444,-0.14337891,-0.41973984,0.7952846
345200104,-0.16828799,-0.43384403,0.76656777
345212696,-0.2192537,-0.43275428,0.7610595
345225249,-0.20361578,-0.51496464,0.7024238
345237901,-0.1254487,-0.3422281,0.65522367
345250771,-0.06655397,-0.20452136,0.60553503
345263518,-0.09247781,-0.47018653,0.6508857
345276186,-0.062281493,-0.49691924,0.6353059
345288937,-0.099395655,-0.31377307,0.6545069
345301486,-0.14639272,-0.44693542,0.6155035
345314036,-0.12568666,-0.5130235,0.6751956
345326690,-0.21015707,-0.38498923,0.641158
345339367,-0.14199637,-0.5244406,0.67925847
345352534,-0.18179564,-0.3869561,0.69080627
345390300,-0.15152656,-0.3505224,0.6691182
345402853,-0.029956503,-0.47480854,0.596412
345415636,-0.16184607,-0.46824744,0.72522205
345428553,-0.12513375,-0.5524957,0.5733188
345441237,-0.21209563,-0.32733083,0.6485168
345453930,-0.15982504,-0.36372963,0.67765665
345466475,-0.09944591,-0.30029747,0.6698181
345479049,-0.054416973,-0.39757627,0.663186
345491730,0.035684027,-0.48648265,0.65739566
345504548,-0.10667397,-0.40903643,0.63290536
345517539,-0.051012494,-0.53029776,0.6548502
345530149,-0.07127942,-0.44806558,0.6137823
345542702,-0.102890186,-0.36857542,0.6593056
345555249,-0.2508866,-0.48953655,0.6309209
345567796,-0.024099626,-0.40794075,0.6041637
345580358,-0.08754926,-0.46797135,0.6477858
345593314,-0.11669399,-0.3406274,0.64168334
345606001,-0.11301648,-0.37495625,0.58824164
345618730,-0.07045695,-0.47323123,0.6557099
345631331,-0.06337978,-0.3962928,0.69419056
345643878,-0.10332243,-0.40760276,0.6401052
345656467,-0.08121273,-0.3241898,0.6374723
345669148,-0.035139017,-0.3190601,0.5542541
345682140,-0.09264859,-0.3398047,0.6652167
345694729,-0.04942758,-0.44754553,0.55512494
345707275,-0.18141936,-0.29211736,0.58156127
345719871,-0.21799423,-0.41500676,0.610982
345732574,-0.016023032,-0.10422788,0.60314983
345745237,-0.05148219,-0.54772264,0.527843
345758167,-0.053904187,-0.3702234,0.5092019
345796138,-0.26229927,-0.3193501,0.5235774
345808688,0.038416777,-0.5275396,0.649957
345821410,-0.067058675,-0.43406993,0.57022667
345834275,-0.08661666,-0.10880965,0.6582762
345847018,-0.2073801,-0.32661194,0.41920304
345859574,0.03019503,-0.4235891,0.4190594
345872124,-0.14223503,-0.37108648,0.47738534
345884906,-0.10239969,-0.53706867,0.5626677
345897469,0.03203409,-0.26729086,0.53100014
345910129,-0.16048658,-0.41485006,0.58893967
345923085,-0.15826595,-0.54265225,0.6910505
345935754,-0.20364167,-0.17589729,0.66021484
345948492,0.01618878,-0.37534097,0.5182812
345961060,-0.08368152,-0.37911674,0.56728536
345973621,0.035779003,-0.5241423,1.6701667
346049829,-0.18571994,-0.36640608,0.6207202
346062378,-0.20056821,-0.39538503,0.6019934
346075072,-0.16922896,-0.41896755,0.6014448
346087969,-0.14222938,-0.43632185,0.5656718
346100728,-0.09955026,-0.39537722,0.578722
346113279,-0.15650661,-0.34938434,0.46573505
346125885,-0.07308293,-0.41284987,0.59871143
346164062,-0.083554514,-0.5947606,0.5233434
346176754,-0.10571395,-0.5440795,0.53014916
346189500,-0.02831849,-0.53767294,0.6586567
346202054,-0.13925827,-0.4434057,0.5715144
346214644,-0.14411962,-0.6512739,0.7021181
346227235,-0.24030815,-0.25039414,0.68622726
346239886,-0.06883802,-0.57008725,0.5975104
346253031,-0.16224708,-0.5093615,0.6812087
346265579,-0.1552448,-0.41668385,0.71488357
346278160,-0.104700856,-0.54657245,0.7668832
346290710,-0.1281725,-0.5832111,0.82833797
346303452,-0.12289255,-0.52548915,0.7957482
346316128,-0.10178178,-0.36260003,0.73271173
346329189,-0.2258439,-0.31160632,0.7704687
346341737,-0.14638309,-0.41800153,0.703458
346354367,-0.16845796,-0.44078243,0.7475475
346366912,-0.15342674,-0.5692758,0.69544715
346379451,-0.024833737,-0.3554516,0.6879617
346392344,-0.14636666,-0.42370892,0.679888
346405063,-0.1970697,-0.5598591,0.70781326
346417901,-0.105586275,-0.40566212,0.66366875
346430607,-0.17220984,-0.3778388,0.67408854
346443156,-0.11775374,-0.49889395,0.7084303
346455721,-0.15031584,-0.45998958,0.67846274
346468294,-0.11324362,-0.48269743,0.6849707
346480921,-0.20892924,-0.4744138,0.61578035
346493834,-0.17137428,-0.61961246,0.5706815
346506543,-0.008565669,-0.42375714,0.69848794
346519091,-0.17982024,-0.45288247,0.70254797
346531632,-0.028569251,-0.5481828,0.70189124
346544361,0.039160866,-0.31976318,0.63188994
346556995,-0.15109538,-0.56726015,0.57745945
346569685,-0.12539326,-0.4694088,0.63947564
346582937,-0.12993805,-0.31867224,0.5992753
346595492,-0.03966562,-0.4640801,0.7233339
346608047,0.007316352,-0.5821718,0.60827285
346620611,-0.13326615,-0.5345874,0.6344879
346633158,0.024739873,-0.5798289,0.65497047
346645876,-0.08137543,-0.43245727,0.5845576
346658961,0.0070182234,-0.44956055,0.6998615
346671625,-0.13345686,-0.450834,0.69487286
346684206,-0.054882217,-0.35140625,0.6356598
346709313,-0.100740604,-0.41158104,0.6786182
346721978,-0.07632719,-0.25373414,0.71564627
346734822,-0.015895575,-0.26420763,0.71449965
346760109,-0.13738029,-0.33451912,0.63580966
346772663,-0.107976645,-0.43236375,0.6534695
346785448,-0.059443645,-0.41395798,0.72999614
346797999,-0.09235365,-0.26790988,0.67374915
346810849,-0.10897526,-0.3260818,0.64851505
346823588,-0.045791827,-0.7581117,0.68271136
346836278,-0.067934655,-0.43293715,0.6770262
346848943,-0.12489882,-0.59754556,0.6534576
346861494,-0.13690095,-0.31498456,0.5844875
346874096,-0.09582614,-0.7979227,0.77655834
346886757,-0.052901268,-0.5338286,0.72460055
346899709,-0.08420059,-0.32451326,0.7328911
346912446,-0.1436509,-0.34459755,0.62949556
346924995,-0.000297527,-0.22699802,0.75906473
346937548,0.03728308,-0.37938312,0.7007185
346950180,-0.08617749,-0.47983295,0.69908875
346962857,0.055567846,-0.56894034,0.7084249
346975537,-0.08306589,-0.60442984,0.6709508
346988515,-0.0945791,-0.33426794,0.68299574
347001209,0.0023859544,-0.19773905,0.85561574
347051687,-0.1475013,-0.11708518,0.67525226
347064690,-0.015109994,-0.649059,0.6485746
347077274,-0.038835026,-0.4107027,0.6092476
347089829,0.017879274,-0.3286934,0.7869261
347102408,0.0033101009,-0.5828523,0.7669669
347115240,-0.05397607,-0.5462173,0.7038506
347127788,-0.022232635,-0.62405425,0.7581432
347140685,-0.070373505,-0.4467622,0.7263712
347166094,-0.10168688,-0.39644453,0.6914623
347178645,-0.13042751,-0.40698257,0.7291128
347191357,-0.10961162,-0.38839597,0.73520476
347203911,-0.059088785,-0.6167301,0.6669321
347216664,-0.17557147,-0.41926843,0.70101917
347242186,-0.071523726,-0.21253787,0.6453783
347254849,-0.084985584,-0.08710615,0.6989124
347267400,0.014062439,-0.68545467,0.8076814
347292650,-0.13475195,-0.24056113,0.7258929
347305596,-0.019781778,-0.29505572,0.685599
347318310,-0.034009326,-0.498666,0.6480645
347330900,-0.08399169,-0.45323882,0.7930257
347343456,-0.14811578,-0.454746,0.6158746
347356034,0.008841397,-0.3274546,0.67999566
347368778,-0.08684611,-0.40698388,0.67753524
347381449,-0.06316722,-0.33412594,0.6319717
347394374,-0.000568811,-0.48015043,0.7707385
347407036,-0.058236547,-0.48240677,0.73964447
347419592,-0.072830305,-0.3397808,0.72174525
347432148,-0.06364908,-0.20840739,0.73897946
347444855,-0.007816989,-0.3604788,0.79098666
347457564,-0.042413216,-0.36440113,0.70982784
347470713,0.029346853,-0.5288195,0.8009017
347483267,-0.08330418,-0.22528669,0.7131373
347495818,-0.032312818,-0.24400675,0.7608728
347508398,-0.059920922,-0.3106621,0.71457475
347520948,-0.100656204,-0.52843195,0.7935815
347533623,0.006983874,-0.5782555,0.7138401
347546441,-0.0077284547,-0.5052719,0.63932246
347559347,-0.025250576,-0.39223415,0.7229442
347572021,-0.0058604744,-0.2771572,0.6933607
347584637,0.09829027,-0.48663965,0.7067429
347597190,-0.011337194,-0.30055007,0.75355995
347609736,-0.051025532,-0.36921525,0.7225132
347622517,0.005642374,-0.23199652,0.7376594
347635350,0.08165247,-0.030665914,1.3374697
347648196,-0.16192764,-0.7350195,0.8763042
347660765,-0.03317304,-0.3784842,0.4780254
347673363,-0.01897768,-0.22215407,0.5182615
347685910,-0.0059427135,-0.24847855,0.5005519
347698548,0.009073242,-0.24634227,0.56068313
347711198,-0.008584152,-0.27307403,0.54470783
347724335,0.01591967,-0.22394764,0.4964846
347736882,0.014841114,-0.11621554,0.63137877
347749565,0.06336914,-0.37035897,1.1854117
347762171,0.13796052,-0.34083843,1.072158
347774717,0.039419565,-0.44819382,0.87646055
347787432,0.31044126,-0.52280974,0.7543947
347800296,-0.042087805,-0.28113908,0.6270427
347812926,-0.22948328,-0.4689246,0.7541395
347825670,-0.11354268,-0.42311114,0.84320974
347838224,0.0025481714,-0.59691995,1.1082855
347850831,-0.021720272,-0.28849846,0.65966696
347863410,-0.30302274,-0.6065259,0.9788245
347876082,-0.18708378,-0.31109992,0.57984775
347889199,-0.01774261,-0.2953401,0.6587023
347901748,-0.008606564,-0.28039837,0.55768377
347914311,0.006472014,-0.14001274,0.5127032
347926858,-0.011466804,-0.16596,0.56472594
347939513,-0.093936875,-0.21957894,0.52924234
347952396,-0.026306547,-0.2264525,0.5230923
347965063,0.05441793,-0.24158084,0.5386458
347977802,-0.014878441,-0.23206009,0.51818883
347990542,-0.060258534,-0.23901765,0.5210071
348003098,-0.004979093,-0.21594983,0.53063244
348015646,-0.024079781,-0.17223261,0.5137363
348028334,-0.022959882,-0.22116995,0.5196073
348104429,0.03442964,-0.20732786,0.5518594
348117055,-0.08481378,-0.154826,0.506975
348130156,-0.03645056,-0.19043417,0.55337137
348142717,-0.0025065404,-0.15699825,0.54502964
348155268,-0.053973913,-0.28580692,0.5372426
348167815,-0.075520664,-0.30085462,0.59248537
348180636,-0.022648437,-0.2341659,0.5156601
348206113,-0.043138724,-0.2072991,0.5044324
348218797,-0.021452803,-0.23877251,0.5151747
348231553,-0.013598513,-0.22135837,0.5106292
348713583,-0.0023586345,-0.26931292,0.5437128
348726158,-0.011721424,-0.16072015,0.24214864
348738735,-0.019175192,-0.06543126,0.42388606
348751287,-0.0410165,-0.16622536,0.43727988
348764096,-0.09293552,-0.13405128,0.40082443
348776997,-0.026755458,-0.16207275,0.4054351
348789603,-0.054015715,-0.18448125,0.4408945
348802200,-0.06629633,-0.16764553,0.4063925
348827415,-0.053275354,-0.16504505,0.42314175
348840037,-0.03530002,-0.197411,0.4235301
348852743,-0.03449367,-0.15347052,0.4224291
348865651,-0.03423879,-0.15645571,0.41213375
348878412,-0.03563236,-0.16802299,0.4403257
348890961,-0.031403273,-0.1841859,0.41826072
348903506,-0.0485754,-0.15698643,0.4170356
348916118,-0.041432668,-0.12974405,0.45001543
348928834,-0.072080374,-0.20080435,0.41471866
348941790,-0.060119547,-0.17462501,0.431678
348954428,-0.046186913,-0.15736954,0.44958296
348967014,-0.04095399,-0.16583504,0.4320339
348992417,-0.06355096,-0.13939054,0.42008406
349004963,-0.04757991,-0.19707836,0.43334684
349017725,-0.05035851,-0.18906525,0.44463405
349030776,-0.036690313,-0.14719519,0.3959711
349055941,-0.07112128,-0.15870696,0.43408358
349068488,-0.035421867,-0.15087816,0.41156518
349081194,-0.046631742,-0.15027219,0.42034423
349132108,-0.058631305,-0.1761154,0.43992037
349144663,-0.03106045,-0.14744975,0.4005849
349157211,-0.04908426,-0.1867914,0.4264555
349169976,-0.039820954,-0.17222707,0.43680197
349182734,-0.03147627,-0.17289205,0.39110172
349195408,-0.05251164,-0.1665865,0.44780898
349208076,-0.055920426,-0.18583183,0.4232221
349220792,-0.045174833,-0.15563463,0.40902704
349233384,-0.058977526,-0.17069717,0.4356914
349245998,-0.055311855,-0.19276367,0.40543482
349258661,-0.048146088,-0.1485708,0.4253869
349271802,-0.06893436,-0.22146037,0.43916753
349284403,-0.0575476,-0.16171722,0.39335322
349296950,-0.02724523,-0.15172681,0.43544295
349309503,-0.08006872,-0.18222338,0.4194185
349322162,-0.047794268,-0.11652244,0.4180509
349334709,-0.049275927,-0.18754195,0.44254085
349347502,-0.05441006,-0.16959397,0.40741876
349385635,-0.048171,-0.18202245,0.4052873
349398188,-0.042847484,-0.11991606,0.4356103
349410907,-0.042023733,-0.16427475,0.41085932
349423776,-0.06997585,-0.15149203,0.42671588
349449106,-0.052793894,-0.20540246,0.41602218
349461764,-0.05263389,-0.17633675,0.42478356
349474308,-0.039484225,-0.1656228,0.4196379
349486867,-0.05131655,-0.21456116,0.42517978
349512293,-0.061204277,-0.19434369,0.4228553
349525203,-0.04104074,-0.18700175,0.43931445
349563172,-0.025231523,-0.18954869,0.43287334
349575800,-0.0447126,-0.15351191,0.41461542
349588689,-0.0380905,-0.16226737,0.44690865
349601339,-0.043896124,-0.19420041,0.4237601
349614013,-0.054829698,-0.13972786,0.40935087
349626567,-0.03075196,-0.15440571,0.4301709
349639120,-0.038741708,-0.16007914,0.41279888
349664458,-0.04060513,-0.14524548,0.44713676
349677389,-0.026577458,-0.16223295,0.40159202
349690224,-0.044116322,-0.170025,0.43114465
349702792,-0.012286663,-0.19183627,0.4227254
349715362,-0.0390511,-0.19750789,0.40547928
349727912,-0.024771279,-0.16853113,0.4497234
349740578,-0.054742962,-0.16635424,0.4131665
349766195,-0.025456222,-0.17053315,0.4406353
349778831,-0.037834015,-0.19235833,0.4031934
349791378,-0.016439699,-0.19147262,0.43840793
349803990,-0.02399605,-0.15748149,0.4290442
349816632,-0.045541853,-0.16479614,0.41763824
349829357,-0.03133758,-0.13413057,0.41274744
349842274,0.0038054874,-0.17982261,0.42582446
349854947,-0.029626662,-0.16894561,0.42449343
349867515,-0.04474053,-0.14939372,0.4280542
349880201,-0.029432146,-0.1539862,0.4303592
349918357,-0.031516917,-0.18740311,0.41670328
349931098,-0.024579098,-0.14468147,0.42249995
349943764,-0.030939033,-0.18096808,0.4458708
349956342,-0.026810342,-0.14098157,0.41004112
349968893,-0.015209517,-0.17698163,0.43502295
349981705,-0.035659958,-0.17610222,0.44264156
349994634,-0.013617129,-0.13321707,0.40124068
350007175,-0.035993256,-0.19649966,0.43732786
350020019,-0.024680091,-0.16054033,0.43097556
350032571,-0.035178132,-0.14793907,0.4133005
350045145,-0.031208439,-0.19449852,0.44629002
350057692,-0.04789945,-0.18266353,0.41578326
350070328,-0.011138969,-0.16447286,0.42626306
350083047,-0.03456761,-0.1999149,0.45082453
350108674,-0.03341625,-0.16521868,0.44295934
350121235,-0.04899041,-0.20002781,0.42967466
350133791,-0.057441887,-0.19765991,0.4288619
350146545,-0.04979739,-0.15621461,0.4308278
350184937,-0.057774227,-0.13811707,0.42346767
350197486,-0.033112302,-0.18259579,0.42854628
350210055,-0.020292917,-0.17541975,0.44002384
350222618,-0.052829634,-0.1455355,0.41902116
350235248,-0.042289384,-0.19702004,0.4442485
350248170,-0.046362825,-0.15956186,0.4310616
350260991,-0.049394384,-0.1380011,0.41919634
350273538,-0.052761804,-0.20495884,0.44661394
350286104,-0.030286646,-0.17151697,0.41331086
350298677,-0.026075747,-0.15931107,0.4260573
350311349,-0.048980724,-0.2091206,0.45105192
350323982,-0.046040434,-0.16654362,0.40400565
350336970,-0.10423055,-0.324818,0.4167512
350349772,-0.059138536,-0.11551697,0.4492034
350362365,-0.09049944,-0.1939077,0.37390345
350374912,-0.060024004,-0.16944712,0.5124189
350387458,0.018935226,-0.1988632,0.38764647
350400115,-0.09999041,-0.12677515,0.4825178
350413014,-0.07886757,-0.18105274,0.42956614
350425714,-0.063449144,-0.1559989,0.44482452
350438355,-0.0046429234,-0.112244025,0.4358494
350450902,-0.032638125,-0.18912828,0.4331324
350463546,-0.053781267,-0.18367022,0.4101243
350476311,-0.022101805,-0.15917532,0.42540464
350489138,-0.04290842,-0.13282298,0.39634413
350501839,-0.05088822,-0.17383786,0.42251825
350514673,-0.058626797,-0.125514,0.40625715
350527223,-0.06546933,-0.10665427,0.43684274
350539787,-0.044752125,-0.17015576,0.40683755
350552343,-0.07111751,-0.14983958,0.42267245
350577925,-0.06608415,-0.1542885,0.39967993
350590882,-0.03809842,-0.14305066,0.4142883
350603437,-0.052225534,-0.15706924,0.40160826
350616000,-0.05825367,-0.16610155,0.40822828
350628557,-0.048644435,-0.16169874,0.42282927
350641152,-0.05478805,-0.15724541,0.3947606
350654044,-0.043067142,-0.15459506,0.42075965
350666711,-0.050537586,-0.1603441,0.4152821
350692133,-0.044037096,-0.153658,0.41340053
350704687,-0.051044174,-0.15692596,0.40232083
350717237,-0.045711394,-0.16268654,0.4207717
350768278,-0.05391028,-0.16665114,0.40985638
350780848,-0.049742445,-0.16132157,0.415122
350793420,-0.047794614,-0.15446967,0.41808033
350805976,-0.051498745,-0.15436846,0.38499433
350818769,-0.040481687,-0.15401067,0.4256823
350831633,-0.05175071,-0.15341756,0.4061396
350844498,-0.04730956,-0.1559645,0.399563
350857047,-0.041399777,-0.15630586,0.41397065
350869597,-0.054326832,-0.15587956,0.3893393
350882157,-0.046441376,-0.15253063,0.41546366
350894857,-0.05307782,-0.15293697,0.41765946
350907763,-0.04708777,-0.15530737,0.39204478
350945596,-0.04968795,-0.15604472,0.41054887
350958191,-0.047724895,-0.15416245,0.4233241
350970870,-0.049303763,-0.15629806,0.3894014
350983803,-0.04086704,-0.15909791,0.41364238
350996463,-0.053163264,-0.15594757,0.40263999
351009101,-0.054795038,-0.15146258,0.40644246
351021639,-0.0527686,-0.1506653,0.42499343
351072633,-0.047804665,-0.15109669,0.39673376
351085214,-0.041117497,-0.15192933,0.4235657
351097819,-0.05098873,-0.15186886,0.4087627
351123070,-0.052387785,-0.15378717,0.41522476
351135721,-0.052629173,-0.15489356,0.3911024
351148629,-0.041910823,-0.15513803,0.4235735
351161365,-0.054540012,-0.1520761,0.39613435
351237490,-0.05368741,-0.16647276,0.3911521
351250373,-0.052750375,-0.16111688,0.4012741
351262928,-0.047444217,-0.15975028,0.42195895
351313691,-0.05151574,-0.15731065,0.40861088
351326275,-0.05351528,-0.15855865,0.40999234
351338819,-0.047505587,-0.15978226,0.41601446
351364122,-0.047361024,-0.16160151,0.41497707
351376743,-0.05717065,-0.15788184,0.40609905
351389531,-0.05546364,-0.15835491,0.39598233
351402356,-0.04349622,-0.1593835,0.41238886
351415079,-0.055059753,-0.15676388,0.40646785
351427645,-0.047119804,-0.1653579,0.4169232
351440221,-0.049521837,-0.16172038,0.41879803
351452850,-0.055685487,-0.15984905,0.40350503
351465505,-0.044569608,-0.16252542,0.4248053
351478551,-0.0575506,-0.15872644,0.4047005
351491158,-0.050774325,-0.16892652,0.40186417
351503721,-0.043499693,-0.16378663,0.4237759
351516414,-0.052018374,-0.15724258,0.39531806
351528963,-0.044875875,-0.16848542,0.4061278
351554325,-0.054382306,-0.15900357,0.40508938
351567239,-0.040047944,-0.15877093,0.42256632
351579997,-0.05181474,-0.16251667,0.4004187
351592545,-0.04981125,-0.16475818,0.39870644
351605105,-0.054055452,-0.15681966,0.42203924
351617863,-0.056359388,-0.15222971,0.39349112
351630686,-0.041528385,-0.16537578,0.41366827
351643345,-0.051308066,-0.16453965,0.41337246
351656286,-0.052854657,-0.16330199,0.41002572
351668849,-0.045543417,-0.15670368,0.41776952
351681413,-0.047902193,-0.16269192,0.39382306
351693967,-0.04233186,-0.164534,0.4145283
