Time (s),ESC signal (µs),Servo 1 (µs),Servo 2 (µs),Servo 3 (µs),AccX (g),AccY (g),AccZ (g),Torque (N·m),Thrust (kgf),Voltage (V),Current (A),Motor Electrical Speed (rad/s),Motor Optical Speed (rad/s),Electrical Power (W),Mechanical Power (W),Motor Efficiency (%),Propeller Mech. Efficiency (kgf/W),Overall Efficiency (kgf/W),Vibration (g),App message,
0.22732674999977465,1000,,,,-0.05947265625,0.036328125,-0.96787109375,-0.00012460295649862246,-0.005161547069806964,16.737548046003127,0.05516636759982364,0,0,0.9233272215600884,0,0,0,0,0.0611328125,,
0.23888449999997396,1000,,,,-0.05673828125,0.03759765625,-0.97412109375,-0.00011823932233265176,-0.0032610280442425567,16.73456830975521,0.11161932560805396,0,0,1.8678832214874237,0,0,0,0,0.094140625,,
0.7634994999999647,1000,,,,-0.05751953125,0.0337890625,-0.97490234375,-0.00012601243473596305,-0.002173481882860785,16.732194278429045,0.15691418061505386,0,0,2.6254892374607195,0,0,0,0,0.13447265625,,
1.2673764999999668,1000,,,,-0.0625,0.041015625,-0.9650390625,-0.00004882390758830988,-0.002024030898562202,16.73540843186715,0.07932895041943361,0,0,1.3275596258923508,0,0,0,0,0.13173828125,,
1.7629022500000893,1000,,,,-0.0625,0.040234375,-0.96494140625,-0.00007121430576807262,-0.002340121056360855,16.737571149923667,0.04366455544839561,0,0,0.7308385857569275,0,0,0,0,0.0921875,,
2.2634367500000168,1000,,,,-0.0625,0.040625,-0.9654296875,-0.00009757577341773799,-0.0017539622129598346,16.738050285445393,0.04299090571952621,0,0,0.7195841371462434,0,0,0,0,0.07373046875,,
2.7630537499999623,1000,,,,-0.0625,0.04052734375,-0.96513671875,-0.00007219616331533157,-0.0017213240126925198,16.73718619567583,0.043034733257237286,0,0,0.7202803891416683,0,0,0,0,0.06513671875,,
3.2634350000000096,1000,,,,-0.0625,0.04072265625,-0.96494140625,-0.00015936575175011497,-0.0022963615370546375,16.737304280405482,0.04433484548555984,0,0,0.742045827580624,0,0,0,0,0.06123046875,,
3.763629749999988,1000,,,,-0.0625,0.0404296875,-0.96494140625,-0.0001456478019370915,-0.002097538732021528,16.73769063795951,0.04312857339095331,0,0,0.7218726463153426,0,0,0,0,0.0591796875,,
4.263943000000063,1000,,,,-0.0625,0.04072265625,-0.96513671875,-0.00006359608474510703,-0.0018922649377263515,16.73813081928787,0.043332751947996614,0,0,0.7253091432562259,0,0,0,0,0.05859375,,
4.763891499999818,1023.3879499999875,,,,-0.0625,0.0404296875,-0.965625,-0.00015251852098960663,-0.001682874280550579,16.7373985808312,0.04150198201386885,0,0,0.6946343998468819,0,0,0,0,0.05859375,,
5.263695500000008,1073.3248749999843,,,,-0.0607421875,0.05478515625,-0.98076171875,0.0002006879365014428,-0.002114703079158021,16.733298702729687,0.12728431484192682,0,0,2.129842705450085,0,0,0,0,0.0943359375,,
5.763997000000019,1123.375999999989,,,,-0.03779296875,0.02734375,-0.971875,0.0010815050346547116,0.001479646356847936,16.723698129657244,0.3111604951843322,472.70497461168,0,5.203486475809203,0.5482027403670316,9.415854046607073,0.8636639532105853,0.00025022591815788053,0.2177734375,,
6.26337850000006,1173.3115499999892,,,,-0.031640625,-0.0115234375,-0.9796875,0.002078919253254651,0.00786089425928766,16.706459437601346,0.6274907856666264,937.55596758936,0,10.482503699342264,1.989965205763313,18.53818944743502,0.003970701310649902,0.0007309816103316159,0.416015625,,
6.763854249999905,1223.3419249999836,,,,-0.073828125,0.0001953125,-0.954296875,0.00370579887599549,0.018184948885802965,16.679492775542553,1.083642880973732,1243.7565315602399,0,18.0732777682461,4.642641058703665,25.540551583506556,0.003919762925582889,0.0009994573863226892,0.5298828125,,
7.2637662499999625,1273.3643749999806,,,,-0.062890625,0.143359375,-0.95322265625,0.0055891279734295455,0.0314190049979632,16.64116470743344,1.6763843108850462,1518.3317294848798,0,27.894784357197203,8.539494167240765,30.366528713157162,0.003729923850013352,0.001124755636123846,0.69248046875,,
7.76424750000015,1323.382574999985,,,,0.0091796875,-0.0349609375,-0.9931640625,0.00802570842562561,0.04633391994777985,16.58854050528931,2.4788565027480742,1759.39660577112,0,41.115384405165614,14.157286217650475,34.45181918219725,0.0032764481437182317,0.0011276723276151465,0.841796875,,
8.263225000000094,1373.3059499999877,,,,-0.081640625,-0.04091796875,-0.97373046875,0.01025953482737571,0.06102426976615464,16.523699471822866,3.4446929020068793,1987.3715126673599,0,56.914727566997406,20.441748869762122,35.82405766855175,0.0030001634240690096,0.001072499874262944,0.82470703125,,
8.763348499999987,1423.3262499999817,,,,-0.07099609375,0.03037109375,-0.995703125,0.012821558041134296,0.07858910017476031,16.463309297625905,4.291781152419237,2206.54996013352,0,70.65192827533274,28.354757310634604,40.04334228558529,0.002784209781004942,0.0011119498669409148,0.760546875,,
9.263427999999841,1473.3082499999866,,,,-0.025,0.0142578125,-0.91689453125,0.015694048495777057,0.09832660110770405,16.39054423981551,5.329426220264365,2444.57796352128,0,87.34468123236778,38.41478414440415,43.94157124218243,0.0025627287053796065,0.0011254660083359024,0.9001953125,,
9.76371099999994,1523.3358749999843,,,,-0.1390625,0.08681640625,-0.95625,0.018777092052488967,0.11925361225050761,16.30538661395577,6.578791474468943,2641.555822902,0,107.2590889856028,49.661725995285344,46.25989228184817,0.0024084324784922955,0.0011125736486298418,0.9033203125,,
10.264099500000059,1573.408174999986,,,,-0.0802734375,0.00205078125,-0.98984375,0.021931585690251835,0.14097533651530042,16.204272222056517,7.968981553899695,2855.2888431019196,0,129.12022816679817,62.67134321040881,48.50075379806431,0.0022531357187694284,0.0010921164851065797,0.75185546875,,
10.764421999999833,1623.4229499999856,,,,-0.05986328125,-0.04599609375,-0.9947265625,0.025154862345910012,0.16137877849284993,16.100172319346775,9.444213621792407,3038.9672935823996,0,152.03872382334947,76.4964963254002,50.294179894119864,0.0021121232101167318,0.0010619252954763743,0.72060546875,,
11.263222499999873,1673.3044999999834,,,,-0.0560546875,0.03994140625,-0.97412109375,0.028383175376525543,0.18249422537161983,15.982081130251057,11.012368449106473,3221.0749477360796,0,175.98436644580775,91.47878321607286,51.954976968355915,0.001997217746488743,0.0010372321371907777,0.8603515625,,
11.763900500000037,1723.3459499999888,,,,-0.02119140625,0.16962890625,-1.01201171875,0.03196153300287855,0.20621160103014793,15.8484102538137,12.848737069837636,3392.2917473572797,0,203.6079587483451,108.51662617237844,53.26184464143496,0.0019048771563605696,0.001013352811324719,1.02666015625,,
12.26466649999991,1773.4579749999853,,,,-0.00556640625,0.1263671875,-0.95732421875,0.035575852639294456,0.22801377934399328,15.676452528600624,15.348321933860797,3572.20028665344,0,240.55903182916578,127.10899330655093,52.88558836116236,0.0017953751441585504,0.0009488874071093281,1.4166015625,,
12.765322499999918,1823.5300249999866,,,,0.129296875,0.20869140625,-0.9498046875,0.039396332065091244,0.2530314793890389,15.489479821739234,17.989217904391964,3766.14127313568,0,278.6087789666404,148.42216348837766,53.261146370991995,0.00170592765069348,0.0009084151682195119,1.94912109375,,
13.26572825000007,1873.5384249999836,,,,0.0814453125,0.10888671875,-0.93818359375,0.04234223493255514,0.27798307813703443,15.330445270885372,19.993003797803294,3926.3624984692797,0,306.4823987714225,166.2780302141885,54.24955902514692,0.0016719918616198385,0.0009070019027808917,1.63505859375,,
13.765583999999984,1923.5486749999832,,,,-0.07802734375,0.046484375,-0.9640625,0.04441316004865846,0.3011959145454465,15.171403261006365,21.94932040969332,4071.3993593104797,0,332.96701776386516,180.85863146326318,54.31313064623282,0.0016660275510016146,0.0009047754614938694,2.05712890625,,
14.265415249999936,1973.5062999999877,,,,-0.2150390625,-0.0626953125,-0.9759765625,0.04775344788199071,0.32220445402240305,15.00643556678987,23.99358831304489,4112.868382338,0,360.05210700887557,196.37503562695218,54.53935194166276,0.0016421640590168595,0.0008948215184310653,2.38408203125,,
14.764836500000118,1999.9940749999994,,,,-0.07568359375,-0.180078125,-1.18046875,0.04806233171590666,0.3273860617530073,14.941330288219621,24.018455774071622,4114.85805768528,0,358.86858310398804,197.7845808153407,55.11056225475268,0.001656503799065915,0.0009122763532338575,2.4677734375,,
15.263706499999856,2000,,,,-0.264453125,0.00107421875,-0.95576171875,0.04724365145445663,0.3248465740539076,14.89874183825267,23.793386754385455,4084.5940484556,0,354.4922417462865,192.96979439797286,54.43604506133208,0.001684114606067864,0.0009163723356537562,2.4447265625,,
15.76442349999994,1978.6842999999844,,,,-0.24267578125,-0.08779296875,-0.99677734375,0.04669493464586514,0.3194276711175737,14.859958732202184,23.593571108617773,4089.72531645648,0,350.60006166280505,190.9710245155786,54.46989016860657,0.0016726459063939759,0.0009110865409850146,2.65146484375,,
16.26556200000001,1928.6991249999799,,,,-0.1484375,-0.0171875,-1.02451171875,0.04649608074104456,0.3149371299563805,14.850581076482595,22.915666060848,4025.74154607816,0,340.3004930111209,187.19340552972776,55.01623321470354,0.0016828244843551904,0.0009258937460346424,2.934765625,,
16.76407850000006,1878.8484999999832,,,,0.00263671875,0.104296875,-0.99453125,0.044137825363472764,0.2972879377314369,14.938592381564485,20.556022466589624,3853.05866988528,0,307.06124519519284,170.12188145937645,55.389945744728834,0.001748668823677721,0.0009683928003195172,2.2873046875,,
17.265475499999987,1828.708699999984,,,,-0.05224609375,0.1447265625,-0.91875,0.04178161982959018,0.27164722604565694,15.019959784344227,18.624509342854214,3661.1073587503197,0,279.7222685611654,152.99153934029613,54.70274144889979,0.001775652044256099,0.0009712776094069062,2.08779296875,,
17.76832775000012,1778.439349999978,,,,-0.084765625,-0.0986328125,-1.0072265625,0.038861927783211535,0.24657061866933033,15.149267887336682,16.060009830337506,3495.6501456607198,0,243.25896049820926,135.88193827993953,55.91012354014428,0.0018153122030952484,0.0010150431904353493,2.01337890625,,
18.267336750000062,1728.5100499999887,,,,-0.05703125,0.05927734375,-0.97119140625,0.035982909275944795,0.22520175765122352,15.285896490605362,13.532792387666229,3317.62656195672,0,206.83894169582013,119.43673407599708,57.73430669832154,0.0018868465087348181,0.0010891563959067757,1.7328125,,
18.764797999999992,1678.775399999986,,,,0.0267578125,-0.05400390625,-0.94287109375,0.0319375067462501,0.20174158544991463,15.400033799005069,11.637490710648589,3131.43483735336,0,179.2026003003901,100.06781762308417,55.81463268136798,0.0020182240186841613,0.0011260188496776036,1.39794921875,,
19.26503224999998,1628.755449999983,,,,-0.0740234375,0.09638671875,-0.9830078125,0.028484707685169773,0.17980906842819025,15.500203703634924,10.105706436883342,2942.1015200964,0,156.62898471695019,83.83958777156768,53.51621179842302,0.002147431143190163,0.0011482587194761593,1.16728515625,,
19.765532500000067,1578.6729749999836,,,,-0.08623046875,0.091796875,-0.9873046875,0.025523895046274347,0.15993422629722684,15.593748754855454,8.694838059456952,2795.07498390792,0,135.5746096661309,71.37584008655642,52.64277853792638,0.0022422012196544323,0.0011801796646200052,0.96708984375,,
20.26588299999996,1528.6753499999802,,,,-0.03447265625,0.04677734375,-1.03291015625,0.022890568879819582,0.142241280819943,15.687922650715672,7.303386021071768,2602.0764752217597,0,114.56444900683664,59.607953434161956,52.015638244304014,0.0023891858975815623,0.0012423820046617668,1.03701171875,,
20.765912249999865,1478.6550749999856,,,,-0.0845703125,0.0896484375,-0.85205078125,0.019937816410323307,0.12361223111850823,15.775123716186986,6.031880144655018,2395.77855763536,0,95.14550842729405,47.81280379893899,50.21612494874119,0.0025921805433422925,0.0013003125293830336,1.10546875,,
21.265263750000067,1428.7280499999838,,,,-0.0619140625,0.02421875,-1.00185546875,0.016531955009468642,0.10467981761275673,15.856586985657014,4.951650182203546,2202.98948845944,0,78.51066857750777,36.47153642345904,46.388382362115735,0.0028778947341259907,0.0013333686211480416,1.11396484375,,
21.76663475000006,1378.6195499999826,,,,-0.021484375,0.07265625,-0.95263671875,0.014022000258808018,0.08606982937654481,15.92130764017964,4.16228359838664,1983.18272246256,0,66.266303649218,27.85270420878076,41.96514902290696,0.0030966250442706752,0.0012977172388859905,0.8892578125,,
22.267048999999933,1328.5410249999813,,,,-0.05908203125,0.0052734375,-0.97275390625,0.011553398062547165,0.06894334176948587,15.977898576492612,3.479399350553815,1768.4025047114399,0,55.586556638903446,20.467774360816552,36.82960246416476,0.0033782466149816517,0.001243543428667808,0.7857421875,,
22.765640999999967,1278.6938249999846,,,,-0.06533203125,-0.015625,-0.97265625,0.009473511459148272,0.0557380944923753,16.059534284524638,2.314349090000665,1566.0839378196,0,37.16142892930108,14.878221802213588,40.084228649981696,0.0037685197108154747,0.001510401424918058,0.86455078125,,
23.265728499999977,1228.6895499999878,,,,-0.07353515625,0.053515625,-0.988671875,0.007141792399917052,0.042412901010635204,16.121053202968064,1.5622833916265102,1316.43204161352,0,25.18316198646854,9.44613499936012,37.38576903508873,0.004525724435562554,0.0016860754980172299,0.84345703125,,
23.767767750000026,1178.5181749999879,,,,-0.08603515625,0.028125,-0.96337890625,0.005229247571051533,0.029508474368607963,16.168324478565218,1.0121735868683015,1059.03088352856,0,16.362974246218464,5.592401995551995,33.95358294866359,0.005398454905396234,0.0018186169232083898,0.733984375,,
24.271106250000052,1128.1557499999917,,,,-0.0859375,-0.02392578125,-0.99150390625,0.003089015197128596,0.01759832769688687,16.20947304902377,0.5541962844824367,745.2904971890399,0,8.982137864204859,2.3387200884993837,25.71253958551342,0.007642734196253031,0.001950120074677722,0.677734375,,
24.76875975000011,1078.3750749999876,,,,-0.04853515625,0.0181640625,-0.9732421875,0.0018134547233607235,0.008847647839414047,16.244481534672794,0.2619965038809699,483.28166987879996,0,4.255359832028179,0.8815186270345927,20.99289361932065,0.009990905536182489,0.002075140148114776,0.55224609375,,
25.265811499999927,1028.682274999992,,,,-0.05791015625,0.04501953125,-0.96630859375,0.0007569143858273834,0.0030886491176482884,16.27198353098658,0.0890068701445408,47.123889803999994,0,1.4481088421278372,0.06238195369557831,2.6277368470109157,0.0008104562307764055,0.00021221799748902042,0.360546875,,
25.76463249999997,1000.107324999999,,,,-0.0625,0.04033203125,-0.96494140625,0.0006642233711045917,0.0010492990743782983,16.290572029560895,0.04750870111979972,0,0,0.7739462589011368,0,0,0,0,0.2009765625,,
26.264329749999945,1000,,,,-0.0625,0.04052734375,-0.96484375,0.0008726505423492563,0.0007131090613825775,16.305480189479844,0.0472335644511163,0,0,0.7701636197929019,0,0,0,0,0.12373046875,,
26.765153750000145,1000,,,,-0.0625,0.040625,-0.96474609375,0.0008889047254214491,0.0009252437499823706,16.317772777541233,0.04210597877981314,0,0,0.6870748176633247,0,0,0,0,0.08818359375,,
27.26550699999985,1000,,,,-0.0625,0.04033203125,-0.9654296875,0.0009400270093340324,0.0008681330982124128,16.32945243035437,0.04481883859399632,0,0,0.7318707652406355,0,0,0,0,0.07177734375,,
27.765431749999937,1021.1679000000051,,,,-0.0625,0.04052734375,-0.96552734375,0.0008789725503759171,0.0010308358413431496,16.33982435938677,0.04655819184849145,0,0,0.7607526881872959,0,0,0,0,0.0642578125,,
28.266479500000134,1071.0893750000012,,,,-0.0560546875,0.04287109375,-0.97666015625,0.0010265646327967206,0.0015796529181751721,16.345935483131687,0.12088932050430028,0,0,1.9760766174946667,0,0,0,0,0.0931640625,,
28.764834000000043,1120.9286500000028,,,,-0.08466796875,0.046875,-0.9802734375,0.0018544138598353237,0.004223694297359582,16.345691541086317,0.3071194798167419,390.70940635271995,0,5.020001297101891,0.8242630752724434,14.022074079460277,0.0038704402856342608,0.0005591540210439216,0.2044921875,,
29.265756250000003,1171.0006,,,,-0.0443359375,0.04189453125,-0.98671875,0.0028386407932607925,0.01009435653455442,16.338394700670058,0.6135529495775737,905.9306015431199,0,10.024144409594161,2.598914542148573,25.780603222103565,0.0038776251570138516,0.0009973750378733585,0.405859375,,
29.7669504999999,1221.1435250000045,,,,-0.1341796875,0.04736328125,-0.96943359375,0.0043113505557515796,0.019520140839957918,16.322249237909556,1.064156233238953,1194.6429664089599,0,17.36860066608572,5.197939618706348,29.686734096496007,0.003797885117277063,0.001119685872027784,0.51513671875,,
30.26615650000009,1271.0382750000003,,,,-0.06767578125,0.0458984375,-0.98017578125,0.006108660515126895,0.03147810817656935,16.29854011124891,1.611815145057654,1467.75208776192,0,26.268781588638767,9.005707872809566,34.17724381307631,0.0035104645743006396,0.0011977216266440946,0.6169921875,,
30.767529750000175,1321.203699999999,,,,-0.10615234375,0.11025390625,-0.9560546875,0.008162368876151679,0.044866375543108135,16.25738461806034,2.421510974575303,1706.7225689457598,0,39.361835030076456,13.967096530586923,35.59888126500514,0.003219136955077727,0.0011450003273376368,0.8169921875,,
31.266843499999954,1371.1238249999997,,,,-0.04736328125,0.021875,-0.9794921875,0.010355964615983485,0.0590605433452463,16.19892978236079,3.4889216860806878,1912.3921680014398,0,56.51348507919151,19.84319009523766,35.05571559534788,0.0029849436171843625,0.0010450282818563685,0.76708984375,,
31.765391999999984,1420.9797750000077,,,,-0.06015625,0.035546875,-0.9806640625,0.012877011649881188,0.07633925641345314,16.15539440673789,4.236655538420055,2148.63993555216,0,68.44201623261603,27.725389535059556,40.41220446008729,0.0027644677804203816,0.001114619130543026,0.68388671875,,
32.26612200000011,1471.0439749999998,,,,-0.02939453125,0.055859375,-0.88095703125,0.015519070222535883,0.09491181637636785,16.103072561573832,5.151157433283254,2357.66056677168,0,82.94381401576567,36.61299823549256,44.16645710862254,0.002593533720121512,0.0011442774144067836,0.86484375,,
32.76645525000016,1521.0852500000008,,,,-0.04306640625,0.07548828125,-0.9677734375,0.017937376475065887,0.11357192951327973,16.031515317051497,6.353820677811177,2586.68267121912,0,101.85334023695707,46.451869001759164,45.55469445039573,0.002451245088499131,0.0011155986487808567,0.9166015625,,
33.265715250000085,1571.010025000001,,,,-0.06103515625,-0.01357421875,-0.9869140625,0.021069104762318096,0.13346390825064508,15.949512753517192,7.679303478139934,2784.1841293754396,0,122.47102551214577,58.70569643738867,47.91175784896434,0.0022766812578757976,0.0010902939502127622,0.85029296875,,
33.76670124999997,1621.122399999999,,,,-0.057421875,0.00322265625,-0.96494140625,0.02416615816882926,0.15398847837591237,15.858696394422598,9.092441420887564,2962.5218723447997,0,144.18202435906647,71.63965661215161,49.66813805256017,0.00215198100066454,0.0010684756549858524,0.74765625,,
34.26625549999987,1671.0801500000002,,,,-0.06923828125,-0.04775390625,-0.941015625,0.02688749226709459,0.17297964856410047,15.76063684017626,10.623018396277843,3140.7548955590396,0,167.4124851862574,84.4937836329028,50.45295003797881,0.002049203843219989,0.00103355138744883,0.805859375,,
34.76485750000011,1720.9188000000013,,,,-0.04111328125,0.00498046875,-0.9818359375,0.030460921858268413,0.1934766097771778,15.650074278690246,12.372533535864273,3334.59116228616,0,193.61284698600693,101.64141588739705,52.46565653882847,0.0019064559920291056,0.00099969385716183,0.93720703125,,
35.26641150000002,1771.0863499999982,,,,-0.17099609375,-0.2224609375,-1.0400390625,0.034332838406486,0.21901807964634695,15.512883823375441,14.590929143602455,3497.74454076312,0,226.30916048089944,120.1506246722148,53.100371062163596,0.0018252491677504766,0.0009685415519887226,1.25009765625,,
35.766040500000074,1821.0499500000035,,,,-0.20986328125,-0.18798828125,-1.0138671875,0.03809605968714776,0.24135772290470997,15.340525802891046,17.400932300518257,3680.68995295776,0,266.90358667643517,140.2719708417094,52.55545440493093,0.0017219133333414179,0.0009048040738002692,1.771875,,
36.265295000000066,1870.9702250000032,,,,0.0125,0.2234375,-0.97607421875,0.04173180343358417,0.2647890523071693,15.19178471007803,19.56458180247665,3837.66486588264,0,297.20431636739517,160.1872770901869,53.887501692600566,0.0016534469039119822,0.000890887670516804,1.7421875,,
36.765589499999955,1920.9827249999987,,,,0.10341796875,0.14560546875,-0.97685546875,0.04354778220063058,0.287650162762779,15.055850987349046,21.36893103722594,3992.75482321536,0,321.700129905759,173.89423605622983,54.061169898609215,0.0016541962836518066,0.0008942566166766825,1.68916015625,,
37.26782675000001,1971.2216000000058,,,,-0.1490234375,-0.03779296875,-1.0046875,0.046256194432984024,0.30988624860817343,14.908260544519447,23.392320426795926,4101.2444895196795,0,348.7309235510196,189.70507786278932,54.39701541474934,0.0016333996312166733,0.0008885241474988655,2.0265625,,
37.76615400000009,1999.8786000000018,,,,-0.06298828125,-0.0193359375,-0.983203125,0.04703454214865042,0.3174741108231631,14.842525154523099,23.526257740725093,4027.9406609356797,0,349.1897654713906,189.45217603640688,54.25671142465792,0.0016775937404678407,0.0009091780352466635,2.3365234375,,
38.26528149999994,2000,,,,-0.02451171875,0.12734375,-1.02060546875,0.04718687480063925,0.31453204250217537,14.79926916684244,23.356617344151623,4054.85363800152,0,345.6613710256291,191.3346533815145,55.353371887475966,0.0016438801243034162,0.0009099409057688529,2.94853515625,,
38.76491000000016,1981.3319749999937,,,,-0.01220703125,0.0712890625,-0.96708984375,0.04681154172118278,0.3109298291625343,14.764235633740558,23.18951667209039,4036.1088018350397,0,342.375862035931,188.93467568572018,55.18341834930376,0.001645701174270289,0.0009081538531561916,3.12431640625,,
39.26570625000005,1931.6941249999898,,,,0.0404296875,0.2060546875,-1.05087890625,0.046173984460918624,0.3069368975378201,14.751575210393904,22.627588916438917,3947.20172973816,0,333.78593746445756,182.28851975376946,54.61088404883552,0.0016859155106832846,0.000919844784093287,2.61396484375,,
39.76614575000001,1881.6530249999887,,,,-0.14453125,-0.21435546875,-0.9134765625,0.04342913951963441,0.2901391820869331,14.82397363535514,20.441276591261254,3809.07637273488,0,303.0078167411102,165.46831279886302,54.60105150165795,0.0017542588691655306,0.0009577310736891972,2.12314453125,,
40.26523700000001,1831.731099999995,,,,0.16201171875,0.20478515625,-0.9494140625,0.04136558556746471,0.2662304493963883,14.89629623648664,18.626904048836927,3611.36547506832,0,277.4572116083718,149.40648619471318,53.85638722810249,0.0017818295511199526,0.0009595781162484371,2.2171875,,
40.767043499999964,1781.5593749999928,,,,-0.08359375,-0.13271484375,-0.93671875,0.038736477701684084,0.24082399864099474,15.015950548499651,15.794166669573622,3456.1707979804796,0,237.13299537827191,133.92520254849921,56.51235851443315,0.0017992142867302209,0.0010168461468236924,2.01298828125,,
41.26573875000002,1731.68594999999,,,,-0.0771484375,0.04189453125,-0.96826171875,0.03529819135702841,0.21997412423870868,15.129562279746182,13.446300044299122,3286.73423419632,0,203.41986903534038,116.06210360978646,57.04955010797422,0.0018967496563048216,0.0010819289123706198,1.72099609375,,
41.76512075000005,1681.7321749999926,,,,0.0080078125,0.0380859375,-1.02998046875,0.03159028388859747,0.19803077075813585,15.22989071566968,11.589625836467023,3082.9495907327996,0,176.49440357641987,97.42133949920367,55.18946675634155,0.0020346071297598104,0.0011223358734690752,1.36982421875,,
42.266418500000064,1631.635674999991,,,,-0.0181640625,0.01728515625,-1.00107421875,0.02821146663246852,0.17537043562231766,15.317307571210312,10.019027112398092,2932.78146189072,0,153.4539680189871,82.78016863959535,53.93088675433495,0.002120504684114917,0.0011433406438568544,1.13173828125,,
42.765846249999996,1581.6457249999871,,,,-0.04072265625,0.07099609375,-0.99541015625,0.025265109330964486,0.15680549764306811,15.401088162048216,8.590495049376472,2769.20920439328,0,132.29314636865178,70.01134895319623,52.89799197775807,0.0022426963588303883,0.0011858998700245156,0.9529296875,,
43.26615149999988,1531.651974999993,,,,-0.02431640625,0.0583984375,-0.9517578125,0.022305749933081334,0.13904727186195537,15.484765405814883,7.246692799041088,2585.0071551372,0,112.20455940342133,57.70383494243079,51.41279058365509,0.00241267755053797,0.0012400808213623021,1.00185546875,,
43.76701450000009,1481.5586499999927,,,,-0.01962890625,-0.01650390625,-0.875390625,0.01917420414945381,0.12080411737099606,15.562371067274858,5.9643912521389755,2398.1871120031196,0,92.81260336314674,46.040203507389464,49.54823003738771,0.0026319677144209753,0.0013027534311790454,1.07529296875,,
44.26597125000004,1431.6949999999904,,,,-0.03046875,0.026953125,-0.968359375,0.016174601147077836,0.10283628977393648,15.634376805514695,4.898414617661538,2193.0411117230396,0,76.57876740916707,35.52578348816266,46.31430448650492,0.0029044234122379948,0.0013431481104415155,1.060546875,,
44.76711800000006,1381.544124999993,,,,-0.070703125,-0.0669921875,-1.005859375,0.013207115252528817,0.08468485682432714,15.692252730154483,4.154108387472564,1969.0455555213598,0,65.18529171505354,26.060526722746335,39.894856573710186,0.003262107173896732,0.0012978731194394967,0.8271484375,,
45.268646000000004,1331.4177999999945,,,,-0.0076171875,0.01474609375,-0.97763671875,0.010729280991259992,0.06791749584692483,15.745755089073986,3.4731279161526403,1760.9674020979198,0,54.6790852214138,18.922389999729305,34.70034203999751,0.0035941962348602793,0.001247107225611231,0.7599609375,,
45.7662502499999,1281.6263249999927,,,,-0.05078125,-0.0689453125,-1.006640625,0.00885650041258339,0.054399552749445544,15.820867633278407,2.286727903274794,1563.8848229620799,0,36.17270295764692,13.887917230259632,38.43793703208243,0.003934749134991861,0.0015121499786124102,0.84267578125,,
46.265528000000174,1231.7141999999876,,,,-0.01328125,0.01650390625,-0.97763671875,0.006591663569693475,0.040957272225907816,15.881870554232568,1.5446868464147252,1323.34354545144,0,24.529924751901557,8.772865207492412,35.56732747856068,0.0047225885991317865,0.0016719403695224608,0.83115234375,,
46.76651449999996,1181.6102749999984,,,,-0.044921875,0.10224609375,-0.9560546875,0.00464822260341465,0.029163407586685404,15.931744857150665,1.0068718367325,1065.10462932552,0,16.03905735568114,4.99150377601921,30.987906275995222,0.0059256830292685175,0.0018300572668712802,0.7091796875,,
47.265910000000005,1131.6893499999946,,,,-0.04970703125,0.04638671875,-0.97099609375,0.0028909546083934682,0.017366947992017445,15.975495414560257,0.5610652311867707,767.072206254,0,8.962133143938654,2.2535190004324357,24.80581132108674,0.007941440965374354,0.0019470091735126285,0.63544921875,,
47.76677550000007,1081.5938749999964,,,,-0.02392578125,0.01865234375,-0.9720703125,0.0014913831298848288,0.008689741416998811,16.01185360016637,0.2641862000060181,578.47192728288,0,4.229492752751853,0.8646355342854857,20.3038393841164,0.010197957397233887,0.0020457332559776715,0.5380859375,,
48.26696775000006,1031.5619749999928,,,,-0.0453125,0.0361328125,-0.96728515625,0.00041148878711225916,0.002922429820178448,16.040842424933413,0.09239854594961217,78.43509658488,0,1.4819008312088402,0.05974324957480444,2.503651075159966,0.001776074769325988,0.00029556398791277284,0.34677734375,,
48.7659955000001,1000.3687749999993,,,,-0.0625,0.04033203125,-0.9646484375,0.0004228369629238167,0.0011231780996566912,16.063770683065663,0.04894179834165968,0,0,0.7861819675139776,0,0,0,0,0.19306640625,,
49.26557800000012,1000,,,,-0.0625,0.04033203125,-0.965234375,0.0006300976727793786,0.0009568968713403505,16.081612522164455,0.04542485004176893,0,0,0.7305077300946465,0,0,0,0,0.12041015625,,
49.76625975000011,1000,,,,-0.0625,0.040234375,-0.9654296875,0.0007390037375143723,0.0012406523962502402,16.096472353661508,0.04392148936908477,0,0,0.706984457112413,0,0,0,0,0.08662109375,,
50.266594250000125,1000,,,,-0.0625,0.04033203125,-0.9650390625,0.0007364954531678532,0.000844660618739306,16.10981957232839,0.046598265462137356,0,0,0.7506895125677007,0,0,0,0,0.07109375,,
50.76666450000005,1016.9975750000027,,,,-0.0625,0.04072265625,-0.96484375,0.0006698113890033156,0.0007792625212498922,16.120733070669658,0.046669703446096625,0,0,0.7523508944716247,0,0,0,0,0.06396484375,,
51.26934449999989,1066.5234249999962,,,,-0.04921875,0.03251953125,-0.9787109375,0.0008212661891821391,0.0007828034390635128,16.128940721555356,0.11094138877862676,0,0,1.7894024491241822,0,0,0,0,0.0810546875,,
51.7663795000001,1116.2201749999963,,,,-0.04873046875,0.01826171875,-0.984765625,0.0017057445072349426,0.003519271794402045,16.13173531625762,0.2794338961324034,306.30528372599997,0,4.507754767859129,0.5993976580403072,10.900844279665577,0.001929018597937198,0.000415796514262993,0.18955078125,,
52.266332250000026,1166.2333249999983,,,,-0.05126953125,0.069140625,-0.953125,0.002714893192575477,0.00949398820554772,16.12757476779136,0.5695730994137542,866.76541312824,0,9.185577128668319,2.3821230013268284,25.73313688400983,0.0040038285243637565,0.0010274246505494928,0.4029296875,,
52.76672374999998,1216.2541749999968,,,,-0.07568359375,-0.00185546875,-0.9224609375,0.003951260652536278,0.018850055245946424,16.115988381846844,0.9963404348210533,1167.72998934312,0,16.056403689891134,4.649339097962523,28.792368415091175,0.004067307232356015,0.0011680981082271373,0.48466796875,,
53.266270749999954,1266.2302249999968,,,,0.0025390625,-0.00673828125,-0.98876953125,0.005843104096425061,0.030656043925623044,16.09620024641966,1.528462590225027,1432.35681053136,0,24.60123708418313,8.417746631408694,34.013442018872546,0.0036790237613415675,0.001245741543207063,0.578515625,,
53.76615675000003,1316.20275,,,,-0.0828125,0.12568359375,-0.91796875,0.007814720674617878,0.04414344894871775,16.064340189086565,2.2533042958748792,1670.8036929395998,0,36.19434814003211,13.08545611837965,36.25878875617645,0.0033774730320032626,0.0012239140110823763,0.76103515625,,
54.26842174999994,1366.4242750000017,,,,-0.09404296875,0.001953125,-0.994921875,0.009685500057625038,0.05780712139157492,16.01059069656161,3.3547616450711586,1879.1960056284,0,53.707600817726686,18.23506753135232,33.94059537882157,0.003178722295912662,0.0010780711108604013,0.805859375,,
54.76704849999999,1416.2825749999956,,,,-0.08623046875,-0.0515625,-0.977734375,0.011884904470034081,0.07295539771345197,15.967324770419205,4.102465218895398,2109.78890640264,0,65.50270498489571,25.128387976608124,38.26893687286058,0.002914677438008974,0.0011129933634709123,0.7236328125,,
55.267541999999935,1466.3353000000054,,,,-0.04677734375,-0.0052734375,-0.9310546875,0.0147579779761511,0.09028252645248744,15.918891872338694,4.964136250675609,2322.89360807184,0,79.01914135244911,34.31972592371378,43.39087579294562,0.0026366760366527365,0.0011425080083238832,0.81259765625,,
55.766872500000105,1516.2742250000017,,,,0.05224609375,-0.00458984375,-0.93720703125,0.017265120478850884,0.10895764836361324,15.856326083800601,6.056376932122816,2542.072055538,0,96.02467244111085,43.93499342523116,45.72737200149068,0.0024831270941828043,0.0011350110178165542,0.86875,,
56.26702674999997,1566.2852999999973,,,,-0.03271484375,0.04677734375,-0.97490234375,0.019917793381147533,0.1285148669804035,15.779548457696027,7.381358966783749,2743.0292656132797,0,116.46526137638273,54.67791088184619,46.93143329852243,0.0023528023156353106,0.001103861860457608,0.84189453125,,
56.7667185,1616.2876999999983,,,,-0.0216796875,0.04951171875,-0.97900390625,0.02265991890064183,0.1481801102808371,15.697301526114705,8.762524489798555,2906.18264409024,0,137.53705635484104,65.90717367064751,47.89463879569613,0.0022523112567607692,0.0010777073372239996,0.75693359375,,
57.267686500000025,1666.3337,,,,-0.106640625,0.1203125,-1.015625,0.025508162724500995,0.16801357922218504,15.602181915134372,10.282742609126988,3094.36404404088,0,160.42129055444963,78.97573692912646,49.21517727988201,0.0021293516884481308,0.0010476512370437955,0.77490234375,,
57.766753749999964,1716.2768750000037,,,,-0.06875,-0.02392578125,-0.993359375,0.029343824669411094,0.18999997122042783,15.500679977539685,11.975698378660274,3284.43039958368,0,185.61488982563415,96.44540774483077,51.922818918543115,0.0019734593069027683,0.001023998612839605,0.95458984375,,
58.26786325000013,1766.3504750000043,,,,-0.00458984375,0.0552734375,-0.93515625,0.033137598086282465,0.21250691242312164,15.379864723302347,13.95961695761324,3474.49675512648,0,214.67299845452925,115.19085745299176,53.64969773116367,0.001846475011273697,0.0009903780826118972,1.22373046875,,
58.76693475000002,1816.2787749999964,,,,-0.03505859375,0.0427734375,-0.98837890625,0.03673578882294132,0.2345952952925309,15.221403623093243,16.697820399255754,3644.87579670672,0,254.1264038752301,133.9445192448896,52.721347618913626,0.001752419612685892,0.0009238523242960167,1.66494140625,,
59.26827700000018,1866.400099999999,,,,-0.00556640625,0.068359375,-1.0541015625,0.03983756356184583,0.2560519536152327,15.075570417973353,19.021970994154863,3809.80941102072,0,286.75001193215854,151.80662528928343,52.930978984120166,0.001687096278081762,0.0008929116539498887,1.76318359375,,
59.76768200000008,1916.3338249999929,,,,0.07900390625,0.20556640625,-0.98056640625,0.041539778112061554,0.27946230764088026,14.955459489999953,20.725530405975782,3966.0512856597597,0,309.9369963513714,164.76492009088676,53.16784027770225,0.0016962052350438495,0.0009018241641705347,1.65673828125,,
60.26782875000006,1966.3714749999988,,,,-0.08828125,0.17666015625,-0.9466796875,0.04455454695520244,0.3010690345837509,14.814505311348716,22.85787003923117,4078.8344619239997,0,338.6145984831611,181.73402337370507,53.666223368126865,0.0016567273138526535,0.0008890464503620516,1.99375,,
60.766906000000105,1999.3064500000014,,,,-0.0537109375,0.0486328125,-1.00078125,0.046663053178288845,0.31108495059116603,14.748643373377567,23.15999056321743,4065.7444925339996,0,341.57903323237275,189.71874276459238,55.542171531478594,0.0016397397826012634,0.0009107328103195667,2.51640625,,
61.26614249999998,2000,,,,-0.0609375,0.04462890625,-1.00849609375,0.04591317381230657,0.30802307850499905,14.711266421948284,22.9859882753063,4042.81086616272,0,338.1534807063898,185.62168898161684,54.89188591073141,0.0016594703762649048,0.0009108909373183501,2.76923828125,,
61.76688350000004,1983.3043999999973,,,,-0.02294921875,-0.1685546875,-0.89462890625,0.045064180106508755,0.3034076331496201,14.678912671653688,22.83198473261359,4023.8565904859997,0,335.1490716429704,181.33255124701049,54.10472687162137,0.0016732341544952074,0.0009052914112776313,2.27607421875,,
62.268350250000026,1934.0287999999855,,,,0.043359375,-0.00283203125,-0.983203125,0.04477119608159763,0.3013661720814054,14.664943639705019,22.360048594125264,3948.5630865547196,0,327.90424025161946,176.7842670836183,53.92487016085725,0.0017055071080546162,0.0009193455371054483,1.99013671875,,
62.76960224999999,1883.8839749999868,,,,-0.023046875,0.24052734375,-1.069921875,0.04288753099365254,0.2871984892015172,14.726220390639373,20.252340918918524,3779.5454017910397,0,298.22980463957344,162.1493196493499,54.3563626523424,0.001772966497414708,0.0009631455168788315,1.78916015625,,
63.268648500000026,1833.9859749999864,,,,0.10927734375,0.22763671875,-0.98203125,0.0404585919908089,0.26326822329970734,14.792419997034111,18.365529414055995,3611.57491457856,0,271.65562746302646,146.14898643942183,53.806301806177395,0.001801567514953807,0.0009693262540094392,1.9837890625,,
63.77067074999999,1783.7745999999856,,,,-0.14677734375,-0.08447265625,-0.99814453125,0.03746060402535881,0.2401140236276343,14.903563382574308,15.597354872451017,3440.98643348808,0,232.42830582683928,128.9263722739187,55.51630356875106,0.0018641790714014263,0.0010344734568593053,1.8634765625,,
64.26905825000014,1733.9576749999856,,,,-0.0322265625,0.0578125,-0.98251953125,0.033988518630113373,0.21847663186005603,15.006622845605495,13.281846070565711,3264.21948684552,0,199.3003461693291,110.96593280916359,55.693454114155585,0.0019697272212294255,0.0010967215916203757,1.62841796875,,
64.77121699999991,1683.7441249999877,,,,-0.08076171875,0.08017578125,-1.0099609375,0.030984857327704757,0.1954580701357267,15.095232882556951,11.441890160727432,3069.3360225672,0,172.70674409952647,95.15823884016336,55.082274279518366,0.002056763754569078,0.0011320100898253326,1.3078125,,
65.2698555,1633.8689749999915,,,,-0.03984375,0.0041015625,-0.99462890625,0.027622161495861452,0.1738246772162943,15.17314354358229,9.911542591139725,2922.1000468684797,0,150.37998741518098,80.755919033568,53.68210523840097,0.0021545741107230855,0.0011562880682010517,1.0966796875,,
65.7690235,1583.9353249999883,,,,-0.03544921875,0.064453125,-0.99130859375,0.024720418058220003,0.15600441918014252,15.247965706865054,8.516856707468527,2757.16643255448,0,129.85678867185757,68.20303429760499,52.49952454022896,0.0022905762373126777,0.0012020827523777319,0.9572265625,,
66.26877900000001,1533.9606499999877,,,,-0.13837890625,0.01904296875,-0.8998046875,0.021895644546848343,0.1378633428119702,15.32009547382413,7.187825296276394,2562.38768803128,0,110.11057079682841,56.157987561707294,50.967887175610755,0.0024597242007396458,0.0012527177727205225,0.9740234375,,
66.76722075000015,1484.1259499999887,,,,0.021875,0.0439453125,-0.9041015625,0.019011611293867116,0.12071461419749693,15.389966092626201,5.919217753203881,2385.5160216336,0,91.08949923085041,45.405906027278014,49.8061496924893,0.002665763254325176,0.0013267291306712013,1.028515625,,
67.26930774999991,1433.928399999984,,,,-0.0412109375,0.01875,-1.00166015625,0.015943867033928527,0.10036079367403963,15.454832596679875,4.8729224151057435,2177.9614669857597,0,75.30617746817155,34.77832772348462,46.105787782913005,0.0028957303777783967,0.0013329773417289827,1.0544921875,,
67.7683315,1383.9974499999835,,,,-0.01142578125,0.10439453125,-0.94453125,0.013560150873096893,0.08426611250343755,15.502389267592926,4.156298686313776,1962.1340516834398,0,64.43098564969839,26.651656011448758,41.2961255309517,0.003169723092918857,0.0013067273006573342,0.83056640625,,
68.26851974999997,1334.0096999999855,,,,-0.00908203125,0.02509765625,-0.97724609375,0.01098946388677247,0.06786010617691698,15.549595429761789,3.4401342802610015,1756.4644526277598,0,53.48554834325013,19.334553158469,36.21974437042725,0.003521652700571142,0.0012760204387119898,0.7259765625,,
68.7698160000001,1283.8444999999865,,,,-0.02470703125,0.0109375,-0.94423828125,0.009022603897827521,0.05538918041608919,15.614790857239473,2.2789353776194137,1554.87892402176,0,35.58082119015129,14.062436339629851,39.58611102336609,0.003954232102501455,0.0015653827200446577,0.8240234375,,
69.26733999999996,1234.1011749999868,,,,-0.109375,0.08681640625,-0.944921875,0.006938319507890349,0.04143308053168704,15.666340734719407,1.55894588637779,1312.1385316536,0,24.4209255003789,9.141255498837879,37.30079358580201,0.004549154433410636,0.001693719393706865,0.818359375,,
69.76715875000005,1184.1473999999882,,,,0.0091796875,-0.00419921875,-0.9755859375,0.004909918109321531,0.026205102849638888,15.707177422471275,1.024802938818555,1065.41878859088,0,16.095010795351097,5.276818596668582,32.5829349386356,0.005031974192567754,0.0016322935596283343,0.72099609375,,
70.26890925000006,1133.9368499999841,,,,-0.0357421875,-0.01259765625,-0.9814453125,0.0030155742811238846,0.014705161544066125,15.74257493685837,0.5777282719152608,768.85244209104,0,9.094010861623202,2.3617616308090907,25.49728885825436,0.006407864916580887,0.0016127811628744355,0.64072265625,,
70.76798474999997,1084.0329749999908,,,,-0.05830078125,0.04638671875,-0.98525390625,0.0015533047605712775,0.005879616365676995,15.770336983047837,0.27954615772510244,493.7536453908,0,4.408042194676579,0.7776499060310924,17.533319576874657,0.007458652387446252,0.0012910255793762888,0.54736328125,,
71.26746725000001,1034.1061749999835,,,,-0.0435546875,0.02333984375,-0.970703125,0.000514769392403051,-0.00019873376051670507,15.791614039316263,0.09980982625888764,85.97491895351999,0,1.5759607695304787,0.07735992459638011,3.1300098368880227,0.0010397175362611237,0.00016288412831379153,0.3521484375,,
71.76684250000008,1000.7738999999968,,,,-0.0625,0.04052734375,-0.96484375,0.00026417025337995925,-0.0023720792109833758,15.808070918343256,0.05106109930586324,0,0,0.8071686147421909,0,0,0,0,0.19609375,,
72.26651074999994,1000,,,,-0.0625,0.04033203125,-0.96494140625,0.0007053101931520395,-0.0021931637049190738,15.820313909452356,0.046759236540632985,0,0,0.7397495875589878,0,0,0,0,0.12177734375,,
